original_archive_path,windows_safe_archive_path
local_governments/tainan/evaluation_criteria/tainan_annan_land_office_regional_individual_factor_criteria_2015/#U5b89#U5357#U6240(104#U5e74#U4e8c#U7248)/#U4f4f#U5b85#U7528#U5730/#U81fa#U5357#U5e02#U5b89#U5357#U5340#U5f71#U97ff#U4f4f#U5b85#U7528#U5730#U5730#U50f9#U500b#U5225#U56e0#U7d20#U660e#U7d30#U8868.pdf,local_governments/tainan/evaluation_criteria/expanded/tainan_annan_land_office_regional_individual__0035_5e1c91e2b5.pdf
local_governments/tainan/evaluation_criteria/tainan_annan_land_office_regional_individual_factor_criteria_2015/#U5b89#U5357#U6240(104#U5e74#U4e8c#U7248)/#U4f4f#U5b85#U7528#U5730/#U81fa#U5357#U5e02#U5b89#U5357#U5340#U5f71#U97ff#U4f4f#U5b85#U7528#U5730#U5730#U50f9#U5340#U57df#U56e0#U7d20#U660e#U7d30#U8868.pdf,local_governments/tainan/evaluation_criteria/expanded/tainan_annan_land_office_regional_individual__0036_1a62e544d9.pdf
local_governments/tainan/evaluation_criteria/tainan_annan_land_office_regional_individual_factor_criteria_2015/#U5b89#U5357#U6240(104#U5e74#U4e8c#U7248)/#U4f4f#U5b85#U7528#U5730/Thumbs.db,local_governments/tainan/evaluation_criteria/expanded/tainan_annan_land_office_regional_individual__0037_3d1c8cd6c1.db
local_governments/tainan/evaluation_criteria/tainan_annan_land_office_regional_individual_factor_criteria_2015/#U5b89#U5357#U6240(104#U5e74#U4e8c#U7248)/#U5176#U4ed6#U7528#U5730/#U81fa#U5357#U5e02#U5b89#U5357#U5340#U5f71#U97ff#U5176#U4ed6#U7528#U5730#U5730#U50f9#U500b#U5225#U56e0#U7d20#U660e#U7d30#U8868.pdf,local_governments/tainan/evaluation_criteria/expanded/tainan_annan_land_office_regional_individual__0038_7e9a349549.pdf
local_governments/tainan/evaluation_criteria/tainan_annan_land_office_regional_individual_factor_criteria_2015/#U5b89#U5357#U6240(104#U5e74#U4e8c#U7248)/#U5176#U4ed6#U7528#U5730/#U81fa#U5357#U5e02#U5b89#U5357#U5340#U5f71#U97ff#U5176#U4ed6#U7528#U5730#U5730#U50f9#U5340#U57df#U56e0#U7d20#U660e#U7d30#U8868.pdf,local_governments/tainan/evaluation_criteria/expanded/tainan_annan_land_office_regional_individual__0039_237729a524.pdf
local_governments/tainan/evaluation_criteria/tainan_annan_land_office_regional_individual_factor_criteria_2015/#U5b89#U5357#U6240(104#U5e74#U4e8c#U7248)/#U5176#U4ed6#U7528#U5730/Thumbs.db,local_governments/tainan/evaluation_criteria/expanded/tainan_annan_land_office_regional_individual__0040_87aff3f070.db
local_governments/tainan/evaluation_criteria/tainan_annan_land_office_regional_individual_factor_criteria_2015/#U5b89#U5357#U6240(104#U5e74#U4e8c#U7248)/#U5546#U696d#U7528#U5730/#U81fa#U5357#U5e02#U5b89#U5357#U5340#U5f71#U97ff#U5546#U696d#U7528#U5730#U5730#U50f9#U500b#U5225#U56e0#U7d20#U660e#U7d30#U8868.pdf,local_governments/tainan/evaluation_criteria/expanded/tainan_annan_land_office_regional_individual__0041_e0880ea883.pdf
local_governments/tainan/evaluation_criteria/tainan_annan_land_office_regional_individual_factor_criteria_2015/#U5b89#U5357#U6240(104#U5e74#U4e8c#U7248)/#U5546#U696d#U7528#U5730/#U81fa#U5357#U5e02#U5b89#U5357#U5340#U5f71#U97ff#U5546#U696d#U7528#U5730#U5730#U50f9#U5340#U57df#U56e0#U7d20#U660e#U7d30#U8868.pdf,local_governments/tainan/evaluation_criteria/expanded/tainan_annan_land_office_regional_individual__0042_79ac9d09d9.pdf
local_governments/tainan/evaluation_criteria/tainan_annan_land_office_regional_individual_factor_criteria_2015/#U5b89#U5357#U6240(104#U5e74#U4e8c#U7248)/#U5546#U696d#U7528#U5730/Thumbs.db,local_governments/tainan/evaluation_criteria/expanded/tainan_annan_land_office_regional_individual__0043_bc056e1010.db
local_governments/tainan/evaluation_criteria/tainan_annan_land_office_regional_individual_factor_criteria_2015/#U5b89#U5357#U6240(104#U5e74#U4e8c#U7248)/#U5de5#U696d#U7528#U5730/#U81fa#U5357#U5e02#U5b89#U5357#U5340#U5f71#U97ff#U5de5#U696d#U7528#U5730#U5730#U50f9#U500b#U5225#U56e0#U7d20#U660e#U7d30#U8868.pdf,local_governments/tainan/evaluation_criteria/expanded/tainan_annan_land_office_regional_individual__0044_fc10a2b016.pdf
local_governments/tainan/evaluation_criteria/tainan_annan_land_office_regional_individual_factor_criteria_2015/#U5b89#U5357#U6240(104#U5e74#U4e8c#U7248)/#U5de5#U696d#U7528#U5730/#U81fa#U5357#U5e02#U5b89#U5357#U5340#U5f71#U97ff#U5de5#U696d#U7528#U5730#U5730#U50f9#U5340#U57df#U56e0#U7d20#U660e#U7d30#U8868.pdf,local_governments/tainan/evaluation_criteria/expanded/tainan_annan_land_office_regional_individual__0045_30a38dbca5.pdf
local_governments/tainan/evaluation_criteria/tainan_annan_land_office_regional_individual_factor_criteria_2015/#U5b89#U5357#U6240(104#U5e74#U4e8c#U7248)/#U5de5#U696d#U7528#U5730/Thumbs.db,local_governments/tainan/evaluation_criteria/expanded/tainan_annan_land_office_regional_individual__0046_22b8ee7bd4.db
local_governments/tainan/evaluation_criteria/tainan_annan_land_office_regional_individual_factor_criteria_2015/#U5b89#U5357#U6240(104#U5e74#U4e8c#U7248)/#U8fb2#U696d#U7528#U5730/#U81fa#U5357#U5e02#U5b89#U5357#U5340#U5f71#U97ff#U8fb2#U696d#U7528#U5730#U5730#U50f9#U500b#U5225#U56e0#U7d20#U660e#U7d30#U8868.pdf,local_governments/tainan/evaluation_criteria/expanded/tainan_annan_land_office_regional_individual__0047_fa1b42585a.pdf
local_governments/tainan/evaluation_criteria/tainan_annan_land_office_regional_individual_factor_criteria_2015/#U5b89#U5357#U6240(104#U5e74#U4e8c#U7248)/#U8fb2#U696d#U7528#U5730/#U81fa#U5357#U5e02#U5b89#U5357#U5340#U5f71#U97ff#U8fb2#U696d#U7528#U5730#U5730#U50f9#U5340#U57df#U56e0#U7d20#U660e#U7d30#U8868.pdf,local_governments/tainan/evaluation_criteria/expanded/tainan_annan_land_office_regional_individual__0048_b72747434f.pdf
local_governments/tainan/evaluation_criteria/tainan_annan_land_office_regional_individual_factor_criteria_2015/#U5b89#U5357#U6240(104#U5e74#U4e8c#U7248)/#U8fb2#U696d#U7528#U5730/Thumbs.db,local_governments/tainan/evaluation_criteria/expanded/tainan_annan_land_office_regional_individual__0049_65601b0b1f.db
local_governments/tainan/evaluation_criteria/tainan_baihe_land_office_regional_individual_factor_criteria_2015/#U767d#U6cb3#U6240/#U5f8c#U58c1#U5340/#U4f4f#U5b85#U7528#U5730/#U666e#U901a#U4f4f#U5b85#U7528#U5730/#U5f8c#U58c1#U5340#U500b#U5225#U56e0#U7d20-#U4f4f#U5b85#U7528#U5730.pdf,local_governments/tainan/evaluation_criteria/expanded/tainan_baihe_land_office_regional_individual__0050_4d855d11b9.pdf
local_governments/tainan/evaluation_criteria/tainan_baihe_land_office_regional_individual_factor_criteria_2015/#U767d#U6cb3#U6240/#U5f8c#U58c1#U5340/#U4f4f#U5b85#U7528#U5730/#U666e#U901a#U4f4f#U5b85#U7528#U5730/#U5f8c#U58c1#U5340#U5340#U57df#U56e0#U7d20-#U666e#U901a#U4f4f#U5b85.pdf,local_governments/tainan/evaluation_criteria/expanded/tainan_baihe_land_office_regional_individual__0051_f5387b2100.pdf
local_governments/tainan/evaluation_criteria/tainan_baihe_land_office_regional_individual_factor_criteria_2015/#U767d#U6cb3#U6240/#U5f8c#U58c1#U5340/#U4f4f#U5b85#U7528#U5730/#U6751#U91cc#U9130#U4f4f#U5b85#U7528#U5730/#U5f8c#U58c1#U5340#U500b#U5225#U56e0#U7d20-#U4f4f#U5b85#U7528#U5730.pdf,local_governments/tainan/evaluation_criteria/expanded/tainan_baihe_land_office_regional_individual__0052_0e52554e21.pdf
local_governments/tainan/evaluation_criteria/tainan_baihe_land_office_regional_individual_factor_criteria_2015/#U767d#U6cb3#U6240/#U5f8c#U58c1#U5340/#U4f4f#U5b85#U7528#U5730/#U6751#U91cc#U9130#U4f4f#U5b85#U7528#U5730/#U5f8c#U58c1#U5340#U5340#U57df#U56e0#U7d20-#U91cc#U9130#U4f4f#U5b85.pdf,local_governments/tainan/evaluation_criteria/expanded/tainan_baihe_land_office_regional_individual__0053_63f684a190.pdf
local_governments/tainan/evaluation_criteria/tainan_baihe_land_office_regional_individual_factor_criteria_2015/#U767d#U6cb3#U6240/#U5f8c#U58c1#U5340/#U5546#U696d#U7528#U5730/#U5f8c#U58c1#U5340#U500b#U5225#U56e0#U7d20-#U5546#U696d#U7528#U5730.pdf,local_governments/tainan/evaluation_criteria/expanded/tainan_baihe_land_office_regional_individual__0054_331aff686f.pdf
local_governments/tainan/evaluation_criteria/tainan_baihe_land_office_regional_individual_factor_criteria_2015/#U767d#U6cb3#U6240/#U5f8c#U58c1#U5340/#U5546#U696d#U7528#U5730/#U5f8c#U58c1#U5340#U5340#U57df#U56e0#U7d20-#U666e#U901a#U5546#U696d.pdf,local_governments/tainan/evaluation_criteria/expanded/tainan_baihe_land_office_regional_individual__0055_f652c1f4ae.pdf
local_governments/tainan/evaluation_criteria/tainan_baihe_land_office_regional_individual_factor_criteria_2015/#U767d#U6cb3#U6240/#U5f8c#U58c1#U5340/#U5546#U696d#U7528#U5730/#U5f8c#U58c1#U5340#U5340#U57df#U56e0#U7d20-#U91cc#U9130#U5546#U696d.pdf,local_governments/tainan/evaluation_criteria/expanded/tainan_baihe_land_office_regional_individual__0056_54a90ff1f8.pdf
local_governments/tainan/evaluation_criteria/tainan_baihe_land_office_regional_individual_factor_criteria_2015/#U767d#U6cb3#U6240/#U5f8c#U58c1#U5340/#U5de5#U696d#U7528#U5730/#U5f8c#U58c1#U5340#U500b#U5225#U56e0#U7d20-#U5de5#U696d#U7528#U5730.pdf,local_governments/tainan/evaluation_criteria/expanded/tainan_baihe_land_office_regional_individual__0057_5f9584d43a.pdf
local_governments/tainan/evaluation_criteria/tainan_baihe_land_office_regional_individual_factor_criteria_2015/#U767d#U6cb3#U6240/#U5f8c#U58c1#U5340/#U5de5#U696d#U7528#U5730/#U5f8c#U58c1#U5340#U5340#U57df#U56e0#U7d20-#U5de5#U696d.pdf,local_governments/tainan/evaluation_criteria/expanded/tainan_baihe_land_office_regional_individual__0058_8c76fd9e0a.pdf
local_governments/tainan/evaluation_criteria/tainan_baihe_land_office_regional_individual_factor_criteria_2015/#U767d#U6cb3#U6240/#U5f8c#U58c1#U5340/#U8fb2#U696d#U7528#U5730/#U5f8c#U58c1#U5340#U500b#U5225#U56e0#U7d20-#U8fb2#U696d#U7528#U5730.pdf,local_governments/tainan/evaluation_criteria/expanded/tainan_baihe_land_office_regional_individual__0059_a78b82dfe1.pdf
local_governments/tainan/evaluation_criteria/tainan_baihe_land_office_regional_individual_factor_criteria_2015/#U767d#U6cb3#U6240/#U5f8c#U58c1#U5340/#U8fb2#U696d#U7528#U5730/#U5f8c#U58c1#U5340#U5340#U57df#U56e0#U7d20-#U8fb2#U5730.pdf,local_governments/tainan/evaluation_criteria/expanded/tainan_baihe_land_office_regional_individual__0060_fbab64222f.pdf
local_governments/tainan/evaluation_criteria/tainan_baihe_land_office_regional_individual_factor_criteria_2015/#U767d#U6cb3#U6240/#U6771#U5c71#U5340/#U4f4f#U5b85#U7528#U5730/#U666e#U901a#U4f4f#U5b85#U7528#U5730/#U5f8c#U58c1#U5340#U500b#U5225#U56e0#U7d20-#U4f4f#U5b85#U7528#U5730.pdf,local_governments/tainan/evaluation_criteria/expanded/tainan_baihe_land_office_regional_individual__0061_8fe1940c1b.pdf
local_governments/tainan/evaluation_criteria/tainan_baihe_land_office_regional_individual_factor_criteria_2015/#U767d#U6cb3#U6240/#U6771#U5c71#U5340/#U4f4f#U5b85#U7528#U5730/#U666e#U901a#U4f4f#U5b85#U7528#U5730/#U6771#U5c71#U5340#U5340#U57df#U56e0#U7d20-#U666e#U901a#U4f4f#U5b85.pdf,local_governments/tainan/evaluation_criteria/expanded/tainan_baihe_land_office_regional_individual__0062_a005c84304.pdf
local_governments/tainan/evaluation_criteria/tainan_baihe_land_office_regional_individual_factor_criteria_2015/#U767d#U6cb3#U6240/#U6771#U5c71#U5340/#U4f4f#U5b85#U7528#U5730/#U6751#U91cc#U9130#U4f4f#U5b85#U7528#U5730/#U5f8c#U58c1#U5340#U500b#U5225#U56e0#U7d20-#U4f4f#U5b85#U7528#U5730.pdf,local_governments/tainan/evaluation_criteria/expanded/tainan_baihe_land_office_regional_individual__0063_344ec414b7.pdf
local_governments/tainan/evaluation_criteria/tainan_baihe_land_office_regional_individual_factor_criteria_2015/#U767d#U6cb3#U6240/#U6771#U5c71#U5340/#U4f4f#U5b85#U7528#U5730/#U6751#U91cc#U9130#U4f4f#U5b85#U7528#U5730/#U6771#U5c71#U5340#U5340#U57df#U56e0#U7d20-#U91cc#U9130#U4f4f#U5b85.pdf,local_governments/tainan/evaluation_criteria/expanded/tainan_baihe_land_office_regional_individual__0064_d7d8225b79.pdf
local_governments/tainan/evaluation_criteria/tainan_baihe_land_office_regional_individual_factor_criteria_2015/#U767d#U6cb3#U6240/#U6771#U5c71#U5340/#U5546#U696d#U7528#U5730/#U6771#U5c71#U5340#U500b#U5225#U56e0#U7d20-#U5546#U696d#U7528#U5730.pdf,local_governments/tainan/evaluation_criteria/expanded/tainan_baihe_land_office_regional_individual__0065_6c48cc0b92.pdf
local_governments/tainan/evaluation_criteria/tainan_baihe_land_office_regional_individual_factor_criteria_2015/#U767d#U6cb3#U6240/#U6771#U5c71#U5340/#U5546#U696d#U7528#U5730/#U6771#U5c71#U5340#U5340#U57df#U56e0#U7d20-#U666e#U901a#U5546#U696d.pdf,local_governments/tainan/evaluation_criteria/expanded/tainan_baihe_land_office_regional_individual__0066_3a29142d3a.pdf
local_governments/tainan/evaluation_criteria/tainan_baihe_land_office_regional_individual_factor_criteria_2015/#U767d#U6cb3#U6240/#U6771#U5c71#U5340/#U5546#U696d#U7528#U5730/#U6771#U5c71#U5340#U5340#U57df#U56e0#U7d20-#U91cc#U9130#U5546#U696d.pdf,local_governments/tainan/evaluation_criteria/expanded/tainan_baihe_land_office_regional_individual__0067_f3ac885049.pdf
local_governments/tainan/evaluation_criteria/tainan_baihe_land_office_regional_individual_factor_criteria_2015/#U767d#U6cb3#U6240/#U6771#U5c71#U5340/#U5de5#U696d#U7528#U5730/#U6771#U5c71#U5340#U500b#U5225#U56e0#U7d20-#U5de5#U696d#U7528#U5730.pdf,local_governments/tainan/evaluation_criteria/expanded/tainan_baihe_land_office_regional_individual__0068_071a1e3066.pdf
local_governments/tainan/evaluation_criteria/tainan_baihe_land_office_regional_individual_factor_criteria_2015/#U767d#U6cb3#U6240/#U6771#U5c71#U5340/#U5de5#U696d#U7528#U5730/#U6771#U5c71#U5340#U5340#U57df#U56e0#U7d20-#U5de5#U696d.pdf,local_governments/tainan/evaluation_criteria/expanded/tainan_baihe_land_office_regional_individual__0069_381ec990b8.pdf
local_governments/tainan/evaluation_criteria/tainan_baihe_land_office_regional_individual_factor_criteria_2015/#U767d#U6cb3#U6240/#U6771#U5c71#U5340/#U8fb2#U696d#U7528#U5730/#U6771#U5c71#U5340#U500b#U5225#U56e0#U7d20-#U8fb2#U696d#U7528#U5730.pdf,local_governments/tainan/evaluation_criteria/expanded/tainan_baihe_land_office_regional_individual__0070_9ec50d2630.pdf
local_governments/tainan/evaluation_criteria/tainan_baihe_land_office_regional_individual_factor_criteria_2015/#U767d#U6cb3#U6240/#U6771#U5c71#U5340/#U8fb2#U696d#U7528#U5730/#U6771#U5c71#U5340#U5340#U57df#U56e0#U7d20-#U8fb2#U5730.pdf,local_governments/tainan/evaluation_criteria/expanded/tainan_baihe_land_office_regional_individual__0071_3638afa50b.pdf
local_governments/tainan/evaluation_criteria/tainan_baihe_land_office_regional_individual_factor_criteria_2015/#U767d#U6cb3#U6240/#U767d#U6cb3#U5340/#U4f4f#U5b85#U7528#U5730/#U666e#U901a#U4f4f#U5b85#U7528#U5730/#U767d#U6cb3#U5340#U500b#U5225#U56e0#U7d20-#U4f4f#U5b85#U7528#U5730.pdf,local_governments/tainan/evaluation_criteria/expanded/tainan_baihe_land_office_regional_individual__0072_ccc89b2b37.pdf
local_governments/tainan/evaluation_criteria/tainan_baihe_land_office_regional_individual_factor_criteria_2015/#U767d#U6cb3#U6240/#U767d#U6cb3#U5340/#U4f4f#U5b85#U7528#U5730/#U666e#U901a#U4f4f#U5b85#U7528#U5730/#U767d#U6cb3#U5340#U5340#U57df#U56e0#U7d20-#U666e#U901a#U4f4f#U5b85.pdf,local_governments/tainan/evaluation_criteria/expanded/tainan_baihe_land_office_regional_individual__0073_65af42973a.pdf
local_governments/tainan/evaluation_criteria/tainan_baihe_land_office_regional_individual_factor_criteria_2015/#U767d#U6cb3#U6240/#U767d#U6cb3#U5340/#U4f4f#U5b85#U7528#U5730/#U6751#U91cc#U9130#U4f4f#U5b85#U7528#U5730/#U767d#U6cb3#U5340#U500b#U5225#U56e0#U7d20-#U4f4f#U5b85#U7528#U5730.pdf,local_governments/tainan/evaluation_criteria/expanded/tainan_baihe_land_office_regional_individual__0074_8c66cce0d6.pdf
local_governments/tainan/evaluation_criteria/tainan_baihe_land_office_regional_individual_factor_criteria_2015/#U767d#U6cb3#U6240/#U767d#U6cb3#U5340/#U4f4f#U5b85#U7528#U5730/#U6751#U91cc#U9130#U4f4f#U5b85#U7528#U5730/#U767d#U6cb3#U5340#U5340#U57df#U56e0#U7d20-#U91cc#U9130#U4f4f#U5b85.pdf,local_governments/tainan/evaluation_criteria/expanded/tainan_baihe_land_office_regional_individual__0075_45e70952e1.pdf
local_governments/tainan/evaluation_criteria/tainan_baihe_land_office_regional_individual_factor_criteria_2015/#U767d#U6cb3#U6240/#U767d#U6cb3#U5340/#U5546#U696d#U7528#U5730/#U767d#U6cb3#U5340#U500b#U5225#U56e0#U7d20-#U5546#U696d#U7528#U5730.pdf,local_governments/tainan/evaluation_criteria/expanded/tainan_baihe_land_office_regional_individual__0076_6f1a85c70c.pdf
local_governments/tainan/evaluation_criteria/tainan_baihe_land_office_regional_individual_factor_criteria_2015/#U767d#U6cb3#U6240/#U767d#U6cb3#U5340/#U5546#U696d#U7528#U5730/#U767d#U6cb3#U5340#U5340#U57df#U56e0#U7d20-#U666e#U901a#U5546#U696d.pdf,local_governments/tainan/evaluation_criteria/expanded/tainan_baihe_land_office_regional_individual__0077_a3b2740684.pdf
local_governments/tainan/evaluation_criteria/tainan_baihe_land_office_regional_individual_factor_criteria_2015/#U767d#U6cb3#U6240/#U767d#U6cb3#U5340/#U5546#U696d#U7528#U5730/#U767d#U6cb3#U5340#U5340#U57df#U56e0#U7d20-#U91cc#U9130#U5546#U696d.pdf,local_governments/tainan/evaluation_criteria/expanded/tainan_baihe_land_office_regional_individual__0078_106ee1a50c.pdf
local_governments/tainan/evaluation_criteria/tainan_baihe_land_office_regional_individual_factor_criteria_2015/#U767d#U6cb3#U6240/#U767d#U6cb3#U5340/#U5de5#U696d#U7528#U5730/#U767d#U6cb3#U5340#U500b#U5225#U56e0#U7d20-#U5de5#U696d#U7528#U5730.pdf,local_governments/tainan/evaluation_criteria/expanded/tainan_baihe_land_office_regional_individual__0079_3a1f45430a.pdf
local_governments/tainan/evaluation_criteria/tainan_baihe_land_office_regional_individual_factor_criteria_2015/#U767d#U6cb3#U6240/#U767d#U6cb3#U5340/#U5de5#U696d#U7528#U5730/#U767d#U6cb3#U5340#U5340#U57df#U56e0#U7d20-#U5de5#U696d.pdf,local_governments/tainan/evaluation_criteria/expanded/tainan_baihe_land_office_regional_individual__0080_aff74b36f4.pdf
local_governments/tainan/evaluation_criteria/tainan_baihe_land_office_regional_individual_factor_criteria_2015/#U767d#U6cb3#U6240/#U767d#U6cb3#U5340/#U8fb2#U696d#U7528#U5730/#U767d#U6cb3#U5340#U500b#U5225#U56e0#U7d20-#U8fb2#U696d#U7528#U5730.pdf,local_governments/tainan/evaluation_criteria/expanded/tainan_baihe_land_office_regional_individual__0081_e477af4e4c.pdf
local_governments/tainan/evaluation_criteria/tainan_baihe_land_office_regional_individual_factor_criteria_2015/#U767d#U6cb3#U6240/#U767d#U6cb3#U5340/#U8fb2#U696d#U7528#U5730/#U767d#U6cb3#U5340#U5340#U57df#U56e0#U7d20-#U8fb2#U5730.pdf,local_governments/tainan/evaluation_criteria/expanded/tainan_baihe_land_office_regional_individual__0082_168915726c.pdf
local_governments/tainan/evaluation_criteria/tainan_dongnan_land_office_regional_individual_factor_criteria_2015/#U6771#U5357#U6240(104#U5e74#U4e8c#U7248)/#U5357#U5340#U5fb5#U6536#U752810603/#U4f4f#U5b85#U7528#U5730/#U81fa#U5357#U5e02#U5357#U5340#U5f71#U97ff#U4f4f#U5b85#U7528#U5730#U5730#U50f9#U500b#U5225#U56e0#U7d20#U8a55#U50f9#U57fa#U6e96#U660e#U7d30#U8868(#U5fb5#U6536#U7528).pdf,local_governments/tainan/evaluation_criteria/expanded/tainan_dongnan_land_office_regional_individua_0083_3e7e12ad2e.pdf
local_governments/tainan/evaluation_criteria/tainan_dongnan_land_office_regional_individual_factor_criteria_2015/#U6771#U5357#U6240(104#U5e74#U4e8c#U7248)/#U5357#U5340#U5fb5#U6536#U752810603/#U4f4f#U5b85#U7528#U5730/#U81fa#U5357#U5e02#U5357#U5340#U5f71#U97ff#U4f4f#U5b85#U7528#U5730#U5730#U50f9#U500b#U5225#U56e0#U7d20#U8a55#U50f9#U57fa#U6e96#U660e#U7d30#U8868(#U5fb5#U6536#U7528).xlsx,local_governments/tainan/evaluation_criteria/expanded/tainan_dongnan_land_office_regional_individua_0084_a0d3d10f34.xlsx
local_governments/tainan/evaluation_criteria/tainan_dongnan_land_office_regional_individual_factor_criteria_2015/#U6771#U5357#U6240(104#U5e74#U4e8c#U7248)/#U5357#U5340#U5fb5#U6536#U752810603/#U4f4f#U5b85#U7528#U5730/#U81fa#U5357#U5e02#U5357#U5340#U5f71#U97ff#U666e#U901a#U4f4f#U5b85#U7528#U5730#U5340#U57df#U56e0#U7d20#U8a55#U50f9#U57fa#U6e96#U660e#U7d30#U8868(#U5fb5#U6536#U7528).pdf,local_governments/tainan/evaluation_criteria/expanded/tainan_dongnan_land_office_regional_individua_0085_d3a3df8daa.pdf
local_governments/tainan/evaluation_criteria/tainan_dongnan_land_office_regional_individual_factor_criteria_2015/#U6771#U5357#U6240(104#U5e74#U4e8c#U7248)/#U5357#U5340#U5fb5#U6536#U752810603/#U4f4f#U5b85#U7528#U5730/#U81fa#U5357#U5e02#U5357#U5340#U5f71#U97ff#U666e#U901a#U4f4f#U5b85#U7528#U5730#U5340#U57df#U56e0#U7d20#U8a55#U50f9#U57fa#U6e96#U660e#U7d30#U8868(#U5fb5#U6536#U7528).xlsx,local_governments/tainan/evaluation_criteria/expanded/tainan_dongnan_land_office_regional_individua_0086_9fdad60c31.xlsx
local_governments/tainan/evaluation_criteria/tainan_dongnan_land_office_regional_individual_factor_criteria_2015/#U6771#U5357#U6240(104#U5e74#U4e8c#U7248)/#U5357#U5340#U5fb5#U6536#U752810603/#U5176#U4ed6#U7528#U5730/#U81fa#U5357#U5e02#U5357#U5340#U5f71#U97ff#U5176#U4ed6#U7528#U5730#U5340#U57df#U56e0#U7d20#U8a55#U50f9#U57fa#U6e96#U660e#U7d30#U8868(#U5fb5#U6536#U7528).pdf,local_governments/tainan/evaluation_criteria/expanded/tainan_dongnan_land_office_regional_individua_0087_0c2cc3f340.pdf
local_governments/tainan/evaluation_criteria/tainan_dongnan_land_office_regional_individual_factor_criteria_2015/#U6771#U5357#U6240(104#U5e74#U4e8c#U7248)/#U5357#U5340#U5fb5#U6536#U752810603/#U5176#U4ed6#U7528#U5730/#U81fa#U5357#U5e02#U5357#U5340#U5f71#U97ff#U5176#U4ed6#U7528#U5730#U5340#U57df#U56e0#U7d20#U8a55#U50f9#U57fa#U6e96#U660e#U7d30#U8868(#U5fb5#U6536#U7528).xlsx,local_governments/tainan/evaluation_criteria/expanded/tainan_dongnan_land_office_regional_individua_0088_181b4407be.xlsx
local_governments/tainan/evaluation_criteria/tainan_dongnan_land_office_regional_individual_factor_criteria_2015/#U6771#U5357#U6240(104#U5e74#U4e8c#U7248)/#U5357#U5340#U5fb5#U6536#U752810603/#U5176#U4ed6#U7528#U5730/#U81fa#U5357#U5e02#U5357#U5340#U5f71#U97ff#U5176#U4ed6#U7528#U5730#U5730#U50f9#U500b#U5225#U56e0#U7d20#U8a55#U50f9#U57fa#U6e96#U660e#U7d30#U8868(#U5fb5#U6536#U7528).pdf,local_governments/tainan/evaluation_criteria/expanded/tainan_dongnan_land_office_regional_individua_0089_f2cf374c72.pdf
local_governments/tainan/evaluation_criteria/tainan_dongnan_land_office_regional_individual_factor_criteria_2015/#U6771#U5357#U6240(104#U5e74#U4e8c#U7248)/#U5357#U5340#U5fb5#U6536#U752810603/#U5176#U4ed6#U7528#U5730/#U81fa#U5357#U5e02#U5357#U5340#U5f71#U97ff#U5176#U4ed6#U7528#U5730#U5730#U50f9#U500b#U5225#U56e0#U7d20#U8a55#U50f9#U57fa#U6e96#U660e#U7d30#U8868(#U5fb5#U6536#U7528).xlsx,local_governments/tainan/evaluation_criteria/expanded/tainan_dongnan_land_office_regional_individua_0090_54883e9a13.xlsx
local_governments/tainan/evaluation_criteria/tainan_dongnan_land_office_regional_individual_factor_criteria_2015/#U6771#U5357#U6240(104#U5e74#U4e8c#U7248)/#U5357#U5340#U5fb5#U6536#U752810603/#U5546#U696d#U7528#U5730/#U81fa#U5357#U5e02#U5357#U5340#U5f71#U97ff#U5546#U696d#U7528#U5730#U5730#U50f9#U500b#U5225#U56e0#U7d20#U8a55#U50f9#U57fa#U6e96#U660e#U7d30#U8868(#U5fb5#U6536#U7528).pdf,local_governments/tainan/evaluation_criteria/expanded/tainan_dongnan_land_office_regional_individua_0091_76534a86c7.pdf
local_governments/tainan/evaluation_criteria/tainan_dongnan_land_office_regional_individual_factor_criteria_2015/#U6771#U5357#U6240(104#U5e74#U4e8c#U7248)/#U5357#U5340#U5fb5#U6536#U752810603/#U5546#U696d#U7528#U5730/#U81fa#U5357#U5e02#U5357#U5340#U5f71#U97ff#U5546#U696d#U7528#U5730#U5730#U50f9#U500b#U5225#U56e0#U7d20#U8a55#U50f9#U57fa#U6e96#U660e#U7d30#U8868(#U5fb5#U6536#U7528).xlsx,local_governments/tainan/evaluation_criteria/expanded/tainan_dongnan_land_office_regional_individua_0092_b92e1db733.xlsx
local_governments/tainan/evaluation_criteria/tainan_dongnan_land_office_regional_individual_factor_criteria_2015/#U6771#U5357#U6240(104#U5e74#U4e8c#U7248)/#U5357#U5340#U5fb5#U6536#U752810603/#U5546#U696d#U7528#U5730/#U81fa#U5357#U5e02#U5357#U5340#U5f71#U97ff#U666e#U901a#U5546#U696d#U7528#U5730#U5340#U57df#U56e0#U7d20#U8a55#U50f9#U57fa#U6e96#U660e#U7d30#U8868(#U5fb5#U6536#U7528).pdf,local_governments/tainan/evaluation_criteria/expanded/tainan_dongnan_land_office_regional_individua_0093_4cdcb984fe.pdf
local_governments/tainan/evaluation_criteria/tainan_dongnan_land_office_regional_individual_factor_criteria_2015/#U6771#U5357#U6240(104#U5e74#U4e8c#U7248)/#U5357#U5340#U5fb5#U6536#U752810603/#U5546#U696d#U7528#U5730/#U81fa#U5357#U5e02#U5357#U5340#U5f71#U97ff#U666e#U901a#U5546#U696d#U7528#U5730#U5340#U57df#U56e0#U7d20#U8a55#U50f9#U57fa#U6e96#U660e#U7d30#U8868(#U5fb5#U6536#U7528).xlsx,local_governments/tainan/evaluation_criteria/expanded/tainan_dongnan_land_office_regional_individua_0094_74f71d5f96.xlsx
local_governments/tainan/evaluation_criteria/tainan_dongnan_land_office_regional_individual_factor_criteria_2015/#U6771#U5357#U6240(104#U5e74#U4e8c#U7248)/#U5357#U5340#U5fb5#U6536#U752810603/#U5de5#U696d#U7528#U5730/#U81fa#U5357#U5e02#U5357#U5340#U5f71#U97ff#U4e2d#U5c0f#U898f#U6a21#U5de5#U696d#U7528#U5730#U5340#U57df#U56e0#U7d20#U8a55#U50f9#U57fa#U6e96#U660e#U7d30#U8868(#U5fb5#U6536#U7528).pdf,local_governments/tainan/evaluation_criteria/expanded/tainan_dongnan_land_office_regional_individua_0095_fa41cf2a5e.pdf
local_governments/tainan/evaluation_criteria/tainan_dongnan_land_office_regional_individual_factor_criteria_2015/#U6771#U5357#U6240(104#U5e74#U4e8c#U7248)/#U5357#U5340#U5fb5#U6536#U752810603/#U5de5#U696d#U7528#U5730/#U81fa#U5357#U5e02#U5357#U5340#U5f71#U97ff#U4e2d#U5c0f#U898f#U6a21#U5de5#U696d#U7528#U5730#U5340#U57df#U56e0#U7d20#U8a55#U50f9#U57fa#U6e96#U660e#U7d30#U8868(#U5fb5#U6536#U7528).xlsx,local_governments/tainan/evaluation_criteria/expanded/tainan_dongnan_land_office_regional_individua_0096_3b56139195.xlsx
local_governments/tainan/evaluation_criteria/tainan_dongnan_land_office_regional_individual_factor_criteria_2015/#U6771#U5357#U6240(104#U5e74#U4e8c#U7248)/#U5357#U5340#U5fb5#U6536#U752810603/#U5de5#U696d#U7528#U5730/#U81fa#U5357#U5e02#U5357#U5340#U5f71#U97ff#U5de5#U696d#U7528#U5730#U5730#U50f9#U500b#U5225#U56e0#U7d20#U8a55#U50f9#U57fa#U6e96#U660e#U7d30#U8868(#U5fb5#U6536#U7528).pdf,local_governments/tainan/evaluation_criteria/expanded/tainan_dongnan_land_office_regional_individua_0097_9cbe7682df.pdf
local_governments/tainan/evaluation_criteria/tainan_dongnan_land_office_regional_individual_factor_criteria_2015/#U6771#U5357#U6240(104#U5e74#U4e8c#U7248)/#U5357#U5340#U5fb5#U6536#U752810603/#U5de5#U696d#U7528#U5730/#U81fa#U5357#U5e02#U5357#U5340#U5f71#U97ff#U5de5#U696d#U7528#U5730#U5730#U50f9#U500b#U5225#U56e0#U7d20#U8a55#U50f9#U57fa#U6e96#U660e#U7d30#U8868(#U5fb5#U6536#U7528).xlsx,local_governments/tainan/evaluation_criteria/expanded/tainan_dongnan_land_office_regional_individua_0098_7451b883cb.xlsx
local_governments/tainan/evaluation_criteria/tainan_dongnan_land_office_regional_individual_factor_criteria_2015/#U6771#U5357#U6240(104#U5e74#U4e8c#U7248)/#U5357#U5340#U5fb5#U6536#U752810603/#U8fb2#U696d#U7528#U5730/#U81fa#U5357#U5e02#U5357#U5340#U5f71#U97ff#U8fb2#U696d#U7528#U5730#U5340#U57df#U56e0#U7d20#U8a55#U50f9#U57fa#U6e96#U660e#U7d30#U8868(#U5fb5#U6536#U7528).pdf,local_governments/tainan/evaluation_criteria/expanded/tainan_dongnan_land_office_regional_individua_0099_b08ccf4937.pdf
local_governments/tainan/evaluation_criteria/tainan_dongnan_land_office_regional_individual_factor_criteria_2015/#U6771#U5357#U6240(104#U5e74#U4e8c#U7248)/#U5357#U5340#U5fb5#U6536#U752810603/#U8fb2#U696d#U7528#U5730/#U81fa#U5357#U5e02#U5357#U5340#U5f71#U97ff#U8fb2#U696d#U7528#U5730#U5340#U57df#U56e0#U7d20#U8a55#U50f9#U57fa#U6e96#U660e#U7d30#U8868(#U5fb5#U6536#U7528).xlsx,local_governments/tainan/evaluation_criteria/expanded/tainan_dongnan_land_office_regional_individua_0100_7929f8e666.xlsx
local_governments/tainan/evaluation_criteria/tainan_dongnan_land_office_regional_individual_factor_criteria_2015/#U6771#U5357#U6240(104#U5e74#U4e8c#U7248)/#U5357#U5340#U5fb5#U6536#U752810603/#U8fb2#U696d#U7528#U5730/#U81fa#U5357#U5e02#U5357#U5340#U5f71#U97ff#U8fb2#U696d#U7528#U5730#U5730#U50f9#U500b#U5225#U56e0#U7d20#U8a55#U50f9#U57fa#U6e96#U660e#U7d30#U8868(#U5fb5#U6536#U7528).pdf,local_governments/tainan/evaluation_criteria/expanded/tainan_dongnan_land_office_regional_individua_0101_e515ca694f.pdf
local_governments/tainan/evaluation_criteria/tainan_dongnan_land_office_regional_individual_factor_criteria_2015/#U6771#U5357#U6240(104#U5e74#U4e8c#U7248)/#U5357#U5340#U5fb5#U6536#U752810603/#U8fb2#U696d#U7528#U5730/#U81fa#U5357#U5e02#U5357#U5340#U5f71#U97ff#U8fb2#U696d#U7528#U5730#U5730#U50f9#U500b#U5225#U56e0#U7d20#U8a55#U50f9#U57fa#U6e96#U660e#U7d30#U8868(#U5fb5#U6536#U7528).xlsx,local_governments/tainan/evaluation_criteria/expanded/tainan_dongnan_land_office_regional_individua_0102_5366bfdab6.xlsx
local_governments/tainan/evaluation_criteria/tainan_dongnan_land_office_regional_individual_factor_criteria_2015/#U6771#U5357#U6240(104#U5e74#U4e8c#U7248)/#U6771#U5340#U5fb5#U6536#U752810603/#U4f4f#U5b85#U7528#U5730/#U81fa#U5357#U5e02#U6771#U5340#U4f4f#U5b85#U7528#U5730#U5730#U50f9#U5340#U57df#U56e0#U7d20#U660e#U7d30#U8868(#U5fb5#U6536#U7528).pdf,local_governments/tainan/evaluation_criteria/expanded/tainan_dongnan_land_office_regional_individua_0103_48504ee0ad.pdf
local_governments/tainan/evaluation_criteria/tainan_dongnan_land_office_regional_individual_factor_criteria_2015/#U6771#U5357#U6240(104#U5e74#U4e8c#U7248)/#U6771#U5340#U5fb5#U6536#U752810603/#U4f4f#U5b85#U7528#U5730/#U81fa#U5357#U5e02#U6771#U5340#U4f4f#U5b85#U7528#U5730#U5730#U50f9#U5340#U57df#U56e0#U7d20#U660e#U7d30#U8868(#U5fb5#U6536#U7528).xls,local_governments/tainan/evaluation_criteria/expanded/tainan_dongnan_land_office_regional_individua_0104_572a957837.xls
local_governments/tainan/evaluation_criteria/tainan_dongnan_land_office_regional_individual_factor_criteria_2015/#U6771#U5357#U6240(104#U5e74#U4e8c#U7248)/#U6771#U5340#U5fb5#U6536#U752810603/#U4f4f#U5b85#U7528#U5730/#U81fa#U5357#U5e02#U6771#U5340#U5f71#U97ff#U4f4f#U5b85#U7528#U5730#U500b#U5225#U56e0#U7d20#U660e#U7d30#U8868(#U5fb5#U6536#U7528).pdf,local_governments/tainan/evaluation_criteria/expanded/tainan_dongnan_land_office_regional_individua_0105_9ef881ef02.pdf
local_governments/tainan/evaluation_criteria/tainan_dongnan_land_office_regional_individual_factor_criteria_2015/#U6771#U5357#U6240(104#U5e74#U4e8c#U7248)/#U6771#U5340#U5fb5#U6536#U752810603/#U4f4f#U5b85#U7528#U5730/#U81fa#U5357#U5e02#U6771#U5340#U5f71#U97ff#U4f4f#U5b85#U7528#U5730#U500b#U5225#U56e0#U7d20#U660e#U7d30#U8868(#U5fb5#U6536#U7528).xls,local_governments/tainan/evaluation_criteria/expanded/tainan_dongnan_land_office_regional_individua_0106_3003da44e1.xls
local_governments/tainan/evaluation_criteria/tainan_dongnan_land_office_regional_individual_factor_criteria_2015/#U6771#U5357#U6240(104#U5e74#U4e8c#U7248)/#U6771#U5340#U5fb5#U6536#U752810603/#U5176#U4ed6#U7528#U5730/#U81fa#U5357#U5e02#U6771#U5340#U5176#U4ed6#U7528#U5730#U5340#U57df#U56e0#U7d20#U660e#U7d30#U8868(#U5fb5#U6536#U7528).pdf,local_governments/tainan/evaluation_criteria/expanded/tainan_dongnan_land_office_regional_individua_0107_da303e57c1.pdf
local_governments/tainan/evaluation_criteria/tainan_dongnan_land_office_regional_individual_factor_criteria_2015/#U6771#U5357#U6240(104#U5e74#U4e8c#U7248)/#U6771#U5340#U5fb5#U6536#U752810603/#U5176#U4ed6#U7528#U5730/#U81fa#U5357#U5e02#U6771#U5340#U5176#U4ed6#U7528#U5730#U5340#U57df#U56e0#U7d20#U660e#U7d30#U8868(#U5fb5#U6536#U7528).xls,local_governments/tainan/evaluation_criteria/expanded/tainan_dongnan_land_office_regional_individua_0108_3fa4382874.xls
local_governments/tainan/evaluation_criteria/tainan_dongnan_land_office_regional_individual_factor_criteria_2015/#U6771#U5357#U6240(104#U5e74#U4e8c#U7248)/#U6771#U5340#U5fb5#U6536#U752810603/#U5176#U4ed6#U7528#U5730/#U81fa#U5357#U5e02#U6771#U5340#U5f71#U97ff#U5176#U4ed6#U7528#U5730#U500b#U5225#U56e0#U7d20#U660e#U7d30#U8868(#U5fb5#U6536#U7528).pdf,local_governments/tainan/evaluation_criteria/expanded/tainan_dongnan_land_office_regional_individua_0109_72c1c8bc22.pdf
local_governments/tainan/evaluation_criteria/tainan_dongnan_land_office_regional_individual_factor_criteria_2015/#U6771#U5357#U6240(104#U5e74#U4e8c#U7248)/#U6771#U5340#U5fb5#U6536#U752810603/#U5176#U4ed6#U7528#U5730/#U81fa#U5357#U5e02#U6771#U5340#U5f71#U97ff#U5176#U4ed6#U7528#U5730#U500b#U5225#U56e0#U7d20#U660e#U7d30#U8868(#U5fb5#U6536#U7528).xls,local_governments/tainan/evaluation_criteria/expanded/tainan_dongnan_land_office_regional_individua_0110_b3dfd706f2.xls
local_governments/tainan/evaluation_criteria/tainan_dongnan_land_office_regional_individual_factor_criteria_2015/#U6771#U5357#U6240(104#U5e74#U4e8c#U7248)/#U6771#U5340#U5fb5#U6536#U752810603/#U5546#U696d#U7528#U5730/#U81fa#U5357#U5e02#U6771#U5340#U5546#U696d#U7528#U5730#U5730#U50f9#U5340#U57df#U56e0#U7d20#U660e#U7d30#U8868(#U5fb5#U6536#U7528).pdf,local_governments/tainan/evaluation_criteria/expanded/tainan_dongnan_land_office_regional_individua_0111_5ee591855d.pdf
local_governments/tainan/evaluation_criteria/tainan_dongnan_land_office_regional_individual_factor_criteria_2015/#U6771#U5357#U6240(104#U5e74#U4e8c#U7248)/#U6771#U5340#U5fb5#U6536#U752810603/#U5546#U696d#U7528#U5730/#U81fa#U5357#U5e02#U6771#U5340#U5546#U696d#U7528#U5730#U5730#U50f9#U5340#U57df#U56e0#U7d20#U660e#U7d30#U8868(#U5fb5#U6536#U7528).xls,local_governments/tainan/evaluation_criteria/expanded/tainan_dongnan_land_office_regional_individua_0112_1ca384b19a.xls
local_governments/tainan/evaluation_criteria/tainan_dongnan_land_office_regional_individual_factor_criteria_2015/#U6771#U5357#U6240(104#U5e74#U4e8c#U7248)/#U6771#U5340#U5fb5#U6536#U752810603/#U5546#U696d#U7528#U5730/#U81fa#U5357#U5e02#U6771#U5340#U5f71#U97ff#U5546#U696d#U7528#U5730#U500b#U5225#U56e0#U7d20#U660e#U7d30#U8868(#U5fb5#U6536#U7528).pdf,local_governments/tainan/evaluation_criteria/expanded/tainan_dongnan_land_office_regional_individua_0113_7986f7cc46.pdf
local_governments/tainan/evaluation_criteria/tainan_dongnan_land_office_regional_individual_factor_criteria_2015/#U6771#U5357#U6240(104#U5e74#U4e8c#U7248)/#U6771#U5340#U5fb5#U6536#U752810603/#U5546#U696d#U7528#U5730/#U81fa#U5357#U5e02#U6771#U5340#U5f71#U97ff#U5546#U696d#U7528#U5730#U500b#U5225#U56e0#U7d20#U660e#U7d30#U8868(#U5fb5#U6536#U7528).xls,local_governments/tainan/evaluation_criteria/expanded/tainan_dongnan_land_office_regional_individua_0114_eaffc58b4d.xls
local_governments/tainan/evaluation_criteria/tainan_dongnan_land_office_regional_individual_factor_criteria_2015/#U6771#U5357#U6240(104#U5e74#U4e8c#U7248)/#U6771#U5340#U5fb5#U6536#U752810603/#U5de5#U696d#U7528#U5730/#U81fa#U5357#U5e02#U6771#U5340#U5de5#U696d#U7528#U5730#U5730#U50f9#U5340#U57df#U56e0#U7d20#U660e#U7d30#U8868(#U5fb5#U6536#U7528).pdf,local_governments/tainan/evaluation_criteria/expanded/tainan_dongnan_land_office_regional_individua_0115_a6b2c90bd9.pdf
local_governments/tainan/evaluation_criteria/tainan_dongnan_land_office_regional_individual_factor_criteria_2015/#U6771#U5357#U6240(104#U5e74#U4e8c#U7248)/#U6771#U5340#U5fb5#U6536#U752810603/#U5de5#U696d#U7528#U5730/#U81fa#U5357#U5e02#U6771#U5340#U5de5#U696d#U7528#U5730#U5730#U50f9#U5340#U57df#U56e0#U7d20#U660e#U7d30#U8868(#U5fb5#U6536#U7528).xls,local_governments/tainan/evaluation_criteria/expanded/tainan_dongnan_land_office_regional_individua_0116_c9b698da9f.xls
local_governments/tainan/evaluation_criteria/tainan_dongnan_land_office_regional_individual_factor_criteria_2015/#U6771#U5357#U6240(104#U5e74#U4e8c#U7248)/#U6771#U5340#U5fb5#U6536#U752810603/#U5de5#U696d#U7528#U5730/#U81fa#U5357#U5e02#U6771#U5340#U5f71#U97ff#U5de5#U696d#U7528#U5730#U500b#U5225#U56e0#U7d20#U660e#U7d30#U8868(#U5fb5#U6536#U7528).pdf,local_governments/tainan/evaluation_criteria/expanded/tainan_dongnan_land_office_regional_individua_0117_cc6796d1c6.pdf
local_governments/tainan/evaluation_criteria/tainan_dongnan_land_office_regional_individual_factor_criteria_2015/#U6771#U5357#U6240(104#U5e74#U4e8c#U7248)/#U6771#U5340#U5fb5#U6536#U752810603/#U5de5#U696d#U7528#U5730/#U81fa#U5357#U5e02#U6771#U5340#U5f71#U97ff#U5de5#U696d#U7528#U5730#U500b#U5225#U56e0#U7d20#U660e#U7d30#U8868(#U5fb5#U6536#U7528).xls,local_governments/tainan/evaluation_criteria/expanded/tainan_dongnan_land_office_regional_individua_0118_e3bbe1f2ad.xls
local_governments/tainan/evaluation_criteria/tainan_dongnan_land_office_regional_individual_factor_criteria_2015/#U6771#U5357#U6240(104#U5e74#U4e8c#U7248)/#U6771#U5340#U5fb5#U6536#U752810603/#U8fb2#U696d#U7528#U5730/#U81fa#U5357#U5e02#U6771#U5340#U5f71#U97ff#U8fb2#U696d#U7528#U5730#U500b#U5225#U56e0#U7d20#U660e#U7d30#U8868(#U5fb5#U6536#U7528).pdf,local_governments/tainan/evaluation_criteria/expanded/tainan_dongnan_land_office_regional_individua_0119_70cd1cbbf8.pdf
local_governments/tainan/evaluation_criteria/tainan_dongnan_land_office_regional_individual_factor_criteria_2015/#U6771#U5357#U6240(104#U5e74#U4e8c#U7248)/#U6771#U5340#U5fb5#U6536#U752810603/#U8fb2#U696d#U7528#U5730/#U81fa#U5357#U5e02#U6771#U5340#U5f71#U97ff#U8fb2#U696d#U7528#U5730#U500b#U5225#U56e0#U7d20#U660e#U7d30#U8868(#U5fb5#U6536#U7528).xls,local_governments/tainan/evaluation_criteria/expanded/tainan_dongnan_land_office_regional_individua_0120_194156f1d5.xls
local_governments/tainan/evaluation_criteria/tainan_dongnan_land_office_regional_individual_factor_criteria_2015/#U6771#U5357#U6240(104#U5e74#U4e8c#U7248)/#U6771#U5340#U5fb5#U6536#U752810603/#U8fb2#U696d#U7528#U5730/#U81fa#U5357#U5e02#U6771#U5340#U8fb2#U696d#U7528#U5730#U5730#U50f9#U5340#U57df#U56e0#U7d20#U660e#U7d30#U8868(#U5fb5#U6536#U7528).pdf,local_governments/tainan/evaluation_criteria/expanded/tainan_dongnan_land_office_regional_individua_0121_7b8a2f9711.pdf
local_governments/tainan/evaluation_criteria/tainan_dongnan_land_office_regional_individual_factor_criteria_2015/#U6771#U5357#U6240(104#U5e74#U4e8c#U7248)/#U6771#U5340#U5fb5#U6536#U752810603/#U8fb2#U696d#U7528#U5730/#U81fa#U5357#U5e02#U6771#U5340#U8fb2#U696d#U7528#U5730#U5730#U50f9#U5340#U57df#U56e0#U7d20#U660e#U7d30#U8868(#U5fb5#U6536#U7528).xls,local_governments/tainan/evaluation_criteria/expanded/tainan_dongnan_land_office_regional_individua_0122_bf7ac54dd0.xls
local_governments/tainan/evaluation_criteria/tainan_guiren_land_office_regional_individual_factor_criteria_2015/#U6b78#U4ec1#U6240(104#U5e74#U4e8c#U7248)/#U6b78#U4ec1#U6240#U5730#U50f9#U5340#U57df#U56e0#U7d20#U660e#U7d30#U8868(#U571f#U5730#U5fb5#U6536#U88dc#U511f#U5e02#U50f9#U67e5#U4f30#U7528)1040423/#U4ec1#U5fb7#U5340/#U4f4f#U5b85#U7528#U5730/#U666e#U901a#U4f4f#U5b85#U7528#U5730/#U81fa#U5357#U5e02#U4ec1#U5fb7#U5340#U5f71#U97ff#U4f4f#U5b85#U7528#U5730#U5730#U50f9#U500b#U5225#U56e0#U7d20#U8a55#U50f9#U57fa#U6e96#U660e#U7d30#U8868.pdf,local_governments/tainan/evaluation_criteria/expanded/tainan_guiren_land_office_regional_individual_0123_9b63b1374b.pdf
local_governments/tainan/evaluation_criteria/tainan_guiren_land_office_regional_individual_factor_criteria_2015/#U6b78#U4ec1#U6240(104#U5e74#U4e8c#U7248)/#U6b78#U4ec1#U6240#U5730#U50f9#U5340#U57df#U56e0#U7d20#U660e#U7d30#U8868(#U571f#U5730#U5fb5#U6536#U88dc#U511f#U5e02#U50f9#U67e5#U4f30#U7528)1040423/#U4ec1#U5fb7#U5340/#U4f4f#U5b85#U7528#U5730/#U666e#U901a#U4f4f#U5b85#U7528#U5730/#U81fa#U5357#U5e02#U4ec1#U5fb7#U5340#U5f71#U97ff#U666e#U901a#U4f4f#U5b85#U7528#U5730#U5340#U57df#U56e0#U7d20#U8a55#U50f9#U57fa#U6e96#U660e#U7d30#U8868.pdf,local_governments/tainan/evaluation_criteria/expanded/tainan_guiren_land_office_regional_individual_0124_db2c810165.pdf
local_governments/tainan/evaluation_criteria/tainan_guiren_land_office_regional_individual_factor_criteria_2015/#U6b78#U4ec1#U6240(104#U5e74#U4e8c#U7248)/#U6b78#U4ec1#U6240#U5730#U50f9#U5340#U57df#U56e0#U7d20#U660e#U7d30#U8868(#U571f#U5730#U5fb5#U6536#U88dc#U511f#U5e02#U50f9#U67e5#U4f30#U7528)1040423/#U4ec1#U5fb7#U5340/#U4f4f#U5b85#U7528#U5730/#U6751#U91cc#U9130#U4f4f#U5b85#U7528#U5730/#U81fa#U5357#U5e02#U4ec1#U5fb7#U5340#U5f71#U97ff#U4f4f#U5b85#U7528#U5730#U5730#U50f9#U500b#U5225#U56e0#U7d20#U8a55#U50f9#U57fa#U6e96#U660e#U7d30#U8868.pdf,local_governments/tainan/evaluation_criteria/expanded/tainan_guiren_land_office_regional_individual_0125_e2df440995.pdf
local_governments/tainan/evaluation_criteria/tainan_guiren_land_office_regional_individual_factor_criteria_2015/#U6b78#U4ec1#U6240(104#U5e74#U4e8c#U7248)/#U6b78#U4ec1#U6240#U5730#U50f9#U5340#U57df#U56e0#U7d20#U660e#U7d30#U8868(#U571f#U5730#U5fb5#U6536#U88dc#U511f#U5e02#U50f9#U67e5#U4f30#U7528)1040423/#U4ec1#U5fb7#U5340/#U4f4f#U5b85#U7528#U5730/#U6751#U91cc#U9130#U4f4f#U5b85#U7528#U5730/#U81fa#U5357#U5e02#U4ec1#U5fb7#U5340#U5f71#U97ff#U6751#U91cc#U9130#U4f4f#U5b85#U7528#U5730#U5340#U57df#U56e0#U7d20#U8a55#U50f9#U57fa#U6e96#U660e#U7d30#U8868.pdf,local_governments/tainan/evaluation_criteria/expanded/tainan_guiren_land_office_regional_individual_0126_6bae1f1ccf.pdf
local_governments/tainan/evaluation_criteria/tainan_guiren_land_office_regional_individual_factor_criteria_2015/#U6b78#U4ec1#U6240(104#U5e74#U4e8c#U7248)/#U6b78#U4ec1#U6240#U5730#U50f9#U5340#U57df#U56e0#U7d20#U660e#U7d30#U8868(#U571f#U5730#U5fb5#U6536#U88dc#U511f#U5e02#U50f9#U67e5#U4f30#U7528)1040423/#U4ec1#U5fb7#U5340/#U5176#U4ed6#U7528#U5730/#U81fa#U5357#U5e02#U4ec1#U5fb7#U5340#U5f71#U97ff#U5176#U4ed6#U7528#U5730#U5340#U57df#U56e0#U7d20#U8a55#U50f9#U57fa#U6e96#U660e#U7d30#U8868.pdf,local_governments/tainan/evaluation_criteria/expanded/tainan_guiren_land_office_regional_individual_0127_8f02de391e.pdf
local_governments/tainan/evaluation_criteria/tainan_guiren_land_office_regional_individual_factor_criteria_2015/#U6b78#U4ec1#U6240(104#U5e74#U4e8c#U7248)/#U6b78#U4ec1#U6240#U5730#U50f9#U5340#U57df#U56e0#U7d20#U660e#U7d30#U8868(#U571f#U5730#U5fb5#U6536#U88dc#U511f#U5e02#U50f9#U67e5#U4f30#U7528)1040423/#U4ec1#U5fb7#U5340/#U5176#U4ed6#U7528#U5730/#U81fa#U5357#U5e02#U4ec1#U5fb7#U5340#U5f71#U97ff#U5176#U4ed6#U7528#U5730#U5730#U50f9#U500b#U5225#U56e0#U7d20#U8a55#U50f9#U57fa#U6e96#U660e#U7d30#U8868.pdf,local_governments/tainan/evaluation_criteria/expanded/tainan_guiren_land_office_regional_individual_0128_cb40ced0e0.pdf
local_governments/tainan/evaluation_criteria/tainan_guiren_land_office_regional_individual_factor_criteria_2015/#U6b78#U4ec1#U6240(104#U5e74#U4e8c#U7248)/#U6b78#U4ec1#U6240#U5730#U50f9#U5340#U57df#U56e0#U7d20#U660e#U7d30#U8868(#U571f#U5730#U5fb5#U6536#U88dc#U511f#U5e02#U50f9#U67e5#U4f30#U7528)1040423/#U4ec1#U5fb7#U5340/#U5546#U696d#U7528#U5730/#U666e#U901a#U5546#U696d#U7528#U5730/#U81fa#U5357#U5e02#U4ec1#U5fb7#U5340#U5f71#U97ff#U5546#U696d#U7528#U5730#U5730#U50f9#U500b#U5225#U56e0#U7d20#U8a55#U50f9#U57fa#U6e96#U660e#U7d30#U8868.pdf,local_governments/tainan/evaluation_criteria/expanded/tainan_guiren_land_office_regional_individual_0129_155252f956.pdf
local_governments/tainan/evaluation_criteria/tainan_guiren_land_office_regional_individual_factor_criteria_2015/#U6b78#U4ec1#U6240(104#U5e74#U4e8c#U7248)/#U6b78#U4ec1#U6240#U5730#U50f9#U5340#U57df#U56e0#U7d20#U660e#U7d30#U8868(#U571f#U5730#U5fb5#U6536#U88dc#U511f#U5e02#U50f9#U67e5#U4f30#U7528)1040423/#U4ec1#U5fb7#U5340/#U5546#U696d#U7528#U5730/#U666e#U901a#U5546#U696d#U7528#U5730/#U81fa#U5357#U5e02#U4ec1#U5fb7#U5340#U5f71#U97ff#U666e#U901a#U5546#U696d#U7528#U5730#U5340#U57df#U56e0#U7d20#U8a55#U50f9#U57fa#U6e96#U660e#U7d30#U8868.pdf,local_governments/tainan/evaluation_criteria/expanded/tainan_guiren_land_office_regional_individual_0130_e0ef58eb93.pdf
local_governments/tainan/evaluation_criteria/tainan_guiren_land_office_regional_individual_factor_criteria_2015/#U6b78#U4ec1#U6240(104#U5e74#U4e8c#U7248)/#U6b78#U4ec1#U6240#U5730#U50f9#U5340#U57df#U56e0#U7d20#U660e#U7d30#U8868(#U571f#U5730#U5fb5#U6536#U88dc#U511f#U5e02#U50f9#U67e5#U4f30#U7528)1040423/#U4ec1#U5fb7#U5340/#U5de5#U696d#U7528#U5730/#U4e2d#U5c0f#U898f#U6a21#U5de5#U696d#U7528#U5730/#U81fa#U5357#U5e02#U4ec1#U5fb7#U5340#U5f71#U97ff#U4e2d#U5c0f#U898f#U6a21#U5de5#U696d#U7528#U5730#U5340#U57df#U56e0#U7d20#U8a55#U50f9#U57fa#U6e96#U660e#U7d30#U8868.pdf,local_governments/tainan/evaluation_criteria/expanded/tainan_guiren_land_office_regional_individual_0131_c4205b79c4.pdf
local_governments/tainan/evaluation_criteria/tainan_guiren_land_office_regional_individual_factor_criteria_2015/#U6b78#U4ec1#U6240(104#U5e74#U4e8c#U7248)/#U6b78#U4ec1#U6240#U5730#U50f9#U5340#U57df#U56e0#U7d20#U660e#U7d30#U8868(#U571f#U5730#U5fb5#U6536#U88dc#U511f#U5e02#U50f9#U67e5#U4f30#U7528)1040423/#U4ec1#U5fb7#U5340/#U5de5#U696d#U7528#U5730/#U4e2d#U5c0f#U898f#U6a21#U5de5#U696d#U7528#U5730/#U81fa#U5357#U5e02#U4ec1#U5fb7#U5340#U5f71#U97ff#U5de5#U696d#U7528#U5730#U5730#U50f9#U500b#U5225#U56e0#U7d20#U8a55#U50f9#U57fa#U6e96#U660e#U7d30#U8868.pdf,local_governments/tainan/evaluation_criteria/expanded/tainan_guiren_land_office_regional_individual_0132_e99ee00862.pdf
local_governments/tainan/evaluation_criteria/tainan_guiren_land_office_regional_individual_factor_criteria_2015/#U6b78#U4ec1#U6240(104#U5e74#U4e8c#U7248)/#U6b78#U4ec1#U6240#U5730#U50f9#U5340#U57df#U56e0#U7d20#U660e#U7d30#U8868(#U571f#U5730#U5fb5#U6536#U88dc#U511f#U5e02#U50f9#U67e5#U4f30#U7528)1040423/#U4ec1#U5fb7#U5340/#U8fb2#U696d#U7528#U5730/#U81fa#U5357#U5e02#U4ec1#U5fb7#U5340#U5f71#U97ff#U8fb2#U696d#U7528#U5730#U5340#U57df#U56e0#U7d20#U8a55#U50f9#U57fa#U6e96#U660e#U7d30#U8868.pdf,local_governments/tainan/evaluation_criteria/expanded/tainan_guiren_land_office_regional_individual_0133_a184fb82aa.pdf
local_governments/tainan/evaluation_criteria/tainan_guiren_land_office_regional_individual_factor_criteria_2015/#U6b78#U4ec1#U6240(104#U5e74#U4e8c#U7248)/#U6b78#U4ec1#U6240#U5730#U50f9#U5340#U57df#U56e0#U7d20#U660e#U7d30#U8868(#U571f#U5730#U5fb5#U6536#U88dc#U511f#U5e02#U50f9#U67e5#U4f30#U7528)1040423/#U4ec1#U5fb7#U5340/#U8fb2#U696d#U7528#U5730/#U81fa#U5357#U5e02#U4ec1#U5fb7#U5340#U5f71#U97ff#U8fb2#U696d#U7528#U5730#U5730#U50f9#U500b#U5225#U56e0#U7d20#U8a55#U50f9#U57fa#U6e96#U660e#U7d30#U8868.pdf,local_governments/tainan/evaluation_criteria/expanded/tainan_guiren_land_office_regional_individual_0134_2017686784.pdf
local_governments/tainan/evaluation_criteria/tainan_guiren_land_office_regional_individual_factor_criteria_2015/#U6b78#U4ec1#U6240(104#U5e74#U4e8c#U7248)/#U6b78#U4ec1#U6240#U5730#U50f9#U5340#U57df#U56e0#U7d20#U660e#U7d30#U8868(#U571f#U5730#U5fb5#U6536#U88dc#U511f#U5e02#U50f9#U67e5#U4f30#U7528)1040423/#U6b78#U4ec1#U5340/#U4f4f#U5b85#U7528#U5730/#U666e#U901a#U4f4f#U5b85#U7528#U5730/#U81fa#U5357#U5e02#U6b78#U4ec1#U5340#U5f71#U97ff#U4f4f#U5b85#U7528#U5730#U5730#U50f9#U500b#U5225#U56e0#U7d20#U8a55#U50f9#U57fa#U6e96#U660e#U7d30#U8868.pdf,local_governments/tainan/evaluation_criteria/expanded/tainan_guiren_land_office_regional_individual_0135_1a00cdd453.pdf
local_governments/tainan/evaluation_criteria/tainan_guiren_land_office_regional_individual_factor_criteria_2015/#U6b78#U4ec1#U6240(104#U5e74#U4e8c#U7248)/#U6b78#U4ec1#U6240#U5730#U50f9#U5340#U57df#U56e0#U7d20#U660e#U7d30#U8868(#U571f#U5730#U5fb5#U6536#U88dc#U511f#U5e02#U50f9#U67e5#U4f30#U7528)1040423/#U6b78#U4ec1#U5340/#U4f4f#U5b85#U7528#U5730/#U666e#U901a#U4f4f#U5b85#U7528#U5730/#U81fa#U5357#U5e02#U6b78#U4ec1#U5340#U5f71#U97ff#U666e#U901a#U4f4f#U5b85#U7528#U5730#U5340#U57df#U56e0#U7d20#U8a55#U50f9#U57fa#U6e96#U660e#U7d30#U8868.pdf,local_governments/tainan/evaluation_criteria/expanded/tainan_guiren_land_office_regional_individual_0136_82da198c66.pdf
local_governments/tainan/evaluation_criteria/tainan_guiren_land_office_regional_individual_factor_criteria_2015/#U6b78#U4ec1#U6240(104#U5e74#U4e8c#U7248)/#U6b78#U4ec1#U6240#U5730#U50f9#U5340#U57df#U56e0#U7d20#U660e#U7d30#U8868(#U571f#U5730#U5fb5#U6536#U88dc#U511f#U5e02#U50f9#U67e5#U4f30#U7528)1040423/#U6b78#U4ec1#U5340/#U4f4f#U5b85#U7528#U5730/#U6751#U91cc#U9130#U4f4f#U5b85#U7528#U5730/#U81fa#U5357#U5e02#U6b78#U4ec1#U5340#U5f71#U97ff#U4f4f#U5b85#U7528#U5730#U5730#U50f9#U500b#U5225#U56e0#U7d20#U8a55#U50f9#U57fa#U6e96#U660e#U7d30#U8868.pdf,local_governments/tainan/evaluation_criteria/expanded/tainan_guiren_land_office_regional_individual_0137_b553b35f98.pdf
local_governments/tainan/evaluation_criteria/tainan_guiren_land_office_regional_individual_factor_criteria_2015/#U6b78#U4ec1#U6240(104#U5e74#U4e8c#U7248)/#U6b78#U4ec1#U6240#U5730#U50f9#U5340#U57df#U56e0#U7d20#U660e#U7d30#U8868(#U571f#U5730#U5fb5#U6536#U88dc#U511f#U5e02#U50f9#U67e5#U4f30#U7528)1040423/#U6b78#U4ec1#U5340/#U4f4f#U5b85#U7528#U5730/#U6751#U91cc#U9130#U4f4f#U5b85#U7528#U5730/#U81fa#U5357#U5e02#U6b78#U4ec1#U5340#U5f71#U97ff#U6751#U91cc#U9130#U4f4f#U5b85#U7528#U5730#U5340#U57df#U56e0#U7d20#U8a55#U50f9#U57fa#U6e96#U660e#U7d30#U8868.pdf,local_governments/tainan/evaluation_criteria/expanded/tainan_guiren_land_office_regional_individual_0138_3ec054ffe3.pdf
local_governments/tainan/evaluation_criteria/tainan_guiren_land_office_regional_individual_factor_criteria_2015/#U6b78#U4ec1#U6240(104#U5e74#U4e8c#U7248)/#U6b78#U4ec1#U6240#U5730#U50f9#U5340#U57df#U56e0#U7d20#U660e#U7d30#U8868(#U571f#U5730#U5fb5#U6536#U88dc#U511f#U5e02#U50f9#U67e5#U4f30#U7528)1040423/#U6b78#U4ec1#U5340/#U5176#U4ed6#U7528#U5730/#U81fa#U5357#U5e02#U6b78#U4ec1#U5340#U5f71#U97ff#U5176#U4ed6#U7528#U5730#U5340#U57df#U56e0#U7d20#U8a55#U50f9#U57fa#U6e96#U660e#U7d30#U8868.pdf,local_governments/tainan/evaluation_criteria/expanded/tainan_guiren_land_office_regional_individual_0139_febf297181.pdf
local_governments/tainan/evaluation_criteria/tainan_guiren_land_office_regional_individual_factor_criteria_2015/#U6b78#U4ec1#U6240(104#U5e74#U4e8c#U7248)/#U6b78#U4ec1#U6240#U5730#U50f9#U5340#U57df#U56e0#U7d20#U660e#U7d30#U8868(#U571f#U5730#U5fb5#U6536#U88dc#U511f#U5e02#U50f9#U67e5#U4f30#U7528)1040423/#U6b78#U4ec1#U5340/#U5176#U4ed6#U7528#U5730/#U81fa#U5357#U5e02#U6b78#U4ec1#U5340#U5f71#U97ff#U5176#U4ed6#U7528#U5730#U5730#U50f9#U500b#U5225#U56e0#U7d20#U8a55#U50f9#U57fa#U6e96#U660e#U7d30#U8868.pdf,local_governments/tainan/evaluation_criteria/expanded/tainan_guiren_land_office_regional_individual_0140_1e53646cd5.pdf
local_governments/tainan/evaluation_criteria/tainan_guiren_land_office_regional_individual_factor_criteria_2015/#U6b78#U4ec1#U6240(104#U5e74#U4e8c#U7248)/#U6b78#U4ec1#U6240#U5730#U50f9#U5340#U57df#U56e0#U7d20#U660e#U7d30#U8868(#U571f#U5730#U5fb5#U6536#U88dc#U511f#U5e02#U50f9#U67e5#U4f30#U7528)1040423/#U6b78#U4ec1#U5340/#U5546#U696d#U7528#U5730/#U666e#U901a#U5546#U696d#U7528#U5730/#U81fa#U5357#U5e02#U6b78#U4ec1#U5340#U5f71#U97ff#U5546#U696d#U7528#U5730#U5730#U50f9#U500b#U5225#U56e0#U7d20#U8a55#U50f9#U57fa#U6e96#U660e#U7d30#U8868.pdf,local_governments/tainan/evaluation_criteria/expanded/tainan_guiren_land_office_regional_individual_0141_95dceecec5.pdf
local_governments/tainan/evaluation_criteria/tainan_guiren_land_office_regional_individual_factor_criteria_2015/#U6b78#U4ec1#U6240(104#U5e74#U4e8c#U7248)/#U6b78#U4ec1#U6240#U5730#U50f9#U5340#U57df#U56e0#U7d20#U660e#U7d30#U8868(#U571f#U5730#U5fb5#U6536#U88dc#U511f#U5e02#U50f9#U67e5#U4f30#U7528)1040423/#U6b78#U4ec1#U5340/#U5546#U696d#U7528#U5730/#U666e#U901a#U5546#U696d#U7528#U5730/#U81fa#U5357#U5e02#U6b78#U4ec1#U5340#U5f71#U97ff#U666e#U901a#U5546#U696d#U7528#U5730#U5340#U57df#U56e0#U7d20#U8a55#U50f9#U57fa#U6e96#U660e#U7d30#U8868.pdf,local_governments/tainan/evaluation_criteria/expanded/tainan_guiren_land_office_regional_individual_0142_8570ba2deb.pdf
local_governments/tainan/evaluation_criteria/tainan_guiren_land_office_regional_individual_factor_criteria_2015/#U6b78#U4ec1#U6240(104#U5e74#U4e8c#U7248)/#U6b78#U4ec1#U6240#U5730#U50f9#U5340#U57df#U56e0#U7d20#U660e#U7d30#U8868(#U571f#U5730#U5fb5#U6536#U88dc#U511f#U5e02#U50f9#U67e5#U4f30#U7528)1040423/#U6b78#U4ec1#U5340/#U5de5#U696d#U7528#U5730/#U4e2d#U5c0f#U898f#U6a21#U5de5#U696d#U7528#U5730/#U81fa#U5357#U5e02#U6b78#U4ec1#U5340#U5f71#U97ff#U4e2d#U5c0f#U898f#U6a21#U5de5#U696d#U7528#U5730#U5340#U57df#U56e0#U7d20#U8a55#U50f9#U57fa#U6e96#U660e#U7d30#U8868.pdf,local_governments/tainan/evaluation_criteria/expanded/tainan_guiren_land_office_regional_individual_0143_c948e6c5b7.pdf
local_governments/tainan/evaluation_criteria/tainan_guiren_land_office_regional_individual_factor_criteria_2015/#U6b78#U4ec1#U6240(104#U5e74#U4e8c#U7248)/#U6b78#U4ec1#U6240#U5730#U50f9#U5340#U57df#U56e0#U7d20#U660e#U7d30#U8868(#U571f#U5730#U5fb5#U6536#U88dc#U511f#U5e02#U50f9#U67e5#U4f30#U7528)1040423/#U6b78#U4ec1#U5340/#U5de5#U696d#U7528#U5730/#U4e2d#U5c0f#U898f#U6a21#U5de5#U696d#U7528#U5730/#U81fa#U5357#U5e02#U6b78#U4ec1#U5340#U5f71#U97ff#U5de5#U696d#U7528#U5730#U5730#U50f9#U500b#U5225#U56e0#U7d20#U8a55#U50f9#U57fa#U6e96#U660e#U7d30#U8868.pdf,local_governments/tainan/evaluation_criteria/expanded/tainan_guiren_land_office_regional_individual_0144_9a929ba29c.pdf
local_governments/tainan/evaluation_criteria/tainan_guiren_land_office_regional_individual_factor_criteria_2015/#U6b78#U4ec1#U6240(104#U5e74#U4e8c#U7248)/#U6b78#U4ec1#U6240#U5730#U50f9#U5340#U57df#U56e0#U7d20#U660e#U7d30#U8868(#U571f#U5730#U5fb5#U6536#U88dc#U511f#U5e02#U50f9#U67e5#U4f30#U7528)1040423/#U6b78#U4ec1#U5340/#U8fb2#U696d#U7528#U5730/#U81fa#U5357#U5e02#U6b78#U4ec1#U5340#U5f71#U97ff#U8fb2#U696d#U7528#U5730#U5340#U57df#U56e0#U7d20#U8a55#U50f9#U57fa#U6e96#U660e#U7d30#U8868.pdf,local_governments/tainan/evaluation_criteria/expanded/tainan_guiren_land_office_regional_individual_0145_a327e17d6e.pdf
local_governments/tainan/evaluation_criteria/tainan_guiren_land_office_regional_individual_factor_criteria_2015/#U6b78#U4ec1#U6240(104#U5e74#U4e8c#U7248)/#U6b78#U4ec1#U6240#U5730#U50f9#U5340#U57df#U56e0#U7d20#U660e#U7d30#U8868(#U571f#U5730#U5fb5#U6536#U88dc#U511f#U5e02#U50f9#U67e5#U4f30#U7528)1040423/#U6b78#U4ec1#U5340/#U8fb2#U696d#U7528#U5730/#U81fa#U5357#U5e02#U6b78#U4ec1#U5340#U5f71#U97ff#U8fb2#U696d#U7528#U5730#U5730#U50f9#U500b#U5225#U56e0#U7d20#U8a55#U50f9#U57fa#U6e96#U660e#U7d30#U8868.pdf,local_governments/tainan/evaluation_criteria/expanded/tainan_guiren_land_office_regional_individual_0146_51a80b016b.pdf
local_governments/tainan/evaluation_criteria/tainan_guiren_land_office_regional_individual_factor_criteria_2015/#U6b78#U4ec1#U6240(104#U5e74#U4e8c#U7248)/#U6b78#U4ec1#U6240#U5730#U50f9#U5340#U57df#U56e0#U7d20#U660e#U7d30#U8868(#U571f#U5730#U5fb5#U6536#U88dc#U511f#U5e02#U50f9#U67e5#U4f30#U7528)1040423/#U95dc#U5edf#U5340/#U4f4f#U5b85#U7528#U5730/#U666e#U901a#U4f4f#U5b85#U7528#U5730/#U81fa#U5357#U5e02#U95dc#U5edf#U5340#U5f71#U97ff#U4f4f#U5b85#U7528#U5730#U5730#U50f9#U500b#U5225#U56e0#U7d20#U8a55#U50f9#U57fa#U6e96#U660e#U7d30#U8868.pdf,local_governments/tainan/evaluation_criteria/expanded/tainan_guiren_land_office_regional_individual_0147_4327014c21.pdf
local_governments/tainan/evaluation_criteria/tainan_guiren_land_office_regional_individual_factor_criteria_2015/#U6b78#U4ec1#U6240(104#U5e74#U4e8c#U7248)/#U6b78#U4ec1#U6240#U5730#U50f9#U5340#U57df#U56e0#U7d20#U660e#U7d30#U8868(#U571f#U5730#U5fb5#U6536#U88dc#U511f#U5e02#U50f9#U67e5#U4f30#U7528)1040423/#U95dc#U5edf#U5340/#U4f4f#U5b85#U7528#U5730/#U666e#U901a#U4f4f#U5b85#U7528#U5730/#U81fa#U5357#U5e02#U95dc#U5edf#U5340#U5f71#U97ff#U666e#U901a#U4f4f#U5b85#U7528#U5730#U5340#U57df#U56e0#U7d20#U8a55#U50f9#U57fa#U6e96#U660e#U7d30#U8868.pdf,local_governments/tainan/evaluation_criteria/expanded/tainan_guiren_land_office_regional_individual_0148_75cfecd385.pdf
local_governments/tainan/evaluation_criteria/tainan_guiren_land_office_regional_individual_factor_criteria_2015/#U6b78#U4ec1#U6240(104#U5e74#U4e8c#U7248)/#U6b78#U4ec1#U6240#U5730#U50f9#U5340#U57df#U56e0#U7d20#U660e#U7d30#U8868(#U571f#U5730#U5fb5#U6536#U88dc#U511f#U5e02#U50f9#U67e5#U4f30#U7528)1040423/#U95dc#U5edf#U5340/#U4f4f#U5b85#U7528#U5730/#U6751#U91cc#U9130#U4f4f#U5b85#U7528#U5730/#U81fa#U5357#U5e02#U95dc#U5edf#U5340#U5f71#U97ff#U4f4f#U5b85#U7528#U5730#U5730#U50f9#U500b#U5225#U56e0#U7d20#U8a55#U50f9#U57fa#U6e96#U660e#U7d30#U8868.pdf,local_governments/tainan/evaluation_criteria/expanded/tainan_guiren_land_office_regional_individual_0149_09150d218a.pdf
local_governments/tainan/evaluation_criteria/tainan_guiren_land_office_regional_individual_factor_criteria_2015/#U6b78#U4ec1#U6240(104#U5e74#U4e8c#U7248)/#U6b78#U4ec1#U6240#U5730#U50f9#U5340#U57df#U56e0#U7d20#U660e#U7d30#U8868(#U571f#U5730#U5fb5#U6536#U88dc#U511f#U5e02#U50f9#U67e5#U4f30#U7528)1040423/#U95dc#U5edf#U5340/#U4f4f#U5b85#U7528#U5730/#U6751#U91cc#U9130#U4f4f#U5b85#U7528#U5730/#U81fa#U5357#U5e02#U95dc#U5edf#U5340#U5f71#U97ff#U6751#U91cc#U9130#U4f4f#U5b85#U7528#U5730#U5340#U57df#U56e0#U7d20#U8a55#U50f9#U57fa#U6e96#U660e#U7d30#U8868.pdf,local_governments/tainan/evaluation_criteria/expanded/tainan_guiren_land_office_regional_individual_0150_bdbe6d1712.pdf
local_governments/tainan/evaluation_criteria/tainan_guiren_land_office_regional_individual_factor_criteria_2015/#U6b78#U4ec1#U6240(104#U5e74#U4e8c#U7248)/#U6b78#U4ec1#U6240#U5730#U50f9#U5340#U57df#U56e0#U7d20#U660e#U7d30#U8868(#U571f#U5730#U5fb5#U6536#U88dc#U511f#U5e02#U50f9#U67e5#U4f30#U7528)1040423/#U95dc#U5edf#U5340/#U5176#U4ed6#U7528#U5730/#U81fa#U5357#U5e02#U95dc#U5edf#U5340#U5f71#U97ff#U5176#U4ed6#U7528#U5730#U5340#U57df#U56e0#U7d20#U8a55#U50f9#U57fa#U6e96#U660e#U7d30#U8868.pdf,local_governments/tainan/evaluation_criteria/expanded/tainan_guiren_land_office_regional_individual_0151_242b651f91.pdf
local_governments/tainan/evaluation_criteria/tainan_guiren_land_office_regional_individual_factor_criteria_2015/#U6b78#U4ec1#U6240(104#U5e74#U4e8c#U7248)/#U6b78#U4ec1#U6240#U5730#U50f9#U5340#U57df#U56e0#U7d20#U660e#U7d30#U8868(#U571f#U5730#U5fb5#U6536#U88dc#U511f#U5e02#U50f9#U67e5#U4f30#U7528)1040423/#U95dc#U5edf#U5340/#U5176#U4ed6#U7528#U5730/#U81fa#U5357#U5e02#U95dc#U5edf#U5340#U5f71#U97ff#U5176#U4ed6#U7528#U5730#U5730#U50f9#U500b#U5225#U56e0#U7d20#U8a55#U50f9#U57fa#U6e96#U660e#U7d30#U8868.pdf,local_governments/tainan/evaluation_criteria/expanded/tainan_guiren_land_office_regional_individual_0152_669eae78f3.pdf
local_governments/tainan/evaluation_criteria/tainan_guiren_land_office_regional_individual_factor_criteria_2015/#U6b78#U4ec1#U6240(104#U5e74#U4e8c#U7248)/#U6b78#U4ec1#U6240#U5730#U50f9#U5340#U57df#U56e0#U7d20#U660e#U7d30#U8868(#U571f#U5730#U5fb5#U6536#U88dc#U511f#U5e02#U50f9#U67e5#U4f30#U7528)1040423/#U95dc#U5edf#U5340/#U5546#U696d#U7528#U5730/#U666e#U901a#U5546#U696d#U7528#U5730/#U81fa#U5357#U5e02#U95dc#U5edf#U5340#U5f71#U97ff#U5546#U696d#U7528#U5730#U5730#U50f9#U500b#U5225#U56e0#U7d20#U8a55#U50f9#U57fa#U6e96#U660e#U7d30#U8868.pdf,local_governments/tainan/evaluation_criteria/expanded/tainan_guiren_land_office_regional_individual_0153_83dac42fa3.pdf
local_governments/tainan/evaluation_criteria/tainan_guiren_land_office_regional_individual_factor_criteria_2015/#U6b78#U4ec1#U6240(104#U5e74#U4e8c#U7248)/#U6b78#U4ec1#U6240#U5730#U50f9#U5340#U57df#U56e0#U7d20#U660e#U7d30#U8868(#U571f#U5730#U5fb5#U6536#U88dc#U511f#U5e02#U50f9#U67e5#U4f30#U7528)1040423/#U95dc#U5edf#U5340/#U5546#U696d#U7528#U5730/#U666e#U901a#U5546#U696d#U7528#U5730/#U81fa#U5357#U5e02#U95dc#U5edf#U5340#U5f71#U97ff#U666e#U901a#U5546#U696d#U7528#U5730#U5340#U57df#U56e0#U7d20#U8a55#U50f9#U57fa#U6e96#U660e#U7d30#U8868.pdf,local_governments/tainan/evaluation_criteria/expanded/tainan_guiren_land_office_regional_individual_0154_9c9f2828ab.pdf
local_governments/tainan/evaluation_criteria/tainan_guiren_land_office_regional_individual_factor_criteria_2015/#U6b78#U4ec1#U6240(104#U5e74#U4e8c#U7248)/#U6b78#U4ec1#U6240#U5730#U50f9#U5340#U57df#U56e0#U7d20#U660e#U7d30#U8868(#U571f#U5730#U5fb5#U6536#U88dc#U511f#U5e02#U50f9#U67e5#U4f30#U7528)1040423/#U95dc#U5edf#U5340/#U5de5#U696d#U7528#U5730/#U4e2d#U5c0f#U898f#U6a21#U5de5#U696d#U7528#U5730/#U81fa#U5357#U5e02#U95dc#U5edf#U5340#U5f71#U97ff#U4e2d#U5c0f#U898f#U6a21#U5de5#U696d#U7528#U5730#U5340#U57df#U56e0#U7d20#U8a55#U50f9#U57fa#U6e96#U660e#U7d30#U8868.pdf,local_governments/tainan/evaluation_criteria/expanded/tainan_guiren_land_office_regional_individual_0155_18ed13c894.pdf
local_governments/tainan/evaluation_criteria/tainan_guiren_land_office_regional_individual_factor_criteria_2015/#U6b78#U4ec1#U6240(104#U5e74#U4e8c#U7248)/#U6b78#U4ec1#U6240#U5730#U50f9#U5340#U57df#U56e0#U7d20#U660e#U7d30#U8868(#U571f#U5730#U5fb5#U6536#U88dc#U511f#U5e02#U50f9#U67e5#U4f30#U7528)1040423/#U95dc#U5edf#U5340/#U5de5#U696d#U7528#U5730/#U4e2d#U5c0f#U898f#U6a21#U5de5#U696d#U7528#U5730/#U81fa#U5357#U5e02#U95dc#U5edf#U5340#U5f71#U97ff#U5de5#U696d#U7528#U5730#U5730#U50f9#U500b#U5225#U56e0#U7d20#U8a55#U50f9#U57fa#U6e96#U660e#U7d30#U8868.pdf,local_governments/tainan/evaluation_criteria/expanded/tainan_guiren_land_office_regional_individual_0156_512d29d1c8.pdf
local_governments/tainan/evaluation_criteria/tainan_guiren_land_office_regional_individual_factor_criteria_2015/#U6b78#U4ec1#U6240(104#U5e74#U4e8c#U7248)/#U6b78#U4ec1#U6240#U5730#U50f9#U5340#U57df#U56e0#U7d20#U660e#U7d30#U8868(#U571f#U5730#U5fb5#U6536#U88dc#U511f#U5e02#U50f9#U67e5#U4f30#U7528)1040423/#U95dc#U5edf#U5340/#U8fb2#U696d#U7528#U5730/#U81fa#U5357#U5e02#U95dc#U5edf#U5340#U5f71#U97ff#U8fb2#U696d#U7528#U5730#U5340#U57df#U56e0#U7d20#U8a55#U50f9#U57fa#U6e96#U660e#U7d30#U8868.pdf,local_governments/tainan/evaluation_criteria/expanded/tainan_guiren_land_office_regional_individual_0157_398bf62993.pdf
local_governments/tainan/evaluation_criteria/tainan_guiren_land_office_regional_individual_factor_criteria_2015/#U6b78#U4ec1#U6240(104#U5e74#U4e8c#U7248)/#U6b78#U4ec1#U6240#U5730#U50f9#U5340#U57df#U56e0#U7d20#U660e#U7d30#U8868(#U571f#U5730#U5fb5#U6536#U88dc#U511f#U5e02#U50f9#U67e5#U4f30#U7528)1040423/#U95dc#U5edf#U5340/#U8fb2#U696d#U7528#U5730/#U81fa#U5357#U5e02#U95dc#U5edf#U5340#U5f71#U97ff#U8fb2#U696d#U7528#U5730#U5730#U50f9#U500b#U5225#U56e0#U7d20#U8a55#U50f9#U57fa#U6e96#U660e#U7d30#U8868.pdf,local_governments/tainan/evaluation_criteria/expanded/tainan_guiren_land_office_regional_individual_0158_ea0c471c8d.pdf
local_governments/tainan/evaluation_criteria/tainan_guiren_land_office_regional_individual_factor_criteria_2015/#U6b78#U4ec1#U6240(104#U5e74#U4e8c#U7248)/#U6b78#U4ec1#U6240#U5730#U50f9#U5340#U57df#U56e0#U7d20#U660e#U7d30#U8868(#U571f#U5730#U5fb5#U6536#U88dc#U511f#U5e02#U50f9#U67e5#U4f30#U7528)1040423/#U9f8d#U5d0e#U5340/#U4f4f#U5b85#U7528#U5730/#U6751#U91cc#U9130#U4f4f#U5b85#U7528#U5730/#U81fa#U5357#U5e02#U9f8d#U5d0e#U5340#U5f71#U97ff#U4f4f#U5b85#U7528#U5730#U5730#U50f9#U500b#U5225#U56e0#U7d20#U8a55#U50f9#U57fa#U6e96#U660e#U7d30#U8868.pdf,local_governments/tainan/evaluation_criteria/expanded/tainan_guiren_land_office_regional_individual_0159_0ea0cc3733.pdf
local_governments/tainan/evaluation_criteria/tainan_guiren_land_office_regional_individual_factor_criteria_2015/#U6b78#U4ec1#U6240(104#U5e74#U4e8c#U7248)/#U6b78#U4ec1#U6240#U5730#U50f9#U5340#U57df#U56e0#U7d20#U660e#U7d30#U8868(#U571f#U5730#U5fb5#U6536#U88dc#U511f#U5e02#U50f9#U67e5#U4f30#U7528)1040423/#U9f8d#U5d0e#U5340/#U4f4f#U5b85#U7528#U5730/#U6751#U91cc#U9130#U4f4f#U5b85#U7528#U5730/#U81fa#U5357#U5e02#U9f8d#U5d0e#U5340#U5f71#U97ff#U6751#U91cc#U9130#U4f4f#U5b85#U7528#U5730#U5340#U57df#U56e0#U7d20#U8a55#U50f9#U57fa#U6e96#U660e#U7d30#U8868.pdf,local_governments/tainan/evaluation_criteria/expanded/tainan_guiren_land_office_regional_individual_0160_8fd853d708.pdf
local_governments/tainan/evaluation_criteria/tainan_guiren_land_office_regional_individual_factor_criteria_2015/#U6b78#U4ec1#U6240(104#U5e74#U4e8c#U7248)/#U6b78#U4ec1#U6240#U5730#U50f9#U5340#U57df#U56e0#U7d20#U660e#U7d30#U8868(#U571f#U5730#U5fb5#U6536#U88dc#U511f#U5e02#U50f9#U67e5#U4f30#U7528)1040423/#U9f8d#U5d0e#U5340/#U5176#U4ed6#U7528#U5730/#U81fa#U5357#U5e02#U9f8d#U5d0e#U5340#U5f71#U97ff#U5176#U4ed6#U7528#U5730#U5340#U57df#U56e0#U7d20#U8a55#U50f9#U57fa#U6e96#U660e#U7d30#U8868.pdf,local_governments/tainan/evaluation_criteria/expanded/tainan_guiren_land_office_regional_individual_0161_377e6c0e0a.pdf
local_governments/tainan/evaluation_criteria/tainan_guiren_land_office_regional_individual_factor_criteria_2015/#U6b78#U4ec1#U6240(104#U5e74#U4e8c#U7248)/#U6b78#U4ec1#U6240#U5730#U50f9#U5340#U57df#U56e0#U7d20#U660e#U7d30#U8868(#U571f#U5730#U5fb5#U6536#U88dc#U511f#U5e02#U50f9#U67e5#U4f30#U7528)1040423/#U9f8d#U5d0e#U5340/#U5176#U4ed6#U7528#U5730/#U81fa#U5357#U5e02#U9f8d#U5d0e#U5340#U5f71#U97ff#U5176#U4ed6#U7528#U5730#U5730#U50f9#U500b#U5225#U56e0#U7d20#U8a55#U50f9#U57fa#U6e96#U660e#U7d30#U8868.pdf,local_governments/tainan/evaluation_criteria/expanded/tainan_guiren_land_office_regional_individual_0162_b422dcbc7a.pdf
local_governments/tainan/evaluation_criteria/tainan_guiren_land_office_regional_individual_factor_criteria_2015/#U6b78#U4ec1#U6240(104#U5e74#U4e8c#U7248)/#U6b78#U4ec1#U6240#U5730#U50f9#U5340#U57df#U56e0#U7d20#U660e#U7d30#U8868(#U571f#U5730#U5fb5#U6536#U88dc#U511f#U5e02#U50f9#U67e5#U4f30#U7528)1040423/#U9f8d#U5d0e#U5340/#U5de5#U696d#U7528#U5730/#U4e2d#U5c0f#U898f#U6a21#U5de5#U696d#U7528#U5730/#U81fa#U5357#U5e02#U9f8d#U5d0e#U5340#U5f71#U97ff#U4e2d#U5c0f#U898f#U6a21#U5de5#U696d#U7528#U5730#U5340#U57df#U56e0#U7d20#U8a55#U50f9#U57fa#U6e96#U660e#U7d30#U8868.pdf,local_governments/tainan/evaluation_criteria/expanded/tainan_guiren_land_office_regional_individual_0163_3fff371c48.pdf
local_governments/tainan/evaluation_criteria/tainan_guiren_land_office_regional_individual_factor_criteria_2015/#U6b78#U4ec1#U6240(104#U5e74#U4e8c#U7248)/#U6b78#U4ec1#U6240#U5730#U50f9#U5340#U57df#U56e0#U7d20#U660e#U7d30#U8868(#U571f#U5730#U5fb5#U6536#U88dc#U511f#U5e02#U50f9#U67e5#U4f30#U7528)1040423/#U9f8d#U5d0e#U5340/#U5de5#U696d#U7528#U5730/#U4e2d#U5c0f#U898f#U6a21#U5de5#U696d#U7528#U5730/#U81fa#U5357#U5e02#U9f8d#U5d0e#U5340#U5f71#U97ff#U5de5#U696d#U7528#U5730#U5730#U50f9#U500b#U5225#U56e0#U7d20#U8a55#U50f9#U57fa#U6e96#U660e#U7d30#U8868.pdf,local_governments/tainan/evaluation_criteria/expanded/tainan_guiren_land_office_regional_individual_0164_c5f55e1a4d.pdf
local_governments/tainan/evaluation_criteria/tainan_guiren_land_office_regional_individual_factor_criteria_2015/#U6b78#U4ec1#U6240(104#U5e74#U4e8c#U7248)/#U6b78#U4ec1#U6240#U5730#U50f9#U5340#U57df#U56e0#U7d20#U660e#U7d30#U8868(#U571f#U5730#U5fb5#U6536#U88dc#U511f#U5e02#U50f9#U67e5#U4f30#U7528)1040423/#U9f8d#U5d0e#U5340/#U8fb2#U696d#U7528#U5730/#U81fa#U5357#U5e02#U9f8d#U5d0e#U5340#U5f71#U97ff#U8fb2#U696d#U7528#U5730#U5340#U57df#U56e0#U7d20#U8a55#U50f9#U57fa#U6e96#U660e#U7d30#U8868.pdf,local_governments/tainan/evaluation_criteria/expanded/tainan_guiren_land_office_regional_individual_0165_3400497b78.pdf
local_governments/tainan/evaluation_criteria/tainan_guiren_land_office_regional_individual_factor_criteria_2015/#U6b78#U4ec1#U6240(104#U5e74#U4e8c#U7248)/#U6b78#U4ec1#U6240#U5730#U50f9#U5340#U57df#U56e0#U7d20#U660e#U7d30#U8868(#U571f#U5730#U5fb5#U6536#U88dc#U511f#U5e02#U50f9#U67e5#U4f30#U7528)1040423/#U9f8d#U5d0e#U5340/#U8fb2#U696d#U7528#U5730/#U81fa#U5357#U5e02#U9f8d#U5d0e#U5340#U5f71#U97ff#U8fb2#U696d#U7528#U5730#U5730#U50f9#U500b#U5225#U56e0#U7d20#U8a55#U50f9#U57fa#U6e96#U660e#U7d30#U8868.pdf,local_governments/tainan/evaluation_criteria/expanded/tainan_guiren_land_office_regional_individual_0166_fd70931b4f.pdf
local_governments/tainan/evaluation_criteria/tainan_jiali_land_office_regional_individual_factor_criteria_2015/#U4f73#U91cc#U6240(104#U5e74#U4e8c#U7248)/#U4e03#U80a1#U5340/#U4f4f#U5b85#U7528#U5730/#U6751#U91cc#U9130#U4f4f#U5b85#U5340#U57df#U56e0#U7d20#U660e#U7d30#U8868.pdf,local_governments/tainan/evaluation_criteria/expanded/tainan_jiali_land_office_regional_individual__0167_401552c8b9.pdf
local_governments/tainan/evaluation_criteria/tainan_jiali_land_office_regional_individual_factor_criteria_2015/#U4f73#U91cc#U6240(104#U5e74#U4e8c#U7248)/#U4e03#U80a1#U5340/#U4f4f#U5b85#U7528#U5730/#U6751#U91cc#U9130#U4f4f#U5b85#U5340#U57df#U56e0#U7d20#U660e#U7d30#U8868.xls,local_governments/tainan/evaluation_criteria/expanded/tainan_jiali_land_office_regional_individual__0168_fd9c6bc655.xls
local_governments/tainan/evaluation_criteria/tainan_jiali_land_office_regional_individual_factor_criteria_2015/#U4f73#U91cc#U6240(104#U5e74#U4e8c#U7248)/#U4e03#U80a1#U5340/#U4f4f#U5b85#U7528#U5730/#U81fa#U5357#U5e02#U4e03#U80a1#U5340#U5f71#U97ff#U4f4f#U5b85#U7528#U5730#U5730#U50f9#U500b#U5225#U56e0#U7d20#U8a55#U50f9#U57fa#U6e96#U660e#U7d30#U8868.pdf,local_governments/tainan/evaluation_criteria/expanded/tainan_jiali_land_office_regional_individual__0169_455dfe32bc.pdf
local_governments/tainan/evaluation_criteria/tainan_jiali_land_office_regional_individual_factor_criteria_2015/#U4f73#U91cc#U6240(104#U5e74#U4e8c#U7248)/#U4e03#U80a1#U5340/#U4f4f#U5b85#U7528#U5730/#U81fa#U5357#U5e02#U4e03#U80a1#U5340#U5f71#U97ff#U4f4f#U5b85#U7528#U5730#U5730#U50f9#U500b#U5225#U56e0#U7d20#U8a55#U50f9#U57fa#U6e96#U660e#U7d30#U8868.xlsx,local_governments/tainan/evaluation_criteria/expanded/tainan_jiali_land_office_regional_individual__0170_d49d2d8c33.xlsx
local_governments/tainan/evaluation_criteria/tainan_jiali_land_office_regional_individual_factor_criteria_2015/#U4f73#U91cc#U6240(104#U5e74#U4e8c#U7248)/#U4e03#U80a1#U5340/#U5176#U4ed6#U7528#U5730/#U5176#U4ed6#U7528#U5730#U5340#U57df#U56e0#U7d20#U660e#U7d30#U8868.pdf,local_governments/tainan/evaluation_criteria/expanded/tainan_jiali_land_office_regional_individual__0171_56d177e9ff.pdf
local_governments/tainan/evaluation_criteria/tainan_jiali_land_office_regional_individual_factor_criteria_2015/#U4f73#U91cc#U6240(104#U5e74#U4e8c#U7248)/#U4e03#U80a1#U5340/#U5176#U4ed6#U7528#U5730/#U5176#U4ed6#U7528#U5730#U5340#U57df#U56e0#U7d20#U660e#U7d30#U8868.xls,local_governments/tainan/evaluation_criteria/expanded/tainan_jiali_land_office_regional_individual__0172_a9e01423c2.xls
local_governments/tainan/evaluation_criteria/tainan_jiali_land_office_regional_individual_factor_criteria_2015/#U4f73#U91cc#U6240(104#U5e74#U4e8c#U7248)/#U4e03#U80a1#U5340/#U5176#U4ed6#U7528#U5730/#U81fa#U5357#U5e02#U4e03#U80a1#U5340#U5f71#U97ff#U5176#U4ed6#U7528#U5730#U5730#U50f9#U500b#U5225#U56e0#U7d20#U8a55#U50f9#U57fa#U6e96#U660e#U7d30#U8868.pdf,local_governments/tainan/evaluation_criteria/expanded/tainan_jiali_land_office_regional_individual__0173_8257f34663.pdf
local_governments/tainan/evaluation_criteria/tainan_jiali_land_office_regional_individual_factor_criteria_2015/#U4f73#U91cc#U6240(104#U5e74#U4e8c#U7248)/#U4e03#U80a1#U5340/#U5176#U4ed6#U7528#U5730/#U81fa#U5357#U5e02#U4e03#U80a1#U5340#U5f71#U97ff#U5176#U4ed6#U7528#U5730#U5730#U50f9#U500b#U5225#U56e0#U7d20#U8a55#U50f9#U57fa#U6e96#U660e#U7d30#U8868.xlsx,local_governments/tainan/evaluation_criteria/expanded/tainan_jiali_land_office_regional_individual__0174_d4329f23f8.xlsx
local_governments/tainan/evaluation_criteria/tainan_jiali_land_office_regional_individual_factor_criteria_2015/#U4f73#U91cc#U6240(104#U5e74#U4e8c#U7248)/#U4e03#U80a1#U5340/#U5de5#U696d#U7528#U5730/#U4e2d#U5c0f#U898f#U6a21#U5de5#U696d#U5340#U57df#U56e0#U7d20#U660e#U7d30#U8868.pdf,local_governments/tainan/evaluation_criteria/expanded/tainan_jiali_land_office_regional_individual__0175_8f94a1de5b.pdf
local_governments/tainan/evaluation_criteria/tainan_jiali_land_office_regional_individual_factor_criteria_2015/#U4f73#U91cc#U6240(104#U5e74#U4e8c#U7248)/#U4e03#U80a1#U5340/#U5de5#U696d#U7528#U5730/#U4e2d#U5c0f#U898f#U6a21#U5de5#U696d#U5340#U57df#U56e0#U7d20#U660e#U7d30#U8868.xls,local_governments/tainan/evaluation_criteria/expanded/tainan_jiali_land_office_regional_individual__0176_48c1757d17.xls
local_governments/tainan/evaluation_criteria/tainan_jiali_land_office_regional_individual_factor_criteria_2015/#U4f73#U91cc#U6240(104#U5e74#U4e8c#U7248)/#U4e03#U80a1#U5340/#U5de5#U696d#U7528#U5730/#U81fa#U5357#U5e02#U4e03#U80a1#U5340#U5f71#U97ff#U5de5#U696d#U7528#U5730#U5730#U50f9#U500b#U5225#U56e0#U7d20#U8a55#U50f9#U57fa#U6e96#U660e#U7d30#U8868.pdf,local_governments/tainan/evaluation_criteria/expanded/tainan_jiali_land_office_regional_individual__0177_6b16a202d9.pdf
local_governments/tainan/evaluation_criteria/tainan_jiali_land_office_regional_individual_factor_criteria_2015/#U4f73#U91cc#U6240(104#U5e74#U4e8c#U7248)/#U4e03#U80a1#U5340/#U5de5#U696d#U7528#U5730/#U81fa#U5357#U5e02#U4e03#U80a1#U5340#U5f71#U97ff#U5de5#U696d#U7528#U5730#U5730#U50f9#U500b#U5225#U56e0#U7d20#U8a55#U50f9#U57fa#U6e96#U660e#U7d30#U8868.xlsx,local_governments/tainan/evaluation_criteria/expanded/tainan_jiali_land_office_regional_individual__0178_8debd6a10e.xlsx
local_governments/tainan/evaluation_criteria/tainan_jiali_land_office_regional_individual_factor_criteria_2015/#U4f73#U91cc#U6240(104#U5e74#U4e8c#U7248)/#U4e03#U80a1#U5340/#U8fb2#U696d#U7528#U5730/#U81fa#U5357#U5e02#U4e03#U80a1#U5340#U5f71#U97ff#U8fb2#U696d#U7528#U5730#U5730#U50f9#U500b#U5225#U56e0#U7d20#U8a55#U50f9#U57fa#U6e96#U660e#U7d30#U8868.pdf,local_governments/tainan/evaluation_criteria/expanded/tainan_jiali_land_office_regional_individual__0179_9ff3650715.pdf
local_governments/tainan/evaluation_criteria/tainan_jiali_land_office_regional_individual_factor_criteria_2015/#U4f73#U91cc#U6240(104#U5e74#U4e8c#U7248)/#U4e03#U80a1#U5340/#U8fb2#U696d#U7528#U5730/#U81fa#U5357#U5e02#U4e03#U80a1#U5340#U5f71#U97ff#U8fb2#U696d#U7528#U5730#U5730#U50f9#U500b#U5225#U56e0#U7d20#U8a55#U50f9#U57fa#U6e96#U660e#U7d30#U8868.xlsx,local_governments/tainan/evaluation_criteria/expanded/tainan_jiali_land_office_regional_individual__0180_aa8f83d6ba.xlsx
local_governments/tainan/evaluation_criteria/tainan_jiali_land_office_regional_individual_factor_criteria_2015/#U4f73#U91cc#U6240(104#U5e74#U4e8c#U7248)/#U4e03#U80a1#U5340/#U8fb2#U696d#U7528#U5730/#U8fb2#U696d#U7528#U5730#U5340#U57df#U56e0#U7d20#U660e#U7d30#U8868.pdf,local_governments/tainan/evaluation_criteria/expanded/tainan_jiali_land_office_regional_individual__0181_86f7bbe6c0.pdf
local_governments/tainan/evaluation_criteria/tainan_jiali_land_office_regional_individual_factor_criteria_2015/#U4f73#U91cc#U6240(104#U5e74#U4e8c#U7248)/#U4e03#U80a1#U5340/#U8fb2#U696d#U7528#U5730/#U8fb2#U696d#U7528#U5730#U5340#U57df#U56e0#U7d20#U660e#U7d30#U8868.xls,local_governments/tainan/evaluation_criteria/expanded/tainan_jiali_land_office_regional_individual__0182_b72233e74c.xls
local_governments/tainan/evaluation_criteria/tainan_jiali_land_office_regional_individual_factor_criteria_2015/#U4f73#U91cc#U6240(104#U5e74#U4e8c#U7248)/#U4f73#U91cc#U5340/#U4f4f#U5b85#U7528#U5730/#U666e#U901a#U4f4f#U5b85#U7528#U5730/#U666e#U901a#U4f4f#U5b85#U5340#U57df#U56e0#U7d20#U660e#U7d30#U8868.pdf,local_governments/tainan/evaluation_criteria/expanded/tainan_jiali_land_office_regional_individual__0183_4331c83ac4.pdf
local_governments/tainan/evaluation_criteria/tainan_jiali_land_office_regional_individual_factor_criteria_2015/#U4f73#U91cc#U6240(104#U5e74#U4e8c#U7248)/#U4f73#U91cc#U5340/#U4f4f#U5b85#U7528#U5730/#U666e#U901a#U4f4f#U5b85#U7528#U5730/#U666e#U901a#U4f4f#U5b85#U5340#U57df#U56e0#U7d20#U660e#U7d30#U8868.xls,local_governments/tainan/evaluation_criteria/expanded/tainan_jiali_land_office_regional_individual__0184_b8f47a5aa7.xls
local_governments/tainan/evaluation_criteria/tainan_jiali_land_office_regional_individual_factor_criteria_2015/#U4f73#U91cc#U6240(104#U5e74#U4e8c#U7248)/#U4f73#U91cc#U5340/#U4f4f#U5b85#U7528#U5730/#U6751#U91cc#U9130#U4f4f#U5b85#U7528#U5730/#U6751#U91cc#U9130#U4f4f#U5b85#U5340#U57df#U56e0#U7d20#U660e#U7d30#U8868.pdf,local_governments/tainan/evaluation_criteria/expanded/tainan_jiali_land_office_regional_individual__0185_e074601b01.pdf
local_governments/tainan/evaluation_criteria/tainan_jiali_land_office_regional_individual_factor_criteria_2015/#U4f73#U91cc#U6240(104#U5e74#U4e8c#U7248)/#U4f73#U91cc#U5340/#U4f4f#U5b85#U7528#U5730/#U6751#U91cc#U9130#U4f4f#U5b85#U7528#U5730/#U6751#U91cc#U9130#U4f4f#U5b85#U5340#U57df#U56e0#U7d20#U660e#U7d30#U8868.xls,local_governments/tainan/evaluation_criteria/expanded/tainan_jiali_land_office_regional_individual__0186_82b0fb3d80.xls
local_governments/tainan/evaluation_criteria/tainan_jiali_land_office_regional_individual_factor_criteria_2015/#U4f73#U91cc#U6240(104#U5e74#U4e8c#U7248)/#U4f73#U91cc#U5340/#U4f4f#U5b85#U7528#U5730/#U81fa#U5357#U5e02#U4f73#U91cc#U5340#U5f71#U97ff#U4f4f#U5b85#U7528#U5730#U5730#U50f9#U500b#U5225#U56e0#U7d20#U8a55#U50f9#U57fa#U6e96#U660e#U7d30#U8868.pdf,local_governments/tainan/evaluation_criteria/expanded/tainan_jiali_land_office_regional_individual__0187_bfb24407c3.pdf
local_governments/tainan/evaluation_criteria/tainan_jiali_land_office_regional_individual_factor_criteria_2015/#U4f73#U91cc#U6240(104#U5e74#U4e8c#U7248)/#U4f73#U91cc#U5340/#U4f4f#U5b85#U7528#U5730/#U81fa#U5357#U5e02#U4f73#U91cc#U5340#U5f71#U97ff#U4f4f#U5b85#U7528#U5730#U5730#U50f9#U500b#U5225#U56e0#U7d20#U8a55#U50f9#U57fa#U6e96#U660e#U7d30#U8868.xlsx,local_governments/tainan/evaluation_criteria/expanded/tainan_jiali_land_office_regional_individual__0188_79e2d60334.xlsx
local_governments/tainan/evaluation_criteria/tainan_jiali_land_office_regional_individual_factor_criteria_2015/#U4f73#U91cc#U6240(104#U5e74#U4e8c#U7248)/#U4f73#U91cc#U5340/#U5176#U4ed6#U7528#U5730/#U5176#U4ed6#U7528#U5730#U5340#U57df#U56e0#U7d20#U660e#U7d30#U8868.pdf,local_governments/tainan/evaluation_criteria/expanded/tainan_jiali_land_office_regional_individual__0189_0968239285.pdf
local_governments/tainan/evaluation_criteria/tainan_jiali_land_office_regional_individual_factor_criteria_2015/#U4f73#U91cc#U6240(104#U5e74#U4e8c#U7248)/#U4f73#U91cc#U5340/#U5176#U4ed6#U7528#U5730/#U5176#U4ed6#U7528#U5730#U5340#U57df#U56e0#U7d20#U660e#U7d30#U8868.xls,local_governments/tainan/evaluation_criteria/expanded/tainan_jiali_land_office_regional_individual__0190_d9d2365018.xls
local_governments/tainan/evaluation_criteria/tainan_jiali_land_office_regional_individual_factor_criteria_2015/#U4f73#U91cc#U6240(104#U5e74#U4e8c#U7248)/#U4f73#U91cc#U5340/#U5176#U4ed6#U7528#U5730/#U81fa#U5357#U5e02#U4f73#U91cc#U5340#U5f71#U97ff#U5176#U4ed6#U7528#U5730#U5730#U50f9#U500b#U5225#U56e0#U7d20#U8a55#U50f9#U57fa#U6e96#U660e#U7d30#U8868.pdf,local_governments/tainan/evaluation_criteria/expanded/tainan_jiali_land_office_regional_individual__0191_f5a5b20a21.pdf
local_governments/tainan/evaluation_criteria/tainan_jiali_land_office_regional_individual_factor_criteria_2015/#U4f73#U91cc#U6240(104#U5e74#U4e8c#U7248)/#U4f73#U91cc#U5340/#U5176#U4ed6#U7528#U5730/#U81fa#U5357#U5e02#U4f73#U91cc#U5340#U5f71#U97ff#U5176#U4ed6#U7528#U5730#U5730#U50f9#U500b#U5225#U56e0#U7d20#U8a55#U50f9#U57fa#U6e96#U660e#U7d30#U8868.xlsx,local_governments/tainan/evaluation_criteria/expanded/tainan_jiali_land_office_regional_individual__0192_f0f7062bef.xlsx
local_governments/tainan/evaluation_criteria/tainan_jiali_land_office_regional_individual_factor_criteria_2015/#U4f73#U91cc#U6240(104#U5e74#U4e8c#U7248)/#U4f73#U91cc#U5340/#U5546#U696d#U7528#U5730/#U666e#U901a#U5546#U696d#U5340#U57df#U56e0#U7d20#U660e#U7d30#U8868.pdf,local_governments/tainan/evaluation_criteria/expanded/tainan_jiali_land_office_regional_individual__0193_5ca55f8dd5.pdf
local_governments/tainan/evaluation_criteria/tainan_jiali_land_office_regional_individual_factor_criteria_2015/#U4f73#U91cc#U6240(104#U5e74#U4e8c#U7248)/#U4f73#U91cc#U5340/#U5546#U696d#U7528#U5730/#U666e#U901a#U5546#U696d#U5340#U57df#U56e0#U7d20#U660e#U7d30#U8868.xls,local_governments/tainan/evaluation_criteria/expanded/tainan_jiali_land_office_regional_individual__0194_5cffdf86d8.xls
local_governments/tainan/evaluation_criteria/tainan_jiali_land_office_regional_individual_factor_criteria_2015/#U4f73#U91cc#U6240(104#U5e74#U4e8c#U7248)/#U4f73#U91cc#U5340/#U5546#U696d#U7528#U5730/#U81fa#U5357#U5e02#U4f73#U91cc#U5340#U5f71#U97ff#U5546#U696d#U7528#U5730#U5730#U50f9#U500b#U5225#U56e0#U7d20#U8a55#U50f9#U57fa#U6e96#U660e#U7d30#U8868.pdf,local_governments/tainan/evaluation_criteria/expanded/tainan_jiali_land_office_regional_individual__0195_edfabb5b17.pdf
local_governments/tainan/evaluation_criteria/tainan_jiali_land_office_regional_individual_factor_criteria_2015/#U4f73#U91cc#U6240(104#U5e74#U4e8c#U7248)/#U4f73#U91cc#U5340/#U5546#U696d#U7528#U5730/#U81fa#U5357#U5e02#U4f73#U91cc#U5340#U5f71#U97ff#U5546#U696d#U7528#U5730#U5730#U50f9#U500b#U5225#U56e0#U7d20#U8a55#U50f9#U57fa#U6e96#U660e#U7d30#U8868.xlsx,local_governments/tainan/evaluation_criteria/expanded/tainan_jiali_land_office_regional_individual__0196_8616176877.xlsx
local_governments/tainan/evaluation_criteria/tainan_jiali_land_office_regional_individual_factor_criteria_2015/#U4f73#U91cc#U6240(104#U5e74#U4e8c#U7248)/#U4f73#U91cc#U5340/#U5de5#U696d#U7528#U5730/#U4e2d#U5c0f#U898f#U6a21#U5de5#U696d#U5340#U57df#U56e0#U7d20#U660e#U7d30#U8868.pdf,local_governments/tainan/evaluation_criteria/expanded/tainan_jiali_land_office_regional_individual__0197_d05aede5a6.pdf
local_governments/tainan/evaluation_criteria/tainan_jiali_land_office_regional_individual_factor_criteria_2015/#U4f73#U91cc#U6240(104#U5e74#U4e8c#U7248)/#U4f73#U91cc#U5340/#U5de5#U696d#U7528#U5730/#U4e2d#U5c0f#U898f#U6a21#U5de5#U696d#U5340#U57df#U56e0#U7d20#U660e#U7d30#U8868.xls,local_governments/tainan/evaluation_criteria/expanded/tainan_jiali_land_office_regional_individual__0198_3a7b204d16.xls
local_governments/tainan/evaluation_criteria/tainan_jiali_land_office_regional_individual_factor_criteria_2015/#U4f73#U91cc#U6240(104#U5e74#U4e8c#U7248)/#U4f73#U91cc#U5340/#U5de5#U696d#U7528#U5730/#U81fa#U5357#U5e02#U4f73#U91cc#U5340#U5f71#U97ff#U5de5#U696d#U7528#U5730#U5730#U50f9#U500b#U5225#U56e0#U7d20#U8a55#U50f9#U57fa#U6e96#U660e#U7d30#U8868.pdf,local_governments/tainan/evaluation_criteria/expanded/tainan_jiali_land_office_regional_individual__0199_ff97595404.pdf
local_governments/tainan/evaluation_criteria/tainan_jiali_land_office_regional_individual_factor_criteria_2015/#U4f73#U91cc#U6240(104#U5e74#U4e8c#U7248)/#U4f73#U91cc#U5340/#U5de5#U696d#U7528#U5730/#U81fa#U5357#U5e02#U4f73#U91cc#U5340#U5f71#U97ff#U5de5#U696d#U7528#U5730#U5730#U50f9#U500b#U5225#U56e0#U7d20#U8a55#U50f9#U57fa#U6e96#U660e#U7d30#U8868.xlsx,local_governments/tainan/evaluation_criteria/expanded/tainan_jiali_land_office_regional_individual__0200_d5e9a79df5.xlsx
local_governments/tainan/evaluation_criteria/tainan_jiali_land_office_regional_individual_factor_criteria_2015/#U4f73#U91cc#U6240(104#U5e74#U4e8c#U7248)/#U4f73#U91cc#U5340/#U8fb2#U696d#U7528#U5730/#U81fa#U5357#U5e02#U4f73#U91cc#U5340#U5f71#U97ff#U8fb2#U696d#U7528#U5730#U5730#U50f9#U500b#U5225#U56e0#U7d20#U8a55#U50f9#U57fa#U6e96#U660e#U7d30#U8868.pdf,local_governments/tainan/evaluation_criteria/expanded/tainan_jiali_land_office_regional_individual__0201_88e3b2d1e7.pdf
local_governments/tainan/evaluation_criteria/tainan_jiali_land_office_regional_individual_factor_criteria_2015/#U4f73#U91cc#U6240(104#U5e74#U4e8c#U7248)/#U4f73#U91cc#U5340/#U8fb2#U696d#U7528#U5730/#U81fa#U5357#U5e02#U4f73#U91cc#U5340#U5f71#U97ff#U8fb2#U696d#U7528#U5730#U5730#U50f9#U500b#U5225#U56e0#U7d20#U8a55#U50f9#U57fa#U6e96#U660e#U7d30#U8868.xlsx,local_governments/tainan/evaluation_criteria/expanded/tainan_jiali_land_office_regional_individual__0202_44a9d63a20.xlsx
local_governments/tainan/evaluation_criteria/tainan_jiali_land_office_regional_individual_factor_criteria_2015/#U4f73#U91cc#U6240(104#U5e74#U4e8c#U7248)/#U4f73#U91cc#U5340/#U8fb2#U696d#U7528#U5730/#U8fb2#U696d#U7528#U5730#U5340#U57df#U56e0#U7d20#U660e#U7d30#U8868.pdf,local_governments/tainan/evaluation_criteria/expanded/tainan_jiali_land_office_regional_individual__0203_b4217239fd.pdf
local_governments/tainan/evaluation_criteria/tainan_jiali_land_office_regional_individual_factor_criteria_2015/#U4f73#U91cc#U6240(104#U5e74#U4e8c#U7248)/#U4f73#U91cc#U5340/#U8fb2#U696d#U7528#U5730/#U8fb2#U696d#U7528#U5730#U5340#U57df#U56e0#U7d20#U660e#U7d30#U8868.xls,local_governments/tainan/evaluation_criteria/expanded/tainan_jiali_land_office_regional_individual__0204_4450f354e0.xls
local_governments/tainan/evaluation_criteria/tainan_jiali_land_office_regional_individual_factor_criteria_2015/#U4f73#U91cc#U6240(104#U5e74#U4e8c#U7248)/#U5317#U9580#U5340/#U4f4f#U5b85#U7528#U5730/#U666e#U901a#U4f4f#U5b85#U7528#U5730/#U666e#U901a#U4f4f#U5b85#U5340#U57df#U56e0#U7d20#U660e#U7d30#U8868.pdf,local_governments/tainan/evaluation_criteria/expanded/tainan_jiali_land_office_regional_individual__0205_b882f8480b.pdf
local_governments/tainan/evaluation_criteria/tainan_jiali_land_office_regional_individual_factor_criteria_2015/#U4f73#U91cc#U6240(104#U5e74#U4e8c#U7248)/#U5317#U9580#U5340/#U4f4f#U5b85#U7528#U5730/#U666e#U901a#U4f4f#U5b85#U7528#U5730/#U666e#U901a#U4f4f#U5b85#U5340#U57df#U56e0#U7d20#U660e#U7d30#U8868.xls,local_governments/tainan/evaluation_criteria/expanded/tainan_jiali_land_office_regional_individual__0206_e41843bbaa.xls
local_governments/tainan/evaluation_criteria/tainan_jiali_land_office_regional_individual_factor_criteria_2015/#U4f73#U91cc#U6240(104#U5e74#U4e8c#U7248)/#U5317#U9580#U5340/#U4f4f#U5b85#U7528#U5730/#U6751#U91cc#U9130#U4f4f#U5b85#U7528#U5730/#U6751#U91cc#U9130#U4f4f#U5b85#U5340#U57df#U56e0#U7d20#U660e#U7d30#U8868.pdf,local_governments/tainan/evaluation_criteria/expanded/tainan_jiali_land_office_regional_individual__0207_8f64b57a27.pdf
local_governments/tainan/evaluation_criteria/tainan_jiali_land_office_regional_individual_factor_criteria_2015/#U4f73#U91cc#U6240(104#U5e74#U4e8c#U7248)/#U5317#U9580#U5340/#U4f4f#U5b85#U7528#U5730/#U6751#U91cc#U9130#U4f4f#U5b85#U7528#U5730/#U6751#U91cc#U9130#U4f4f#U5b85#U5340#U57df#U56e0#U7d20#U660e#U7d30#U8868.xls,local_governments/tainan/evaluation_criteria/expanded/tainan_jiali_land_office_regional_individual__0208_19507f449b.xls
local_governments/tainan/evaluation_criteria/tainan_jiali_land_office_regional_individual_factor_criteria_2015/#U4f73#U91cc#U6240(104#U5e74#U4e8c#U7248)/#U5317#U9580#U5340/#U4f4f#U5b85#U7528#U5730/#U81fa#U5357#U5e02#U5317#U9580#U5340#U5f71#U97ff#U4f4f#U5b85#U7528#U5730#U5730#U50f9#U500b#U5225#U56e0#U7d20#U8a55#U50f9#U57fa#U6e96#U660e#U7d30#U8868.pdf,local_governments/tainan/evaluation_criteria/expanded/tainan_jiali_land_office_regional_individual__0209_57cf7fa941.pdf
local_governments/tainan/evaluation_criteria/tainan_jiali_land_office_regional_individual_factor_criteria_2015/#U4f73#U91cc#U6240(104#U5e74#U4e8c#U7248)/#U5317#U9580#U5340/#U4f4f#U5b85#U7528#U5730/#U81fa#U5357#U5e02#U5317#U9580#U5340#U5f71#U97ff#U4f4f#U5b85#U7528#U5730#U5730#U50f9#U500b#U5225#U56e0#U7d20#U8a55#U50f9#U57fa#U6e96#U660e#U7d30#U8868.xlsx,local_governments/tainan/evaluation_criteria/expanded/tainan_jiali_land_office_regional_individual__0210_ca8fc3a1ea.xlsx
local_governments/tainan/evaluation_criteria/tainan_jiali_land_office_regional_individual_factor_criteria_2015/#U4f73#U91cc#U6240(104#U5e74#U4e8c#U7248)/#U5317#U9580#U5340/#U5176#U4ed6#U7528#U5730/#U5176#U4ed6#U7528#U5730#U5340#U57df#U56e0#U7d20#U660e#U7d30#U8868.pdf,local_governments/tainan/evaluation_criteria/expanded/tainan_jiali_land_office_regional_individual__0211_75b999e5ee.pdf
local_governments/tainan/evaluation_criteria/tainan_jiali_land_office_regional_individual_factor_criteria_2015/#U4f73#U91cc#U6240(104#U5e74#U4e8c#U7248)/#U5317#U9580#U5340/#U5176#U4ed6#U7528#U5730/#U5176#U4ed6#U7528#U5730#U5340#U57df#U56e0#U7d20#U660e#U7d30#U8868.xls,local_governments/tainan/evaluation_criteria/expanded/tainan_jiali_land_office_regional_individual__0212_c75960951e.xls
local_governments/tainan/evaluation_criteria/tainan_jiali_land_office_regional_individual_factor_criteria_2015/#U4f73#U91cc#U6240(104#U5e74#U4e8c#U7248)/#U5317#U9580#U5340/#U5176#U4ed6#U7528#U5730/#U81fa#U5357#U5e02#U5317#U9580#U5340#U5f71#U97ff#U5176#U4ed6#U7528#U5730#U5730#U50f9#U500b#U5225#U56e0#U7d20#U8a55#U50f9#U57fa#U6e96#U660e#U7d30#U8868.pdf,local_governments/tainan/evaluation_criteria/expanded/tainan_jiali_land_office_regional_individual__0213_b9c60a9fac.pdf
local_governments/tainan/evaluation_criteria/tainan_jiali_land_office_regional_individual_factor_criteria_2015/#U4f73#U91cc#U6240(104#U5e74#U4e8c#U7248)/#U5317#U9580#U5340/#U5176#U4ed6#U7528#U5730/#U81fa#U5357#U5e02#U5317#U9580#U5340#U5f71#U97ff#U5176#U4ed6#U7528#U5730#U5730#U50f9#U500b#U5225#U56e0#U7d20#U8a55#U50f9#U57fa#U6e96#U660e#U7d30#U8868.xlsx,local_governments/tainan/evaluation_criteria/expanded/tainan_jiali_land_office_regional_individual__0214_8c5d24072a.xlsx
local_governments/tainan/evaluation_criteria/tainan_jiali_land_office_regional_individual_factor_criteria_2015/#U4f73#U91cc#U6240(104#U5e74#U4e8c#U7248)/#U5317#U9580#U5340/#U5546#U696d#U7528#U5730/#U666e#U901a#U5546#U696d#U5340#U57df#U56e0#U7d20#U660e#U7d30#U8868.pdf,local_governments/tainan/evaluation_criteria/expanded/tainan_jiali_land_office_regional_individual__0215_2e6afdd9e5.pdf
local_governments/tainan/evaluation_criteria/tainan_jiali_land_office_regional_individual_factor_criteria_2015/#U4f73#U91cc#U6240(104#U5e74#U4e8c#U7248)/#U5317#U9580#U5340/#U5546#U696d#U7528#U5730/#U666e#U901a#U5546#U696d#U5340#U57df#U56e0#U7d20#U660e#U7d30#U8868.xls,local_governments/tainan/evaluation_criteria/expanded/tainan_jiali_land_office_regional_individual__0216_02495e1164.xls
local_governments/tainan/evaluation_criteria/tainan_jiali_land_office_regional_individual_factor_criteria_2015/#U4f73#U91cc#U6240(104#U5e74#U4e8c#U7248)/#U5317#U9580#U5340/#U5546#U696d#U7528#U5730/#U81fa#U5357#U5e02#U5317#U9580#U5340#U5f71#U97ff#U5546#U696d#U7528#U5730#U5730#U50f9#U500b#U5225#U56e0#U7d20#U8a55#U50f9#U57fa#U6e96#U660e#U7d30#U8868.pdf,local_governments/tainan/evaluation_criteria/expanded/tainan_jiali_land_office_regional_individual__0217_28bf3108e2.pdf
local_governments/tainan/evaluation_criteria/tainan_jiali_land_office_regional_individual_factor_criteria_2015/#U4f73#U91cc#U6240(104#U5e74#U4e8c#U7248)/#U5317#U9580#U5340/#U5546#U696d#U7528#U5730/#U81fa#U5357#U5e02#U5317#U9580#U5340#U5f71#U97ff#U5546#U696d#U7528#U5730#U5730#U50f9#U500b#U5225#U56e0#U7d20#U8a55#U50f9#U57fa#U6e96#U660e#U7d30#U8868.xlsx,local_governments/tainan/evaluation_criteria/expanded/tainan_jiali_land_office_regional_individual__0218_f46531e2bd.xlsx
local_governments/tainan/evaluation_criteria/tainan_jiali_land_office_regional_individual_factor_criteria_2015/#U4f73#U91cc#U6240(104#U5e74#U4e8c#U7248)/#U5317#U9580#U5340/#U5de5#U696d#U7528#U5730/#U4e2d#U5c0f#U898f#U6a21#U5de5#U696d#U5340#U57df#U56e0#U7d20#U660e#U7d30#U8868.pdf,local_governments/tainan/evaluation_criteria/expanded/tainan_jiali_land_office_regional_individual__0219_1b8a77883a.pdf
local_governments/tainan/evaluation_criteria/tainan_jiali_land_office_regional_individual_factor_criteria_2015/#U4f73#U91cc#U6240(104#U5e74#U4e8c#U7248)/#U5317#U9580#U5340/#U5de5#U696d#U7528#U5730/#U4e2d#U5c0f#U898f#U6a21#U5de5#U696d#U5340#U57df#U56e0#U7d20#U660e#U7d30#U8868.xls,local_governments/tainan/evaluation_criteria/expanded/tainan_jiali_land_office_regional_individual__0220_f9d5a12136.xls
local_governments/tainan/evaluation_criteria/tainan_jiali_land_office_regional_individual_factor_criteria_2015/#U4f73#U91cc#U6240(104#U5e74#U4e8c#U7248)/#U5317#U9580#U5340/#U5de5#U696d#U7528#U5730/#U81fa#U5357#U5e02#U5317#U9580#U5340#U5f71#U97ff#U5de5#U696d#U7528#U5730#U5730#U50f9#U500b#U5225#U56e0#U7d20#U8a55#U50f9#U57fa#U6e96#U660e#U7d30#U8868.pdf,local_governments/tainan/evaluation_criteria/expanded/tainan_jiali_land_office_regional_individual__0221_92b4b0779a.pdf
local_governments/tainan/evaluation_criteria/tainan_jiali_land_office_regional_individual_factor_criteria_2015/#U4f73#U91cc#U6240(104#U5e74#U4e8c#U7248)/#U5317#U9580#U5340/#U5de5#U696d#U7528#U5730/#U81fa#U5357#U5e02#U5317#U9580#U5340#U5f71#U97ff#U5de5#U696d#U7528#U5730#U5730#U50f9#U500b#U5225#U56e0#U7d20#U8a55#U50f9#U57fa#U6e96#U660e#U7d30#U8868.xlsx,local_governments/tainan/evaluation_criteria/expanded/tainan_jiali_land_office_regional_individual__0222_41ce167c96.xlsx
local_governments/tainan/evaluation_criteria/tainan_jiali_land_office_regional_individual_factor_criteria_2015/#U4f73#U91cc#U6240(104#U5e74#U4e8c#U7248)/#U5317#U9580#U5340/#U8fb2#U696d#U7528#U5730/#U81fa#U5357#U5e02#U5317#U9580#U5340#U5f71#U97ff#U8fb2#U696d#U7528#U5730#U5730#U50f9#U500b#U5225#U56e0#U7d20#U8a55#U50f9#U57fa#U6e96#U660e#U7d30#U8868.pdf,local_governments/tainan/evaluation_criteria/expanded/tainan_jiali_land_office_regional_individual__0223_c909945bdc.pdf
local_governments/tainan/evaluation_criteria/tainan_jiali_land_office_regional_individual_factor_criteria_2015/#U4f73#U91cc#U6240(104#U5e74#U4e8c#U7248)/#U5317#U9580#U5340/#U8fb2#U696d#U7528#U5730/#U81fa#U5357#U5e02#U5317#U9580#U5340#U5f71#U97ff#U8fb2#U696d#U7528#U5730#U5730#U50f9#U500b#U5225#U56e0#U7d20#U8a55#U50f9#U57fa#U6e96#U660e#U7d30#U8868.xlsx,local_governments/tainan/evaluation_criteria/expanded/tainan_jiali_land_office_regional_individual__0224_6ed1884f78.xlsx
local_governments/tainan/evaluation_criteria/tainan_jiali_land_office_regional_individual_factor_criteria_2015/#U4f73#U91cc#U6240(104#U5e74#U4e8c#U7248)/#U5317#U9580#U5340/#U8fb2#U696d#U7528#U5730/#U8fb2#U696d#U7528#U5730#U5340#U57df#U56e0#U7d20#U660e#U7d30#U8868.pdf,local_governments/tainan/evaluation_criteria/expanded/tainan_jiali_land_office_regional_individual__0225_293f7011a0.pdf
local_governments/tainan/evaluation_criteria/tainan_jiali_land_office_regional_individual_factor_criteria_2015/#U4f73#U91cc#U6240(104#U5e74#U4e8c#U7248)/#U5317#U9580#U5340/#U8fb2#U696d#U7528#U5730/#U8fb2#U696d#U7528#U5730#U5340#U57df#U56e0#U7d20#U660e#U7d30#U8868.xls,local_governments/tainan/evaluation_criteria/expanded/tainan_jiali_land_office_regional_individual__0226_d31701e6ad.xls
local_governments/tainan/evaluation_criteria/tainan_jiali_land_office_regional_individual_factor_criteria_2015/#U4f73#U91cc#U6240(104#U5e74#U4e8c#U7248)/#U5b78#U7532#U5340/#U4f4f#U5b85#U7528#U5730/#U666e#U901a#U4f4f#U5b85#U7528#U5730/#U666e#U901a#U4f4f#U5b85#U5340#U57df#U56e0#U7d20#U660e#U7d30#U8868.pdf,local_governments/tainan/evaluation_criteria/expanded/tainan_jiali_land_office_regional_individual__0227_76f9e99e7c.pdf
local_governments/tainan/evaluation_criteria/tainan_jiali_land_office_regional_individual_factor_criteria_2015/#U4f73#U91cc#U6240(104#U5e74#U4e8c#U7248)/#U5b78#U7532#U5340/#U4f4f#U5b85#U7528#U5730/#U666e#U901a#U4f4f#U5b85#U7528#U5730/#U666e#U901a#U4f4f#U5b85#U5340#U57df#U56e0#U7d20#U660e#U7d30#U8868.xls,local_governments/tainan/evaluation_criteria/expanded/tainan_jiali_land_office_regional_individual__0228_ec37a31529.xls
local_governments/tainan/evaluation_criteria/tainan_jiali_land_office_regional_individual_factor_criteria_2015/#U4f73#U91cc#U6240(104#U5e74#U4e8c#U7248)/#U5b78#U7532#U5340/#U4f4f#U5b85#U7528#U5730/#U6751#U91cc#U9130#U4f4f#U5b85#U7528#U5730/#U6751#U91cc#U9130#U4f4f#U5b85#U5340#U57df#U56e0#U7d20#U660e#U7d30#U8868.pdf,local_governments/tainan/evaluation_criteria/expanded/tainan_jiali_land_office_regional_individual__0229_7c58248e11.pdf
local_governments/tainan/evaluation_criteria/tainan_jiali_land_office_regional_individual_factor_criteria_2015/#U4f73#U91cc#U6240(104#U5e74#U4e8c#U7248)/#U5b78#U7532#U5340/#U4f4f#U5b85#U7528#U5730/#U6751#U91cc#U9130#U4f4f#U5b85#U7528#U5730/#U6751#U91cc#U9130#U4f4f#U5b85#U5340#U57df#U56e0#U7d20#U660e#U7d30#U8868.xls,local_governments/tainan/evaluation_criteria/expanded/tainan_jiali_land_office_regional_individual__0230_54e850d449.xls
local_governments/tainan/evaluation_criteria/tainan_jiali_land_office_regional_individual_factor_criteria_2015/#U4f73#U91cc#U6240(104#U5e74#U4e8c#U7248)/#U5b78#U7532#U5340/#U4f4f#U5b85#U7528#U5730/#U81fa#U5357#U5e02#U5b78#U7532#U5340#U5f71#U97ff#U4f4f#U5b85#U7528#U5730#U5730#U50f9#U500b#U5225#U56e0#U7d20#U8a55#U50f9#U57fa#U6e96#U660e#U7d30#U8868.pdf,local_governments/tainan/evaluation_criteria/expanded/tainan_jiali_land_office_regional_individual__0231_0517cb3301.pdf
local_governments/tainan/evaluation_criteria/tainan_jiali_land_office_regional_individual_factor_criteria_2015/#U4f73#U91cc#U6240(104#U5e74#U4e8c#U7248)/#U5b78#U7532#U5340/#U4f4f#U5b85#U7528#U5730/#U81fa#U5357#U5e02#U5b78#U7532#U5340#U5f71#U97ff#U4f4f#U5b85#U7528#U5730#U5730#U50f9#U500b#U5225#U56e0#U7d20#U8a55#U50f9#U57fa#U6e96#U660e#U7d30#U8868.xlsx,local_governments/tainan/evaluation_criteria/expanded/tainan_jiali_land_office_regional_individual__0232_716ecae7e9.xlsx
local_governments/tainan/evaluation_criteria/tainan_jiali_land_office_regional_individual_factor_criteria_2015/#U4f73#U91cc#U6240(104#U5e74#U4e8c#U7248)/#U5b78#U7532#U5340/#U5176#U4ed6#U7528#U5730/#U5176#U4ed6#U7528#U5730#U5340#U57df#U56e0#U7d20#U660e#U7d30#U8868.pdf,local_governments/tainan/evaluation_criteria/expanded/tainan_jiali_land_office_regional_individual__0233_4971245bc3.pdf
local_governments/tainan/evaluation_criteria/tainan_jiali_land_office_regional_individual_factor_criteria_2015/#U4f73#U91cc#U6240(104#U5e74#U4e8c#U7248)/#U5b78#U7532#U5340/#U5176#U4ed6#U7528#U5730/#U5176#U4ed6#U7528#U5730#U5340#U57df#U56e0#U7d20#U660e#U7d30#U8868.xls,local_governments/tainan/evaluation_criteria/expanded/tainan_jiali_land_office_regional_individual__0234_288d830410.xls
local_governments/tainan/evaluation_criteria/tainan_jiali_land_office_regional_individual_factor_criteria_2015/#U4f73#U91cc#U6240(104#U5e74#U4e8c#U7248)/#U5b78#U7532#U5340/#U5176#U4ed6#U7528#U5730/#U81fa#U5357#U5e02#U5b78#U7532#U5340#U5f71#U97ff#U5176#U4ed6#U7528#U5730#U5730#U50f9#U500b#U5225#U56e0#U7d20#U8a55#U50f9#U57fa#U6e96#U660e#U7d30#U8868.pdf,local_governments/tainan/evaluation_criteria/expanded/tainan_jiali_land_office_regional_individual__0235_d737316f96.pdf
local_governments/tainan/evaluation_criteria/tainan_jiali_land_office_regional_individual_factor_criteria_2015/#U4f73#U91cc#U6240(104#U5e74#U4e8c#U7248)/#U5b78#U7532#U5340/#U5176#U4ed6#U7528#U5730/#U81fa#U5357#U5e02#U5b78#U7532#U5340#U5f71#U97ff#U5176#U4ed6#U7528#U5730#U5730#U50f9#U500b#U5225#U56e0#U7d20#U8a55#U50f9#U57fa#U6e96#U660e#U7d30#U8868.xlsx,local_governments/tainan/evaluation_criteria/expanded/tainan_jiali_land_office_regional_individual__0236_eb4a548dc1.xlsx
local_governments/tainan/evaluation_criteria/tainan_jiali_land_office_regional_individual_factor_criteria_2015/#U4f73#U91cc#U6240(104#U5e74#U4e8c#U7248)/#U5b78#U7532#U5340/#U5546#U696d#U7528#U5730/#U666e#U901a#U5546#U696d#U5340#U57df#U56e0#U7d20#U660e#U7d30#U8868.pdf,local_governments/tainan/evaluation_criteria/expanded/tainan_jiali_land_office_regional_individual__0237_9f2a174920.pdf
local_governments/tainan/evaluation_criteria/tainan_jiali_land_office_regional_individual_factor_criteria_2015/#U4f73#U91cc#U6240(104#U5e74#U4e8c#U7248)/#U5b78#U7532#U5340/#U5546#U696d#U7528#U5730/#U666e#U901a#U5546#U696d#U5340#U57df#U56e0#U7d20#U660e#U7d30#U8868.xls,local_governments/tainan/evaluation_criteria/expanded/tainan_jiali_land_office_regional_individual__0238_d33d471feb.xls
local_governments/tainan/evaluation_criteria/tainan_jiali_land_office_regional_individual_factor_criteria_2015/#U4f73#U91cc#U6240(104#U5e74#U4e8c#U7248)/#U5b78#U7532#U5340/#U5546#U696d#U7528#U5730/#U81fa#U5357#U5e02#U5b78#U7532#U5340#U5f71#U97ff#U5546#U696d#U7528#U5730#U5730#U50f9#U500b#U5225#U56e0#U7d20#U8a55#U50f9#U57fa#U6e96#U660e#U7d30#U8868.pdf,local_governments/tainan/evaluation_criteria/expanded/tainan_jiali_land_office_regional_individual__0239_413d07fc2a.pdf
local_governments/tainan/evaluation_criteria/tainan_jiali_land_office_regional_individual_factor_criteria_2015/#U4f73#U91cc#U6240(104#U5e74#U4e8c#U7248)/#U5b78#U7532#U5340/#U5546#U696d#U7528#U5730/#U81fa#U5357#U5e02#U5b78#U7532#U5340#U5f71#U97ff#U5546#U696d#U7528#U5730#U5730#U50f9#U500b#U5225#U56e0#U7d20#U8a55#U50f9#U57fa#U6e96#U660e#U7d30#U8868.xlsx,local_governments/tainan/evaluation_criteria/expanded/tainan_jiali_land_office_regional_individual__0240_caeed2fe2a.xlsx
local_governments/tainan/evaluation_criteria/tainan_jiali_land_office_regional_individual_factor_criteria_2015/#U4f73#U91cc#U6240(104#U5e74#U4e8c#U7248)/#U5b78#U7532#U5340/#U5de5#U696d#U7528#U5730/#U4e2d#U5c0f#U898f#U6a21#U5de5#U696d#U5340#U57df#U56e0#U7d20#U660e#U7d30#U8868.pdf,local_governments/tainan/evaluation_criteria/expanded/tainan_jiali_land_office_regional_individual__0241_74511cfab7.pdf
local_governments/tainan/evaluation_criteria/tainan_jiali_land_office_regional_individual_factor_criteria_2015/#U4f73#U91cc#U6240(104#U5e74#U4e8c#U7248)/#U5b78#U7532#U5340/#U5de5#U696d#U7528#U5730/#U4e2d#U5c0f#U898f#U6a21#U5de5#U696d#U5340#U57df#U56e0#U7d20#U660e#U7d30#U8868.xls,local_governments/tainan/evaluation_criteria/expanded/tainan_jiali_land_office_regional_individual__0242_06181dd99c.xls
local_governments/tainan/evaluation_criteria/tainan_jiali_land_office_regional_individual_factor_criteria_2015/#U4f73#U91cc#U6240(104#U5e74#U4e8c#U7248)/#U5b78#U7532#U5340/#U5de5#U696d#U7528#U5730/#U81fa#U5357#U5e02#U5b78#U7532#U5340#U5f71#U97ff#U5de5#U696d#U7528#U5730#U5730#U50f9#U500b#U5225#U56e0#U7d20#U8a55#U50f9#U57fa#U6e96#U660e#U7d30#U8868.pdf,local_governments/tainan/evaluation_criteria/expanded/tainan_jiali_land_office_regional_individual__0243_2276e8d0d4.pdf
local_governments/tainan/evaluation_criteria/tainan_jiali_land_office_regional_individual_factor_criteria_2015/#U4f73#U91cc#U6240(104#U5e74#U4e8c#U7248)/#U5b78#U7532#U5340/#U5de5#U696d#U7528#U5730/#U81fa#U5357#U5e02#U5b78#U7532#U5340#U5f71#U97ff#U5de5#U696d#U7528#U5730#U5730#U50f9#U500b#U5225#U56e0#U7d20#U8a55#U50f9#U57fa#U6e96#U660e#U7d30#U8868.xlsx,local_governments/tainan/evaluation_criteria/expanded/tainan_jiali_land_office_regional_individual__0244_cb6efc0eb6.xlsx
local_governments/tainan/evaluation_criteria/tainan_jiali_land_office_regional_individual_factor_criteria_2015/#U4f73#U91cc#U6240(104#U5e74#U4e8c#U7248)/#U5b78#U7532#U5340/#U8fb2#U696d#U7528#U5730/#U81fa#U5357#U5e02#U5b78#U7532#U5340#U5f71#U97ff#U8fb2#U696d#U7528#U5730#U5730#U50f9#U500b#U5225#U56e0#U7d20#U8a55#U50f9#U57fa#U6e96#U660e#U7d30#U8868.pdf,local_governments/tainan/evaluation_criteria/expanded/tainan_jiali_land_office_regional_individual__0245_0a270af730.pdf
local_governments/tainan/evaluation_criteria/tainan_jiali_land_office_regional_individual_factor_criteria_2015/#U4f73#U91cc#U6240(104#U5e74#U4e8c#U7248)/#U5b78#U7532#U5340/#U8fb2#U696d#U7528#U5730/#U81fa#U5357#U5e02#U5b78#U7532#U5340#U5f71#U97ff#U8fb2#U696d#U7528#U5730#U5730#U50f9#U500b#U5225#U56e0#U7d20#U8a55#U50f9#U57fa#U6e96#U660e#U7d30#U8868.xlsx,local_governments/tainan/evaluation_criteria/expanded/tainan_jiali_land_office_regional_individual__0246_896e3c47de.xlsx
local_governments/tainan/evaluation_criteria/tainan_jiali_land_office_regional_individual_factor_criteria_2015/#U4f73#U91cc#U6240(104#U5e74#U4e8c#U7248)/#U5b78#U7532#U5340/#U8fb2#U696d#U7528#U5730/#U8fb2#U696d#U7528#U5730#U5340#U57df#U56e0#U7d20#U660e#U7d30#U8868.pdf,local_governments/tainan/evaluation_criteria/expanded/tainan_jiali_land_office_regional_individual__0247_741c2a8564.pdf
local_governments/tainan/evaluation_criteria/tainan_jiali_land_office_regional_individual_factor_criteria_2015/#U4f73#U91cc#U6240(104#U5e74#U4e8c#U7248)/#U5b78#U7532#U5340/#U8fb2#U696d#U7528#U5730/#U8fb2#U696d#U7528#U5730#U5340#U57df#U56e0#U7d20#U660e#U7d30#U8868.xls,local_governments/tainan/evaluation_criteria/expanded/tainan_jiali_land_office_regional_individual__0248_afdbfa0734.xls
local_governments/tainan/evaluation_criteria/tainan_jiali_land_office_regional_individual_factor_criteria_2015/#U4f73#U91cc#U6240(104#U5e74#U4e8c#U7248)/#U5c07#U8ecd#U5340/#U4f4f#U5b85#U7528#U5730/#U666e#U901a#U4f4f#U5b85#U7528#U5730/#U666e#U901a#U4f4f#U5b85#U5340#U57df#U56e0#U7d20#U660e#U7d30#U8868.pdf,local_governments/tainan/evaluation_criteria/expanded/tainan_jiali_land_office_regional_individual__0249_02232efbae.pdf
local_governments/tainan/evaluation_criteria/tainan_jiali_land_office_regional_individual_factor_criteria_2015/#U4f73#U91cc#U6240(104#U5e74#U4e8c#U7248)/#U5c07#U8ecd#U5340/#U4f4f#U5b85#U7528#U5730/#U666e#U901a#U4f4f#U5b85#U7528#U5730/#U666e#U901a#U4f4f#U5b85#U5340#U57df#U56e0#U7d20#U660e#U7d30#U8868.xls,local_governments/tainan/evaluation_criteria/expanded/tainan_jiali_land_office_regional_individual__0250_7e6343910d.xls
local_governments/tainan/evaluation_criteria/tainan_jiali_land_office_regional_individual_factor_criteria_2015/#U4f73#U91cc#U6240(104#U5e74#U4e8c#U7248)/#U5c07#U8ecd#U5340/#U4f4f#U5b85#U7528#U5730/#U6751#U91cc#U9130#U4f4f#U5b85#U7528#U5730/#U6751#U91cc#U9130#U4f4f#U5b85#U5340#U57df#U56e0#U7d20#U660e#U7d30#U8868.pdf,local_governments/tainan/evaluation_criteria/expanded/tainan_jiali_land_office_regional_individual__0251_097e50fb0f.pdf
local_governments/tainan/evaluation_criteria/tainan_jiali_land_office_regional_individual_factor_criteria_2015/#U4f73#U91cc#U6240(104#U5e74#U4e8c#U7248)/#U5c07#U8ecd#U5340/#U4f4f#U5b85#U7528#U5730/#U6751#U91cc#U9130#U4f4f#U5b85#U7528#U5730/#U6751#U91cc#U9130#U4f4f#U5b85#U5340#U57df#U56e0#U7d20#U660e#U7d30#U8868.xls,local_governments/tainan/evaluation_criteria/expanded/tainan_jiali_land_office_regional_individual__0252_40d063df2a.xls
local_governments/tainan/evaluation_criteria/tainan_jiali_land_office_regional_individual_factor_criteria_2015/#U4f73#U91cc#U6240(104#U5e74#U4e8c#U7248)/#U5c07#U8ecd#U5340/#U4f4f#U5b85#U7528#U5730/#U81fa#U5357#U5e02#U5c07#U8ecd#U5340#U5f71#U97ff#U4f4f#U5b85#U7528#U5730#U5730#U50f9#U500b#U5225#U56e0#U7d20#U8a55#U50f9#U57fa#U6e96#U660e#U7d30#U8868.pdf,local_governments/tainan/evaluation_criteria/expanded/tainan_jiali_land_office_regional_individual__0253_8b34efdf68.pdf
local_governments/tainan/evaluation_criteria/tainan_jiali_land_office_regional_individual_factor_criteria_2015/#U4f73#U91cc#U6240(104#U5e74#U4e8c#U7248)/#U5c07#U8ecd#U5340/#U4f4f#U5b85#U7528#U5730/#U81fa#U5357#U5e02#U5c07#U8ecd#U5340#U5f71#U97ff#U4f4f#U5b85#U7528#U5730#U5730#U50f9#U500b#U5225#U56e0#U7d20#U8a55#U50f9#U57fa#U6e96#U660e#U7d30#U8868.xlsx,local_governments/tainan/evaluation_criteria/expanded/tainan_jiali_land_office_regional_individual__0254_eb2d0bd2e3.xlsx
local_governments/tainan/evaluation_criteria/tainan_jiali_land_office_regional_individual_factor_criteria_2015/#U4f73#U91cc#U6240(104#U5e74#U4e8c#U7248)/#U5c07#U8ecd#U5340/#U5176#U4ed6#U7528#U5730/#U5176#U4ed6#U7528#U5730#U5340#U57df#U56e0#U7d20#U660e#U7d30#U8868.pdf,local_governments/tainan/evaluation_criteria/expanded/tainan_jiali_land_office_regional_individual__0255_86b8b69e6f.pdf
local_governments/tainan/evaluation_criteria/tainan_jiali_land_office_regional_individual_factor_criteria_2015/#U4f73#U91cc#U6240(104#U5e74#U4e8c#U7248)/#U5c07#U8ecd#U5340/#U5176#U4ed6#U7528#U5730/#U5176#U4ed6#U7528#U5730#U5340#U57df#U56e0#U7d20#U660e#U7d30#U8868.xls,local_governments/tainan/evaluation_criteria/expanded/tainan_jiali_land_office_regional_individual__0256_a43edf55d9.xls
local_governments/tainan/evaluation_criteria/tainan_jiali_land_office_regional_individual_factor_criteria_2015/#U4f73#U91cc#U6240(104#U5e74#U4e8c#U7248)/#U5c07#U8ecd#U5340/#U5176#U4ed6#U7528#U5730/#U81fa#U5357#U5e02#U5c07#U8ecd#U5340#U5f71#U97ff#U5176#U4ed6#U7528#U5730#U5730#U50f9#U500b#U5225#U56e0#U7d20#U8a55#U50f9#U57fa#U6e96#U660e#U7d30#U8868.pdf,local_governments/tainan/evaluation_criteria/expanded/tainan_jiali_land_office_regional_individual__0257_da8bbdcad0.pdf
local_governments/tainan/evaluation_criteria/tainan_jiali_land_office_regional_individual_factor_criteria_2015/#U4f73#U91cc#U6240(104#U5e74#U4e8c#U7248)/#U5c07#U8ecd#U5340/#U5176#U4ed6#U7528#U5730/#U81fa#U5357#U5e02#U5c07#U8ecd#U5340#U5f71#U97ff#U5176#U4ed6#U7528#U5730#U5730#U50f9#U500b#U5225#U56e0#U7d20#U8a55#U50f9#U57fa#U6e96#U660e#U7d30#U8868.xlsx,local_governments/tainan/evaluation_criteria/expanded/tainan_jiali_land_office_regional_individual__0258_19859603ad.xlsx
local_governments/tainan/evaluation_criteria/tainan_jiali_land_office_regional_individual_factor_criteria_2015/#U4f73#U91cc#U6240(104#U5e74#U4e8c#U7248)/#U5c07#U8ecd#U5340/#U5546#U696d#U7528#U5730/#U666e#U901a#U5546#U696d#U5340#U57df#U56e0#U7d20#U660e#U7d30#U8868.pdf,local_governments/tainan/evaluation_criteria/expanded/tainan_jiali_land_office_regional_individual__0259_83ca917066.pdf
local_governments/tainan/evaluation_criteria/tainan_jiali_land_office_regional_individual_factor_criteria_2015/#U4f73#U91cc#U6240(104#U5e74#U4e8c#U7248)/#U5c07#U8ecd#U5340/#U5546#U696d#U7528#U5730/#U666e#U901a#U5546#U696d#U5340#U57df#U56e0#U7d20#U660e#U7d30#U8868.xls,local_governments/tainan/evaluation_criteria/expanded/tainan_jiali_land_office_regional_individual__0260_90b4889af0.xls
local_governments/tainan/evaluation_criteria/tainan_jiali_land_office_regional_individual_factor_criteria_2015/#U4f73#U91cc#U6240(104#U5e74#U4e8c#U7248)/#U5c07#U8ecd#U5340/#U5546#U696d#U7528#U5730/#U81fa#U5357#U5e02#U5c07#U8ecd#U5340#U5f71#U97ff#U5546#U696d#U7528#U5730#U5730#U50f9#U500b#U5225#U56e0#U7d20#U8a55#U50f9#U57fa#U6e96#U660e#U7d30#U8868.pdf,local_governments/tainan/evaluation_criteria/expanded/tainan_jiali_land_office_regional_individual__0261_0037b04b13.pdf
local_governments/tainan/evaluation_criteria/tainan_jiali_land_office_regional_individual_factor_criteria_2015/#U4f73#U91cc#U6240(104#U5e74#U4e8c#U7248)/#U5c07#U8ecd#U5340/#U5546#U696d#U7528#U5730/#U81fa#U5357#U5e02#U5c07#U8ecd#U5340#U5f71#U97ff#U5546#U696d#U7528#U5730#U5730#U50f9#U500b#U5225#U56e0#U7d20#U8a55#U50f9#U57fa#U6e96#U660e#U7d30#U8868.xlsx,local_governments/tainan/evaluation_criteria/expanded/tainan_jiali_land_office_regional_individual__0262_720091095d.xlsx
local_governments/tainan/evaluation_criteria/tainan_jiali_land_office_regional_individual_factor_criteria_2015/#U4f73#U91cc#U6240(104#U5e74#U4e8c#U7248)/#U5c07#U8ecd#U5340/#U5de5#U696d#U7528#U5730/#U4e2d#U5c0f#U898f#U6a21#U5de5#U696d#U5340#U57df#U56e0#U7d20#U660e#U7d30#U8868.pdf,local_governments/tainan/evaluation_criteria/expanded/tainan_jiali_land_office_regional_individual__0263_b2879e92d5.pdf
local_governments/tainan/evaluation_criteria/tainan_jiali_land_office_regional_individual_factor_criteria_2015/#U4f73#U91cc#U6240(104#U5e74#U4e8c#U7248)/#U5c07#U8ecd#U5340/#U5de5#U696d#U7528#U5730/#U4e2d#U5c0f#U898f#U6a21#U5de5#U696d#U5340#U57df#U56e0#U7d20#U660e#U7d30#U8868.xls,local_governments/tainan/evaluation_criteria/expanded/tainan_jiali_land_office_regional_individual__0264_e70574ecd3.xls
local_governments/tainan/evaluation_criteria/tainan_jiali_land_office_regional_individual_factor_criteria_2015/#U4f73#U91cc#U6240(104#U5e74#U4e8c#U7248)/#U5c07#U8ecd#U5340/#U5de5#U696d#U7528#U5730/#U81fa#U5357#U5e02#U5c07#U8ecd#U5340#U5f71#U97ff#U5de5#U696d#U7528#U5730#U5730#U50f9#U500b#U5225#U56e0#U7d20#U8a55#U50f9#U57fa#U6e96#U660e#U7d30#U8868.pdf,local_governments/tainan/evaluation_criteria/expanded/tainan_jiali_land_office_regional_individual__0265_28a8260a80.pdf
local_governments/tainan/evaluation_criteria/tainan_jiali_land_office_regional_individual_factor_criteria_2015/#U4f73#U91cc#U6240(104#U5e74#U4e8c#U7248)/#U5c07#U8ecd#U5340/#U5de5#U696d#U7528#U5730/#U81fa#U5357#U5e02#U5c07#U8ecd#U5340#U5f71#U97ff#U5de5#U696d#U7528#U5730#U5730#U50f9#U500b#U5225#U56e0#U7d20#U8a55#U50f9#U57fa#U6e96#U660e#U7d30#U8868.xlsx,local_governments/tainan/evaluation_criteria/expanded/tainan_jiali_land_office_regional_individual__0266_1d337c769f.xlsx
local_governments/tainan/evaluation_criteria/tainan_jiali_land_office_regional_individual_factor_criteria_2015/#U4f73#U91cc#U6240(104#U5e74#U4e8c#U7248)/#U5c07#U8ecd#U5340/#U8fb2#U696d#U7528#U5730/#U81fa#U5357#U5e02#U5c07#U8ecd#U5340#U5f71#U97ff#U8fb2#U696d#U7528#U5730#U5730#U50f9#U500b#U5225#U56e0#U7d20#U8a55#U50f9#U57fa#U6e96#U660e#U7d30#U8868.pdf,local_governments/tainan/evaluation_criteria/expanded/tainan_jiali_land_office_regional_individual__0267_b0a8fa13c9.pdf
local_governments/tainan/evaluation_criteria/tainan_jiali_land_office_regional_individual_factor_criteria_2015/#U4f73#U91cc#U6240(104#U5e74#U4e8c#U7248)/#U5c07#U8ecd#U5340/#U8fb2#U696d#U7528#U5730/#U81fa#U5357#U5e02#U5c07#U8ecd#U5340#U5f71#U97ff#U8fb2#U696d#U7528#U5730#U5730#U50f9#U500b#U5225#U56e0#U7d20#U8a55#U50f9#U57fa#U6e96#U660e#U7d30#U8868.xlsx,local_governments/tainan/evaluation_criteria/expanded/tainan_jiali_land_office_regional_individual__0268_a32f613b6c.xlsx
local_governments/tainan/evaluation_criteria/tainan_jiali_land_office_regional_individual_factor_criteria_2015/#U4f73#U91cc#U6240(104#U5e74#U4e8c#U7248)/#U5c07#U8ecd#U5340/#U8fb2#U696d#U7528#U5730/#U8fb2#U696d#U7528#U5730#U5340#U57df#U56e0#U7d20#U660e#U7d30#U8868.pdf,local_governments/tainan/evaluation_criteria/expanded/tainan_jiali_land_office_regional_individual__0269_99f0a84289.pdf
local_governments/tainan/evaluation_criteria/tainan_jiali_land_office_regional_individual_factor_criteria_2015/#U4f73#U91cc#U6240(104#U5e74#U4e8c#U7248)/#U5c07#U8ecd#U5340/#U8fb2#U696d#U7528#U5730/#U8fb2#U696d#U7528#U5730#U5340#U57df#U56e0#U7d20#U660e#U7d30#U8868.xls,local_governments/tainan/evaluation_criteria/expanded/tainan_jiali_land_office_regional_individual__0270_988b990694.xls
local_governments/tainan/evaluation_criteria/tainan_jiali_land_office_regional_individual_factor_criteria_2015/#U4f73#U91cc#U6240(104#U5e74#U4e8c#U7248)/#U897f#U6e2f#U5340/#U4f4f#U5b85#U7528#U5730/#U666e#U901a#U4f4f#U5b85#U7528#U5730/#U666e#U901a#U4f4f#U5b85#U5340#U57df#U56e0#U7d20#U660e#U7d30#U8868.pdf,local_governments/tainan/evaluation_criteria/expanded/tainan_jiali_land_office_regional_individual__0271_c2e2edab04.pdf
local_governments/tainan/evaluation_criteria/tainan_jiali_land_office_regional_individual_factor_criteria_2015/#U4f73#U91cc#U6240(104#U5e74#U4e8c#U7248)/#U897f#U6e2f#U5340/#U4f4f#U5b85#U7528#U5730/#U666e#U901a#U4f4f#U5b85#U7528#U5730/#U666e#U901a#U4f4f#U5b85#U5340#U57df#U56e0#U7d20#U660e#U7d30#U8868.xls,local_governments/tainan/evaluation_criteria/expanded/tainan_jiali_land_office_regional_individual__0272_629935b1e0.xls
local_governments/tainan/evaluation_criteria/tainan_jiali_land_office_regional_individual_factor_criteria_2015/#U4f73#U91cc#U6240(104#U5e74#U4e8c#U7248)/#U897f#U6e2f#U5340/#U4f4f#U5b85#U7528#U5730/#U6751#U91cc#U9130#U4f4f#U5b85#U7528#U5730/#U6751#U91cc#U9130#U4f4f#U5b85#U5340#U57df#U56e0#U7d20#U660e#U7d30#U8868.pdf,local_governments/tainan/evaluation_criteria/expanded/tainan_jiali_land_office_regional_individual__0273_2d1bb4ed08.pdf
local_governments/tainan/evaluation_criteria/tainan_jiali_land_office_regional_individual_factor_criteria_2015/#U4f73#U91cc#U6240(104#U5e74#U4e8c#U7248)/#U897f#U6e2f#U5340/#U4f4f#U5b85#U7528#U5730/#U6751#U91cc#U9130#U4f4f#U5b85#U7528#U5730/#U6751#U91cc#U9130#U4f4f#U5b85#U5340#U57df#U56e0#U7d20#U660e#U7d30#U8868.xls,local_governments/tainan/evaluation_criteria/expanded/tainan_jiali_land_office_regional_individual__0274_e5a9354e75.xls
local_governments/tainan/evaluation_criteria/tainan_jiali_land_office_regional_individual_factor_criteria_2015/#U4f73#U91cc#U6240(104#U5e74#U4e8c#U7248)/#U897f#U6e2f#U5340/#U4f4f#U5b85#U7528#U5730/#U81fa#U5357#U5e02#U897f#U6e2f#U5340#U5f71#U97ff#U4f4f#U5b85#U7528#U5730#U5730#U50f9#U500b#U5225#U56e0#U7d20#U8a55#U50f9#U57fa#U6e96#U660e#U7d30#U8868.pdf,local_governments/tainan/evaluation_criteria/expanded/tainan_jiali_land_office_regional_individual__0275_4533c392a8.pdf
local_governments/tainan/evaluation_criteria/tainan_jiali_land_office_regional_individual_factor_criteria_2015/#U4f73#U91cc#U6240(104#U5e74#U4e8c#U7248)/#U897f#U6e2f#U5340/#U4f4f#U5b85#U7528#U5730/#U81fa#U5357#U5e02#U897f#U6e2f#U5340#U5f71#U97ff#U4f4f#U5b85#U7528#U5730#U5730#U50f9#U500b#U5225#U56e0#U7d20#U8a55#U50f9#U57fa#U6e96#U660e#U7d30#U8868.xlsx,local_governments/tainan/evaluation_criteria/expanded/tainan_jiali_land_office_regional_individual__0276_0c52c08652.xlsx
local_governments/tainan/evaluation_criteria/tainan_jiali_land_office_regional_individual_factor_criteria_2015/#U4f73#U91cc#U6240(104#U5e74#U4e8c#U7248)/#U897f#U6e2f#U5340/#U5176#U4ed6#U7528#U5730/#U5176#U4ed6#U7528#U5730#U5340#U57df#U56e0#U7d20#U660e#U7d30#U8868.pdf,local_governments/tainan/evaluation_criteria/expanded/tainan_jiali_land_office_regional_individual__0277_9b6877fbd1.pdf
local_governments/tainan/evaluation_criteria/tainan_jiali_land_office_regional_individual_factor_criteria_2015/#U4f73#U91cc#U6240(104#U5e74#U4e8c#U7248)/#U897f#U6e2f#U5340/#U5176#U4ed6#U7528#U5730/#U5176#U4ed6#U7528#U5730#U5340#U57df#U56e0#U7d20#U660e#U7d30#U8868.xls,local_governments/tainan/evaluation_criteria/expanded/tainan_jiali_land_office_regional_individual__0278_572bd1295d.xls
local_governments/tainan/evaluation_criteria/tainan_jiali_land_office_regional_individual_factor_criteria_2015/#U4f73#U91cc#U6240(104#U5e74#U4e8c#U7248)/#U897f#U6e2f#U5340/#U5176#U4ed6#U7528#U5730/#U81fa#U5357#U5e02#U897f#U6e2f#U5340#U5f71#U97ff#U5176#U4ed6#U7528#U5730#U5730#U50f9#U500b#U5225#U56e0#U7d20#U8a55#U50f9#U57fa#U6e96#U660e#U7d30#U8868.pdf,local_governments/tainan/evaluation_criteria/expanded/tainan_jiali_land_office_regional_individual__0279_aca569c81f.pdf
local_governments/tainan/evaluation_criteria/tainan_jiali_land_office_regional_individual_factor_criteria_2015/#U4f73#U91cc#U6240(104#U5e74#U4e8c#U7248)/#U897f#U6e2f#U5340/#U5176#U4ed6#U7528#U5730/#U81fa#U5357#U5e02#U897f#U6e2f#U5340#U5f71#U97ff#U5176#U4ed6#U7528#U5730#U5730#U50f9#U500b#U5225#U56e0#U7d20#U8a55#U50f9#U57fa#U6e96#U660e#U7d30#U8868.xlsx,local_governments/tainan/evaluation_criteria/expanded/tainan_jiali_land_office_regional_individual__0280_c2614fd9ad.xlsx
local_governments/tainan/evaluation_criteria/tainan_jiali_land_office_regional_individual_factor_criteria_2015/#U4f73#U91cc#U6240(104#U5e74#U4e8c#U7248)/#U897f#U6e2f#U5340/#U5546#U696d#U7528#U5730/#U666e#U901a#U5546#U696d#U5340#U57df#U56e0#U7d20#U660e#U7d30#U8868.pdf,local_governments/tainan/evaluation_criteria/expanded/tainan_jiali_land_office_regional_individual__0281_32a63b55bf.pdf
local_governments/tainan/evaluation_criteria/tainan_jiali_land_office_regional_individual_factor_criteria_2015/#U4f73#U91cc#U6240(104#U5e74#U4e8c#U7248)/#U897f#U6e2f#U5340/#U5546#U696d#U7528#U5730/#U666e#U901a#U5546#U696d#U5340#U57df#U56e0#U7d20#U660e#U7d30#U8868.xls,local_governments/tainan/evaluation_criteria/expanded/tainan_jiali_land_office_regional_individual__0282_c0af8876e8.xls
local_governments/tainan/evaluation_criteria/tainan_jiali_land_office_regional_individual_factor_criteria_2015/#U4f73#U91cc#U6240(104#U5e74#U4e8c#U7248)/#U897f#U6e2f#U5340/#U5546#U696d#U7528#U5730/#U81fa#U5357#U5e02#U897f#U6e2f#U5340#U5f71#U97ff#U5546#U696d#U7528#U5730#U5730#U50f9#U500b#U5225#U56e0#U7d20#U8a55#U50f9#U57fa#U6e96#U660e#U7d30#U8868.pdf,local_governments/tainan/evaluation_criteria/expanded/tainan_jiali_land_office_regional_individual__0283_a6777a20a4.pdf
local_governments/tainan/evaluation_criteria/tainan_jiali_land_office_regional_individual_factor_criteria_2015/#U4f73#U91cc#U6240(104#U5e74#U4e8c#U7248)/#U897f#U6e2f#U5340/#U5546#U696d#U7528#U5730/#U81fa#U5357#U5e02#U897f#U6e2f#U5340#U5f71#U97ff#U5546#U696d#U7528#U5730#U5730#U50f9#U500b#U5225#U56e0#U7d20#U8a55#U50f9#U57fa#U6e96#U660e#U7d30#U8868.xlsx,local_governments/tainan/evaluation_criteria/expanded/tainan_jiali_land_office_regional_individual__0284_9766f4b4d4.xlsx
local_governments/tainan/evaluation_criteria/tainan_jiali_land_office_regional_individual_factor_criteria_2015/#U4f73#U91cc#U6240(104#U5e74#U4e8c#U7248)/#U897f#U6e2f#U5340/#U5de5#U696d#U7528#U5730/#U4e2d#U5c0f#U898f#U6a21#U5de5#U696d#U5340#U57df#U56e0#U7d20#U660e#U7d30#U8868.pdf,local_governments/tainan/evaluation_criteria/expanded/tainan_jiali_land_office_regional_individual__0285_77ca90cf19.pdf
local_governments/tainan/evaluation_criteria/tainan_jiali_land_office_regional_individual_factor_criteria_2015/#U4f73#U91cc#U6240(104#U5e74#U4e8c#U7248)/#U897f#U6e2f#U5340/#U5de5#U696d#U7528#U5730/#U4e2d#U5c0f#U898f#U6a21#U5de5#U696d#U5340#U57df#U56e0#U7d20#U660e#U7d30#U8868.xls,local_governments/tainan/evaluation_criteria/expanded/tainan_jiali_land_office_regional_individual__0286_12945f52a9.xls
local_governments/tainan/evaluation_criteria/tainan_jiali_land_office_regional_individual_factor_criteria_2015/#U4f73#U91cc#U6240(104#U5e74#U4e8c#U7248)/#U897f#U6e2f#U5340/#U5de5#U696d#U7528#U5730/#U81fa#U5357#U5e02#U897f#U6e2f#U5340#U5f71#U97ff#U5de5#U696d#U7528#U5730#U5730#U50f9#U500b#U5225#U56e0#U7d20#U8a55#U50f9#U57fa#U6e96#U660e#U7d30#U8868.pdf,local_governments/tainan/evaluation_criteria/expanded/tainan_jiali_land_office_regional_individual__0287_6c01f363c2.pdf
local_governments/tainan/evaluation_criteria/tainan_jiali_land_office_regional_individual_factor_criteria_2015/#U4f73#U91cc#U6240(104#U5e74#U4e8c#U7248)/#U897f#U6e2f#U5340/#U5de5#U696d#U7528#U5730/#U81fa#U5357#U5e02#U897f#U6e2f#U5340#U5f71#U97ff#U5de5#U696d#U7528#U5730#U5730#U50f9#U500b#U5225#U56e0#U7d20#U8a55#U50f9#U57fa#U6e96#U660e#U7d30#U8868.xlsx,local_governments/tainan/evaluation_criteria/expanded/tainan_jiali_land_office_regional_individual__0288_706a9e0615.xlsx
local_governments/tainan/evaluation_criteria/tainan_jiali_land_office_regional_individual_factor_criteria_2015/#U4f73#U91cc#U6240(104#U5e74#U4e8c#U7248)/#U897f#U6e2f#U5340/#U8fb2#U696d#U7528#U5730/#U81fa#U5357#U5e02#U897f#U6e2f#U5340#U5f71#U97ff#U8fb2#U696d#U7528#U5730#U5730#U50f9#U500b#U5225#U56e0#U7d20#U8a55#U50f9#U57fa#U6e96#U660e#U7d30#U8868.pdf,local_governments/tainan/evaluation_criteria/expanded/tainan_jiali_land_office_regional_individual__0289_b371813485.pdf
local_governments/tainan/evaluation_criteria/tainan_jiali_land_office_regional_individual_factor_criteria_2015/#U4f73#U91cc#U6240(104#U5e74#U4e8c#U7248)/#U897f#U6e2f#U5340/#U8fb2#U696d#U7528#U5730/#U81fa#U5357#U5e02#U897f#U6e2f#U5340#U5f71#U97ff#U8fb2#U696d#U7528#U5730#U5730#U50f9#U500b#U5225#U56e0#U7d20#U8a55#U50f9#U57fa#U6e96#U660e#U7d30#U8868.xlsx,local_governments/tainan/evaluation_criteria/expanded/tainan_jiali_land_office_regional_individual__0290_2f3eb9eff9.xlsx
local_governments/tainan/evaluation_criteria/tainan_jiali_land_office_regional_individual_factor_criteria_2015/#U4f73#U91cc#U6240(104#U5e74#U4e8c#U7248)/#U897f#U6e2f#U5340/#U8fb2#U696d#U7528#U5730/#U8fb2#U696d#U7528#U5730#U5340#U57df#U56e0#U7d20#U660e#U7d30#U8868.pdf,local_governments/tainan/evaluation_criteria/expanded/tainan_jiali_land_office_regional_individual__0291_068d1d462a.pdf
local_governments/tainan/evaluation_criteria/tainan_jiali_land_office_regional_individual_factor_criteria_2015/#U4f73#U91cc#U6240(104#U5e74#U4e8c#U7248)/#U897f#U6e2f#U5340/#U8fb2#U696d#U7528#U5730/#U8fb2#U696d#U7528#U5730#U5340#U57df#U56e0#U7d20#U660e#U7d30#U8868.xls,local_governments/tainan/evaluation_criteria/expanded/tainan_jiali_land_office_regional_individual__0292_a9fef84b88.xls
local_governments/tainan/evaluation_criteria/tainan_madou_land_office_regional_individual_factor_criteria_2015/#U9ebb#U8c46#U6240#U5f71#U97ff#U5730#U50f9#U8a55#U50f9#U57fa#U6e96#U660e#U7d30#U8868(#U5e02#U50f9#U67e5#U4f30#U7528)-#U9ebb#U8c46#U6240/#U4e0b#U71df#U5340/#U4f4f#U5b85#U7528#U5730/#U666e#U901a#U4f4f#U5b85#U7528#U5730/#U4e0b#U71df#U4f4f#U5b85#U7528#U5730#U500b#U5225#U56e0#U7d20#U660e#U7d30#U8868.pdf,local_governments/tainan/evaluation_criteria/expanded/tainan_madou_land_office_regional_individual__0293_4975af706e.pdf
local_governments/tainan/evaluation_criteria/tainan_madou_land_office_regional_individual_factor_criteria_2015/#U9ebb#U8c46#U6240#U5f71#U97ff#U5730#U50f9#U8a55#U50f9#U57fa#U6e96#U660e#U7d30#U8868(#U5e02#U50f9#U67e5#U4f30#U7528)-#U9ebb#U8c46#U6240/#U4e0b#U71df#U5340/#U4f4f#U5b85#U7528#U5730/#U666e#U901a#U4f4f#U5b85#U7528#U5730/#U4e0b#U71df#U5340#U666e#U901a#U4f4f#U5b85#U7528#U5730#U5f71#U97ff#U5730#U50f9#U5340#U57df#U56e0#U7d20#U8a55#U50f9#U57fa#U6e96#U660e#U7d30#U8868.xls,local_governments/tainan/evaluation_criteria/expanded/tainan_madou_land_office_regional_individual__0294_99924f4d11.xls
local_governments/tainan/evaluation_criteria/tainan_madou_land_office_regional_individual_factor_criteria_2015/#U9ebb#U8c46#U6240#U5f71#U97ff#U5730#U50f9#U8a55#U50f9#U57fa#U6e96#U660e#U7d30#U8868(#U5e02#U50f9#U67e5#U4f30#U7528)-#U9ebb#U8c46#U6240/#U4e0b#U71df#U5340/#U4f4f#U5b85#U7528#U5730/#U666e#U901a#U4f4f#U5b85#U7528#U5730/#U500b#U5225#U660e#U7d30#U8868#U4f4f#U5b85#U7528#U57301010807.xls,local_governments/tainan/evaluation_criteria/expanded/tainan_madou_land_office_regional_individual__0295_6ca0480c3a.xls
local_governments/tainan/evaluation_criteria/tainan_madou_land_office_regional_individual_factor_criteria_2015/#U9ebb#U8c46#U6240#U5f71#U97ff#U5730#U50f9#U8a55#U50f9#U57fa#U6e96#U660e#U7d30#U8868(#U5e02#U50f9#U67e5#U4f30#U7528)-#U9ebb#U8c46#U6240/#U4e0b#U71df#U5340/#U4f4f#U5b85#U7528#U5730/#U666e#U901a#U4f4f#U5b85#U7528#U5730/#U81fa#U5357#U5e02#U4e0b#U71df#U5340#U666e#U901a#U4f4f#U5b85#U7528#U5730#U5f71#U97ff#U5730#U50f9#U5340#U57df#U56e0#U7d20#U8a55#U50f9#U57fa#U6e96#U660e#U7d30#U8868.pdf,local_governments/tainan/evaluation_criteria/expanded/tainan_madou_land_office_regional_individual__0296_4f6242dbf3.pdf
local_governments/tainan/evaluation_criteria/tainan_madou_land_office_regional_individual_factor_criteria_2015/#U9ebb#U8c46#U6240#U5f71#U97ff#U5730#U50f9#U8a55#U50f9#U57fa#U6e96#U660e#U7d30#U8868(#U5e02#U50f9#U67e5#U4f30#U7528)-#U9ebb#U8c46#U6240/#U4e0b#U71df#U5340/#U4f4f#U5b85#U7528#U5730/#U666e#U901a#U4f4f#U5b85#U7528#U5730/Thumbs.db,local_governments/tainan/evaluation_criteria/expanded/tainan_madou_land_office_regional_individual__0297_e8a1bc8e54.db
local_governments/tainan/evaluation_criteria/tainan_madou_land_office_regional_individual_factor_criteria_2015/#U9ebb#U8c46#U6240#U5f71#U97ff#U5730#U50f9#U8a55#U50f9#U57fa#U6e96#U660e#U7d30#U8868(#U5e02#U50f9#U67e5#U4f30#U7528)-#U9ebb#U8c46#U6240/#U4e0b#U71df#U5340/#U4f4f#U5b85#U7528#U5730/#U6751#U91cc#U9130#U4f4f#U5b85#U7528#U5730/#U4e0b#U71df#U4f4f#U5b85#U7528#U5730#U500b#U5225#U56e0#U7d20#U660e#U7d30#U8868.pdf,local_governments/tainan/evaluation_criteria/expanded/tainan_madou_land_office_regional_individual__0298_2e29f4aa09.pdf
local_governments/tainan/evaluation_criteria/tainan_madou_land_office_regional_individual_factor_criteria_2015/#U9ebb#U8c46#U6240#U5f71#U97ff#U5730#U50f9#U8a55#U50f9#U57fa#U6e96#U660e#U7d30#U8868(#U5e02#U50f9#U67e5#U4f30#U7528)-#U9ebb#U8c46#U6240/#U4e0b#U71df#U5340/#U4f4f#U5b85#U7528#U5730/#U6751#U91cc#U9130#U4f4f#U5b85#U7528#U5730/#U4e0b#U71df#U5340#U6751#U91cc#U9130#U4f4f#U5b85#U7528#U5730#U5f71#U97ff#U5730#U50f9#U5340#U57df#U56e0#U7d20#U8a55#U50f9#U57fa#U6e96#U660e#U7d30#U8868.pdf,local_governments/tainan/evaluation_criteria/expanded/tainan_madou_land_office_regional_individual__0299_b12744453f.pdf
local_governments/tainan/evaluation_criteria/tainan_madou_land_office_regional_individual_factor_criteria_2015/#U9ebb#U8c46#U6240#U5f71#U97ff#U5730#U50f9#U8a55#U50f9#U57fa#U6e96#U660e#U7d30#U8868(#U5e02#U50f9#U67e5#U4f30#U7528)-#U9ebb#U8c46#U6240/#U4e0b#U71df#U5340/#U4f4f#U5b85#U7528#U5730/#U6751#U91cc#U9130#U4f4f#U5b85#U7528#U5730/#U4e0b#U71df#U5340#U6751#U91cc#U9130#U4f4f#U5b85#U7528#U5730#U5f71#U97ff#U5730#U50f9#U5340#U57df#U56e0#U7d20#U8a55#U50f9#U57fa#U6e96#U660e#U7d30#U8868.xls,local_governments/tainan/evaluation_criteria/expanded/tainan_madou_land_office_regional_individual__0300_1dc3a4fddb.xls
local_governments/tainan/evaluation_criteria/tainan_madou_land_office_regional_individual_factor_criteria_2015/#U9ebb#U8c46#U6240#U5f71#U97ff#U5730#U50f9#U8a55#U50f9#U57fa#U6e96#U660e#U7d30#U8868(#U5e02#U50f9#U67e5#U4f30#U7528)-#U9ebb#U8c46#U6240/#U4e0b#U71df#U5340/#U4f4f#U5b85#U7528#U5730/#U6751#U91cc#U9130#U4f4f#U5b85#U7528#U5730/#U500b#U5225#U660e#U7d30#U8868#U4f4f#U5b85#U7528#U57301010807.xls,local_governments/tainan/evaluation_criteria/expanded/tainan_madou_land_office_regional_individual__0301_cfedf50b89.xls
local_governments/tainan/evaluation_criteria/tainan_madou_land_office_regional_individual_factor_criteria_2015/#U9ebb#U8c46#U6240#U5f71#U97ff#U5730#U50f9#U8a55#U50f9#U57fa#U6e96#U660e#U7d30#U8868(#U5e02#U50f9#U67e5#U4f30#U7528)-#U9ebb#U8c46#U6240/#U4e0b#U71df#U5340/#U4f4f#U5b85#U7528#U5730/#U6751#U91cc#U9130#U4f4f#U5b85#U7528#U5730/Thumbs.db,local_governments/tainan/evaluation_criteria/expanded/tainan_madou_land_office_regional_individual__0302_48de57ecec.db
local_governments/tainan/evaluation_criteria/tainan_madou_land_office_regional_individual_factor_criteria_2015/#U9ebb#U8c46#U6240#U5f71#U97ff#U5730#U50f9#U8a55#U50f9#U57fa#U6e96#U660e#U7d30#U8868(#U5e02#U50f9#U67e5#U4f30#U7528)-#U9ebb#U8c46#U6240/#U4e0b#U71df#U5340/#U5176#U4ed6#U7528#U5730/#U4e0b#U71df#U5176#U4ed6#U7528#U5730#U500b#U5225#U56e0#U7d20#U660e#U7d30#U8868.pdf,local_governments/tainan/evaluation_criteria/expanded/tainan_madou_land_office_regional_individual__0303_abbf24d674.pdf
local_governments/tainan/evaluation_criteria/tainan_madou_land_office_regional_individual_factor_criteria_2015/#U9ebb#U8c46#U6240#U5f71#U97ff#U5730#U50f9#U8a55#U50f9#U57fa#U6e96#U660e#U7d30#U8868(#U5e02#U50f9#U67e5#U4f30#U7528)-#U9ebb#U8c46#U6240/#U4e0b#U71df#U5340/#U5176#U4ed6#U7528#U5730/#U4e0b#U71df#U5340#U5f71#U97ff#U5176#U4ed6#U7528#U5730#U5340#U57df#U56e0#U7d20#U8a55#U50f9#U57fa#U6e96#U660e#U7d30#U8868(104#U5e74#U5ea6#U8349#U6848)#U4fee#U6b63#U7248.pdf,local_governments/tainan/evaluation_criteria/expanded/tainan_madou_land_office_regional_individual__0304_3bcc04a608.pdf
local_governments/tainan/evaluation_criteria/tainan_madou_land_office_regional_individual_factor_criteria_2015/#U9ebb#U8c46#U6240#U5f71#U97ff#U5730#U50f9#U8a55#U50f9#U57fa#U6e96#U660e#U7d30#U8868(#U5e02#U50f9#U67e5#U4f30#U7528)-#U9ebb#U8c46#U6240/#U4e0b#U71df#U5340/#U5176#U4ed6#U7528#U5730/#U4e0b#U71df#U5340#U5f71#U97ff#U5176#U4ed6#U7528#U5730#U5340#U57df#U56e0#U7d20#U8a55#U50f9#U57fa#U6e96#U660e#U7d30#U8868(104#U5e74#U5ea6#U8349#U6848)#U4fee#U6b63#U7248.xlsx,local_governments/tainan/evaluation_criteria/expanded/tainan_madou_land_office_regional_individual__0305_dac84e0399.xlsx
local_governments/tainan/evaluation_criteria/tainan_madou_land_office_regional_individual_factor_criteria_2015/#U9ebb#U8c46#U6240#U5f71#U97ff#U5730#U50f9#U8a55#U50f9#U57fa#U6e96#U660e#U7d30#U8868(#U5e02#U50f9#U67e5#U4f30#U7528)-#U9ebb#U8c46#U6240/#U4e0b#U71df#U5340/#U5176#U4ed6#U7528#U5730/#U500b#U5225#U660e#U7d30#U8868#U5176#U4ed6#U7528#U57301010807.xls,local_governments/tainan/evaluation_criteria/expanded/tainan_madou_land_office_regional_individual__0306_6f5a47464d.xls
local_governments/tainan/evaluation_criteria/tainan_madou_land_office_regional_individual_factor_criteria_2015/#U9ebb#U8c46#U6240#U5f71#U97ff#U5730#U50f9#U8a55#U50f9#U57fa#U6e96#U660e#U7d30#U8868(#U5e02#U50f9#U67e5#U4f30#U7528)-#U9ebb#U8c46#U6240/#U4e0b#U71df#U5340/#U5176#U4ed6#U7528#U5730/Thumbs.db,local_governments/tainan/evaluation_criteria/expanded/tainan_madou_land_office_regional_individual__0307_a654a3828e.db
local_governments/tainan/evaluation_criteria/tainan_madou_land_office_regional_individual_factor_criteria_2015/#U9ebb#U8c46#U6240#U5f71#U97ff#U5730#U50f9#U8a55#U50f9#U57fa#U6e96#U660e#U7d30#U8868(#U5e02#U50f9#U67e5#U4f30#U7528)-#U9ebb#U8c46#U6240/#U4e0b#U71df#U5340/#U5546#U696d#U7528#U5730/#U666e#U901a#U5546#U696d#U7528#U5730/#U4e0b#U71df#U5340#U666e#U901a#U5546#U696d#U7528#U5730#U5f71#U97ff#U5730#U50f9#U5340#U57df#U56e0#U7d20#U8a55#U50f9#U57fa#U6e96#U660e#U7d30#U8868.pdf,local_governments/tainan/evaluation_criteria/expanded/tainan_madou_land_office_regional_individual__0308_654ca68c15.pdf
local_governments/tainan/evaluation_criteria/tainan_madou_land_office_regional_individual_factor_criteria_2015/#U9ebb#U8c46#U6240#U5f71#U97ff#U5730#U50f9#U8a55#U50f9#U57fa#U6e96#U660e#U7d30#U8868(#U5e02#U50f9#U67e5#U4f30#U7528)-#U9ebb#U8c46#U6240/#U4e0b#U71df#U5340/#U5546#U696d#U7528#U5730/#U666e#U901a#U5546#U696d#U7528#U5730/#U4e0b#U71df#U5340#U666e#U901a#U5546#U696d#U7528#U5730#U5f71#U97ff#U5730#U50f9#U5340#U57df#U56e0#U7d20#U8a55#U50f9#U57fa#U6e96#U660e#U7d30#U8868.xls,local_governments/tainan/evaluation_criteria/expanded/tainan_madou_land_office_regional_individual__0309_d92fbbd47d.xls
local_governments/tainan/evaluation_criteria/tainan_madou_land_office_regional_individual_factor_criteria_2015/#U9ebb#U8c46#U6240#U5f71#U97ff#U5730#U50f9#U8a55#U50f9#U57fa#U6e96#U660e#U7d30#U8868(#U5e02#U50f9#U67e5#U4f30#U7528)-#U9ebb#U8c46#U6240/#U4e0b#U71df#U5340/#U5546#U696d#U7528#U5730/#U666e#U901a#U5546#U696d#U7528#U5730/#U4e0b#U71df#U5546#U696d#U7528#U5730#U500b#U5225#U56e0#U7d20#U660e#U7d30#U8868.pdf,local_governments/tainan/evaluation_criteria/expanded/tainan_madou_land_office_regional_individual__0310_893b86e9c2.pdf
local_governments/tainan/evaluation_criteria/tainan_madou_land_office_regional_individual_factor_criteria_2015/#U9ebb#U8c46#U6240#U5f71#U97ff#U5730#U50f9#U8a55#U50f9#U57fa#U6e96#U660e#U7d30#U8868(#U5e02#U50f9#U67e5#U4f30#U7528)-#U9ebb#U8c46#U6240/#U4e0b#U71df#U5340/#U5546#U696d#U7528#U5730/#U666e#U901a#U5546#U696d#U7528#U5730/#U500b#U5225#U660e#U7d30#U8868#U5546#U696d#U7528#U57301010807.xls,local_governments/tainan/evaluation_criteria/expanded/tainan_madou_land_office_regional_individual__0311_2c58746d01.xls
local_governments/tainan/evaluation_criteria/tainan_madou_land_office_regional_individual_factor_criteria_2015/#U9ebb#U8c46#U6240#U5f71#U97ff#U5730#U50f9#U8a55#U50f9#U57fa#U6e96#U660e#U7d30#U8868(#U5e02#U50f9#U67e5#U4f30#U7528)-#U9ebb#U8c46#U6240/#U4e0b#U71df#U5340/#U5546#U696d#U7528#U5730/#U666e#U901a#U5546#U696d#U7528#U5730/Thumbs.db,local_governments/tainan/evaluation_criteria/expanded/tainan_madou_land_office_regional_individual__0312_172ce668e5.db
local_governments/tainan/evaluation_criteria/tainan_madou_land_office_regional_individual_factor_criteria_2015/#U9ebb#U8c46#U6240#U5f71#U97ff#U5730#U50f9#U8a55#U50f9#U57fa#U6e96#U660e#U7d30#U8868(#U5e02#U50f9#U67e5#U4f30#U7528)-#U9ebb#U8c46#U6240/#U4e0b#U71df#U5340/#U5de5#U696d#U7528#U5730/#U4e2d#U5c0f#U898f#U6a21#U5de5#U696d#U7528#U5730/#U4e0b#U71df#U5340#U4e2d#U5c0f#U898f#U6a21#U5de5#U696d#U7528#U5730#U5f71#U97ff#U5730#U50f9#U5340#U57df#U56e0#U7d20#U8a55#U50f9#U57fa#U6e96#U660e#U7d30#U8868.xls,local_governments/tainan/evaluation_criteria/expanded/tainan_madou_land_office_regional_individual__0313_a165607892.xls
local_governments/tainan/evaluation_criteria/tainan_madou_land_office_regional_individual_factor_criteria_2015/#U9ebb#U8c46#U6240#U5f71#U97ff#U5730#U50f9#U8a55#U50f9#U57fa#U6e96#U660e#U7d30#U8868(#U5e02#U50f9#U67e5#U4f30#U7528)-#U9ebb#U8c46#U6240/#U4e0b#U71df#U5340/#U5de5#U696d#U7528#U5730/#U4e2d#U5c0f#U898f#U6a21#U5de5#U696d#U7528#U5730/#U4e0b#U71df#U5de5#U696d#U7528#U5730#U500b#U5225#U56e0#U7d20#U660e#U7d30#U8868.pdf,local_governments/tainan/evaluation_criteria/expanded/tainan_madou_land_office_regional_individual__0314_79e05b0dc4.pdf
local_governments/tainan/evaluation_criteria/tainan_madou_land_office_regional_individual_factor_criteria_2015/#U9ebb#U8c46#U6240#U5f71#U97ff#U5730#U50f9#U8a55#U50f9#U57fa#U6e96#U660e#U7d30#U8868(#U5e02#U50f9#U67e5#U4f30#U7528)-#U9ebb#U8c46#U6240/#U4e0b#U71df#U5340/#U5de5#U696d#U7528#U5730/#U4e2d#U5c0f#U898f#U6a21#U5de5#U696d#U7528#U5730/#U500b#U5225#U660e#U7d30#U8868#U5de5#U696d#U7528#U57301010807.xls,local_governments/tainan/evaluation_criteria/expanded/tainan_madou_land_office_regional_individual__0315_088327d8a6.xls
local_governments/tainan/evaluation_criteria/tainan_madou_land_office_regional_individual_factor_criteria_2015/#U9ebb#U8c46#U6240#U5f71#U97ff#U5730#U50f9#U8a55#U50f9#U57fa#U6e96#U660e#U7d30#U8868(#U5e02#U50f9#U67e5#U4f30#U7528)-#U9ebb#U8c46#U6240/#U4e0b#U71df#U5340/#U5de5#U696d#U7528#U5730/#U4e2d#U5c0f#U898f#U6a21#U5de5#U696d#U7528#U5730/#U81fa#U5357#U5e02#U4e0b#U71df#U5340#U4e2d#U5c0f#U898f#U6a21#U5de5#U696d#U7528#U5730#U5f71#U97ff#U5730#U50f9#U5340#U57df#U56e0#U7d20#U8a55#U50f9.pdf,local_governments/tainan/evaluation_criteria/expanded/tainan_madou_land_office_regional_individual__0316_e50d1e05f8.pdf
local_governments/tainan/evaluation_criteria/tainan_madou_land_office_regional_individual_factor_criteria_2015/#U9ebb#U8c46#U6240#U5f71#U97ff#U5730#U50f9#U8a55#U50f9#U57fa#U6e96#U660e#U7d30#U8868(#U5e02#U50f9#U67e5#U4f30#U7528)-#U9ebb#U8c46#U6240/#U4e0b#U71df#U5340/#U5de5#U696d#U7528#U5730/#U4e2d#U5c0f#U898f#U6a21#U5de5#U696d#U7528#U5730/Thumbs.db,local_governments/tainan/evaluation_criteria/expanded/tainan_madou_land_office_regional_individual__0317_28dc6fb7dd.db
local_governments/tainan/evaluation_criteria/tainan_madou_land_office_regional_individual_factor_criteria_2015/#U9ebb#U8c46#U6240#U5f71#U97ff#U5730#U50f9#U8a55#U50f9#U57fa#U6e96#U660e#U7d30#U8868(#U5e02#U50f9#U67e5#U4f30#U7528)-#U9ebb#U8c46#U6240/#U4e0b#U71df#U5340/#U8fb2#U696d#U7528#U5730/#U4e0b#U71df#U5340#U8fb2#U696d#U7528#U5730#U5f71#U97ff#U5730#U50f9#U5340#U57df#U56e0#U7d20#U8a55#U50f9#U57fa#U6e96#U660e#U7d30#U8868.xls,local_governments/tainan/evaluation_criteria/expanded/tainan_madou_land_office_regional_individual__0318_d9571406a0.xls
local_governments/tainan/evaluation_criteria/tainan_madou_land_office_regional_individual_factor_criteria_2015/#U9ebb#U8c46#U6240#U5f71#U97ff#U5730#U50f9#U8a55#U50f9#U57fa#U6e96#U660e#U7d30#U8868(#U5e02#U50f9#U67e5#U4f30#U7528)-#U9ebb#U8c46#U6240/#U4e0b#U71df#U5340/#U8fb2#U696d#U7528#U5730/#U4e0b#U71df#U8fb2#U696d#U7528#U5730#U500b#U5225#U56e0#U7d20#U660e#U7d30#U8868.pdf,local_governments/tainan/evaluation_criteria/expanded/tainan_madou_land_office_regional_individual__0319_021af404ed.pdf
local_governments/tainan/evaluation_criteria/tainan_madou_land_office_regional_individual_factor_criteria_2015/#U9ebb#U8c46#U6240#U5f71#U97ff#U5730#U50f9#U8a55#U50f9#U57fa#U6e96#U660e#U7d30#U8868(#U5e02#U50f9#U67e5#U4f30#U7528)-#U9ebb#U8c46#U6240/#U4e0b#U71df#U5340/#U8fb2#U696d#U7528#U5730/#U500b#U5225#U660e#U7d30#U8868#U8fb2#U696d#U7528#U57301010807.xls,local_governments/tainan/evaluation_criteria/expanded/tainan_madou_land_office_regional_individual__0320_04174b61bd.xls
local_governments/tainan/evaluation_criteria/tainan_madou_land_office_regional_individual_factor_criteria_2015/#U9ebb#U8c46#U6240#U5f71#U97ff#U5730#U50f9#U8a55#U50f9#U57fa#U6e96#U660e#U7d30#U8868(#U5e02#U50f9#U67e5#U4f30#U7528)-#U9ebb#U8c46#U6240/#U4e0b#U71df#U5340/#U8fb2#U696d#U7528#U5730/#U81fa#U5357#U5e02#U4e0b#U71df#U5340#U8fb2#U696d#U7528#U5730#U5f71#U97ff#U5730#U50f9#U5340#U57df#U56e0#U7d20#U8a55#U50f9#U57fa#U6e96#U660e#U7d30#U8868.pdf,local_governments/tainan/evaluation_criteria/expanded/tainan_madou_land_office_regional_individual__0321_d9fa45454f.pdf
local_governments/tainan/evaluation_criteria/tainan_madou_land_office_regional_individual_factor_criteria_2015/#U9ebb#U8c46#U6240#U5f71#U97ff#U5730#U50f9#U8a55#U50f9#U57fa#U6e96#U660e#U7d30#U8868(#U5e02#U50f9#U67e5#U4f30#U7528)-#U9ebb#U8c46#U6240/#U4e0b#U71df#U5340/#U8fb2#U696d#U7528#U5730/Thumbs.db,local_governments/tainan/evaluation_criteria/expanded/tainan_madou_land_office_regional_individual__0322_7c01b21a1d.db
local_governments/tainan/evaluation_criteria/tainan_madou_land_office_regional_individual_factor_criteria_2015/#U9ebb#U8c46#U6240#U5f71#U97ff#U5730#U50f9#U8a55#U50f9#U57fa#U6e96#U660e#U7d30#U8868(#U5e02#U50f9#U67e5#U4f30#U7528)-#U9ebb#U8c46#U6240/#U4e0b#U71df#U5340/Thumbs.db,local_governments/tainan/evaluation_criteria/expanded/tainan_madou_land_office_regional_individual__0323_fc9c9a23fe.db
local_governments/tainan/evaluation_criteria/tainan_madou_land_office_regional_individual_factor_criteria_2015/#U9ebb#U8c46#U6240#U5f71#U97ff#U5730#U50f9#U8a55#U50f9#U57fa#U6e96#U660e#U7d30#U8868(#U5e02#U50f9#U67e5#U4f30#U7528)-#U9ebb#U8c46#U6240/#U516d#U7532#U5340/#U4f4f#U5b85#U7528#U5730/#U666e#U901a#U4f4f#U5b85#U7528#U5730/#U500b#U5225#U660e#U7d30#U8868#U4f4f#U5b85#U7528#U57301010807.xls,local_governments/tainan/evaluation_criteria/expanded/tainan_madou_land_office_regional_individual__0324_f1d14396fa.xls
local_governments/tainan/evaluation_criteria/tainan_madou_land_office_regional_individual_factor_criteria_2015/#U9ebb#U8c46#U6240#U5f71#U97ff#U5730#U50f9#U8a55#U50f9#U57fa#U6e96#U660e#U7d30#U8868(#U5e02#U50f9#U67e5#U4f30#U7528)-#U9ebb#U8c46#U6240/#U516d#U7532#U5340/#U4f4f#U5b85#U7528#U5730/#U666e#U901a#U4f4f#U5b85#U7528#U5730/#U516d#U7532#U4f4f#U5b85#U7528#U5730#U500b#U5225#U56e0#U7d20#U660e#U7d30#U8868.pdf,local_governments/tainan/evaluation_criteria/expanded/tainan_madou_land_office_regional_individual__0325_f4d8e3f5a6.pdf
local_governments/tainan/evaluation_criteria/tainan_madou_land_office_regional_individual_factor_criteria_2015/#U9ebb#U8c46#U6240#U5f71#U97ff#U5730#U50f9#U8a55#U50f9#U57fa#U6e96#U660e#U7d30#U8868(#U5e02#U50f9#U67e5#U4f30#U7528)-#U9ebb#U8c46#U6240/#U516d#U7532#U5340/#U4f4f#U5b85#U7528#U5730/#U666e#U901a#U4f4f#U5b85#U7528#U5730/#U516d#U7532#U5340#U666e#U901a#U4f4f#U5b85#U7528#U5730#U5f71#U97ff#U5730#U50f9#U5340#U57df#U56e0#U7d20#U8a55#U50f9#U57fa#U6e96#U660e#U7d30#U8868.xls,local_governments/tainan/evaluation_criteria/expanded/tainan_madou_land_office_regional_individual__0326_3e723d0052.xls
local_governments/tainan/evaluation_criteria/tainan_madou_land_office_regional_individual_factor_criteria_2015/#U9ebb#U8c46#U6240#U5f71#U97ff#U5730#U50f9#U8a55#U50f9#U57fa#U6e96#U660e#U7d30#U8868(#U5e02#U50f9#U67e5#U4f30#U7528)-#U9ebb#U8c46#U6240/#U516d#U7532#U5340/#U4f4f#U5b85#U7528#U5730/#U666e#U901a#U4f4f#U5b85#U7528#U5730/#U81fa#U5357#U5e02#U516d#U7532#U5340#U666e#U901a#U4f4f#U5b85#U7528#U5730#U5f71#U97ff#U5730#U50f9#U5340#U57df#U56e0#U7d20#U8a55#U50f9#U57fa#U6e96#U660e#U7d30#U8868.pdf,local_governments/tainan/evaluation_criteria/expanded/tainan_madou_land_office_regional_individual__0327_89c91e86b5.pdf
local_governments/tainan/evaluation_criteria/tainan_madou_land_office_regional_individual_factor_criteria_2015/#U9ebb#U8c46#U6240#U5f71#U97ff#U5730#U50f9#U8a55#U50f9#U57fa#U6e96#U660e#U7d30#U8868(#U5e02#U50f9#U67e5#U4f30#U7528)-#U9ebb#U8c46#U6240/#U516d#U7532#U5340/#U4f4f#U5b85#U7528#U5730/#U666e#U901a#U4f4f#U5b85#U7528#U5730/Thumbs.db,local_governments/tainan/evaluation_criteria/expanded/tainan_madou_land_office_regional_individual__0328_7ce49ddc8d.db
local_governments/tainan/evaluation_criteria/tainan_madou_land_office_regional_individual_factor_criteria_2015/#U9ebb#U8c46#U6240#U5f71#U97ff#U5730#U50f9#U8a55#U50f9#U57fa#U6e96#U660e#U7d30#U8868(#U5e02#U50f9#U67e5#U4f30#U7528)-#U9ebb#U8c46#U6240/#U516d#U7532#U5340/#U4f4f#U5b85#U7528#U5730/#U6751#U91cc#U9130#U4f4f#U5b85#U7528#U5730/#U500b#U5225#U660e#U7d30#U8868#U4f4f#U5b85#U7528#U57301010807.xls,local_governments/tainan/evaluation_criteria/expanded/tainan_madou_land_office_regional_individual__0329_bcbc2a67d3.xls
local_governments/tainan/evaluation_criteria/tainan_madou_land_office_regional_individual_factor_criteria_2015/#U9ebb#U8c46#U6240#U5f71#U97ff#U5730#U50f9#U8a55#U50f9#U57fa#U6e96#U660e#U7d30#U8868(#U5e02#U50f9#U67e5#U4f30#U7528)-#U9ebb#U8c46#U6240/#U516d#U7532#U5340/#U4f4f#U5b85#U7528#U5730/#U6751#U91cc#U9130#U4f4f#U5b85#U7528#U5730/#U516d#U7532#U4f4f#U5b85#U7528#U5730#U500b#U5225#U56e0#U7d20#U660e#U7d30#U8868.pdf,local_governments/tainan/evaluation_criteria/expanded/tainan_madou_land_office_regional_individual__0330_6bd72c412a.pdf
local_governments/tainan/evaluation_criteria/tainan_madou_land_office_regional_individual_factor_criteria_2015/#U9ebb#U8c46#U6240#U5f71#U97ff#U5730#U50f9#U8a55#U50f9#U57fa#U6e96#U660e#U7d30#U8868(#U5e02#U50f9#U67e5#U4f30#U7528)-#U9ebb#U8c46#U6240/#U516d#U7532#U5340/#U4f4f#U5b85#U7528#U5730/#U6751#U91cc#U9130#U4f4f#U5b85#U7528#U5730/#U516d#U7532#U5340#U6751#U91cc#U9130#U4f4f#U5b85#U7528#U5730#U5f71#U97ff#U5730#U50f9#U5340#U57df#U56e0#U7d20#U8a55#U50f9#U57fa#U6e96#U660e#U7d30#U8868.pdf,local_governments/tainan/evaluation_criteria/expanded/tainan_madou_land_office_regional_individual__0331_62b43915f9.pdf
local_governments/tainan/evaluation_criteria/tainan_madou_land_office_regional_individual_factor_criteria_2015/#U9ebb#U8c46#U6240#U5f71#U97ff#U5730#U50f9#U8a55#U50f9#U57fa#U6e96#U660e#U7d30#U8868(#U5e02#U50f9#U67e5#U4f30#U7528)-#U9ebb#U8c46#U6240/#U516d#U7532#U5340/#U4f4f#U5b85#U7528#U5730/#U6751#U91cc#U9130#U4f4f#U5b85#U7528#U5730/#U516d#U7532#U5340#U6751#U91cc#U9130#U4f4f#U5b85#U7528#U5730#U5f71#U97ff#U5730#U50f9#U5340#U57df#U56e0#U7d20#U8a55#U50f9#U57fa#U6e96#U660e#U7d30#U8868.xls,local_governments/tainan/evaluation_criteria/expanded/tainan_madou_land_office_regional_individual__0332_1317aac857.xls
local_governments/tainan/evaluation_criteria/tainan_madou_land_office_regional_individual_factor_criteria_2015/#U9ebb#U8c46#U6240#U5f71#U97ff#U5730#U50f9#U8a55#U50f9#U57fa#U6e96#U660e#U7d30#U8868(#U5e02#U50f9#U67e5#U4f30#U7528)-#U9ebb#U8c46#U6240/#U516d#U7532#U5340/#U4f4f#U5b85#U7528#U5730/#U6751#U91cc#U9130#U4f4f#U5b85#U7528#U5730/Thumbs.db,local_governments/tainan/evaluation_criteria/expanded/tainan_madou_land_office_regional_individual__0333_71d5731f15.db
local_governments/tainan/evaluation_criteria/tainan_madou_land_office_regional_individual_factor_criteria_2015/#U9ebb#U8c46#U6240#U5f71#U97ff#U5730#U50f9#U8a55#U50f9#U57fa#U6e96#U660e#U7d30#U8868(#U5e02#U50f9#U67e5#U4f30#U7528)-#U9ebb#U8c46#U6240/#U516d#U7532#U5340/#U5176#U4ed6#U7528#U5730/#U500b#U5225#U660e#U7d30#U8868#U5176#U4ed6#U7528#U57301010807.xls,local_governments/tainan/evaluation_criteria/expanded/tainan_madou_land_office_regional_individual__0334_fabab7363e.xls
local_governments/tainan/evaluation_criteria/tainan_madou_land_office_regional_individual_factor_criteria_2015/#U9ebb#U8c46#U6240#U5f71#U97ff#U5730#U50f9#U8a55#U50f9#U57fa#U6e96#U660e#U7d30#U8868(#U5e02#U50f9#U67e5#U4f30#U7528)-#U9ebb#U8c46#U6240/#U516d#U7532#U5340/#U5176#U4ed6#U7528#U5730/#U516d#U7532#U5176#U4ed6#U7528#U5730#U500b#U5225#U56e0#U7d20#U660e#U7d30#U8868.pdf,local_governments/tainan/evaluation_criteria/expanded/tainan_madou_land_office_regional_individual__0335_568f4cb7c6.pdf
local_governments/tainan/evaluation_criteria/tainan_madou_land_office_regional_individual_factor_criteria_2015/#U9ebb#U8c46#U6240#U5f71#U97ff#U5730#U50f9#U8a55#U50f9#U57fa#U6e96#U660e#U7d30#U8868(#U5e02#U50f9#U67e5#U4f30#U7528)-#U9ebb#U8c46#U6240/#U516d#U7532#U5340/#U5176#U4ed6#U7528#U5730/#U516d#U7532#U5340#U5f71#U97ff#U5176#U4ed6#U7528#U5730#U5340#U57df#U56e0#U7d20#U8a55#U50f9#U57fa#U6e96#U660e#U7d30#U8868(104#U5e74#U5ea6#U8349#U6848)#U4fee#U6b63#U7248.pdf,local_governments/tainan/evaluation_criteria/expanded/tainan_madou_land_office_regional_individual__0336_52165cc02c.pdf
local_governments/tainan/evaluation_criteria/tainan_madou_land_office_regional_individual_factor_criteria_2015/#U9ebb#U8c46#U6240#U5f71#U97ff#U5730#U50f9#U8a55#U50f9#U57fa#U6e96#U660e#U7d30#U8868(#U5e02#U50f9#U67e5#U4f30#U7528)-#U9ebb#U8c46#U6240/#U516d#U7532#U5340/#U5176#U4ed6#U7528#U5730/#U516d#U7532#U5340#U5f71#U97ff#U5176#U4ed6#U7528#U5730#U5340#U57df#U56e0#U7d20#U8a55#U50f9#U57fa#U6e96#U660e#U7d30#U8868(104#U5e74#U5ea6#U8349#U6848)#U4fee#U6b63#U7248.xlsx,local_governments/tainan/evaluation_criteria/expanded/tainan_madou_land_office_regional_individual__0337_873b0e62f3.xlsx
local_governments/tainan/evaluation_criteria/tainan_madou_land_office_regional_individual_factor_criteria_2015/#U9ebb#U8c46#U6240#U5f71#U97ff#U5730#U50f9#U8a55#U50f9#U57fa#U6e96#U660e#U7d30#U8868(#U5e02#U50f9#U67e5#U4f30#U7528)-#U9ebb#U8c46#U6240/#U516d#U7532#U5340/#U5176#U4ed6#U7528#U5730/Thumbs.db,local_governments/tainan/evaluation_criteria/expanded/tainan_madou_land_office_regional_individual__0338_03ceed2554.db
local_governments/tainan/evaluation_criteria/tainan_madou_land_office_regional_individual_factor_criteria_2015/#U9ebb#U8c46#U6240#U5f71#U97ff#U5730#U50f9#U8a55#U50f9#U57fa#U6e96#U660e#U7d30#U8868(#U5e02#U50f9#U67e5#U4f30#U7528)-#U9ebb#U8c46#U6240/#U516d#U7532#U5340/#U5546#U696d#U7528#U5730/#U666e#U901a#U5546#U696d#U7528#U5730/#U500b#U5225#U660e#U7d30#U8868#U5546#U696d#U7528#U57301010807.xls,local_governments/tainan/evaluation_criteria/expanded/tainan_madou_land_office_regional_individual__0339_2d6c722971.xls
local_governments/tainan/evaluation_criteria/tainan_madou_land_office_regional_individual_factor_criteria_2015/#U9ebb#U8c46#U6240#U5f71#U97ff#U5730#U50f9#U8a55#U50f9#U57fa#U6e96#U660e#U7d30#U8868(#U5e02#U50f9#U67e5#U4f30#U7528)-#U9ebb#U8c46#U6240/#U516d#U7532#U5340/#U5546#U696d#U7528#U5730/#U666e#U901a#U5546#U696d#U7528#U5730/#U516d#U7532#U5340#U666e#U901a#U5546#U696d#U7528#U5730#U5f71#U97ff#U5730#U50f9#U5340#U57df#U56e0#U7d20#U8a55#U50f9#U57fa#U6e96#U660e#U7d30#U8868.pdf,local_governments/tainan/evaluation_criteria/expanded/tainan_madou_land_office_regional_individual__0340_206684a828.pdf
local_governments/tainan/evaluation_criteria/tainan_madou_land_office_regional_individual_factor_criteria_2015/#U9ebb#U8c46#U6240#U5f71#U97ff#U5730#U50f9#U8a55#U50f9#U57fa#U6e96#U660e#U7d30#U8868(#U5e02#U50f9#U67e5#U4f30#U7528)-#U9ebb#U8c46#U6240/#U516d#U7532#U5340/#U5546#U696d#U7528#U5730/#U666e#U901a#U5546#U696d#U7528#U5730/#U516d#U7532#U5340#U666e#U901a#U5546#U696d#U7528#U5730#U5f71#U97ff#U5730#U50f9#U5340#U57df#U56e0#U7d20#U8a55#U50f9#U57fa#U6e96#U660e#U7d30#U8868.xls,local_governments/tainan/evaluation_criteria/expanded/tainan_madou_land_office_regional_individual__0341_8d65310a41.xls
local_governments/tainan/evaluation_criteria/tainan_madou_land_office_regional_individual_factor_criteria_2015/#U9ebb#U8c46#U6240#U5f71#U97ff#U5730#U50f9#U8a55#U50f9#U57fa#U6e96#U660e#U7d30#U8868(#U5e02#U50f9#U67e5#U4f30#U7528)-#U9ebb#U8c46#U6240/#U516d#U7532#U5340/#U5546#U696d#U7528#U5730/#U666e#U901a#U5546#U696d#U7528#U5730/#U516d#U7532#U5546#U696d#U7528#U5730#U500b#U5225#U56e0#U7d20#U660e#U7d30#U8868.pdf,local_governments/tainan/evaluation_criteria/expanded/tainan_madou_land_office_regional_individual__0342_ae24d205d8.pdf
local_governments/tainan/evaluation_criteria/tainan_madou_land_office_regional_individual_factor_criteria_2015/#U9ebb#U8c46#U6240#U5f71#U97ff#U5730#U50f9#U8a55#U50f9#U57fa#U6e96#U660e#U7d30#U8868(#U5e02#U50f9#U67e5#U4f30#U7528)-#U9ebb#U8c46#U6240/#U516d#U7532#U5340/#U5546#U696d#U7528#U5730/#U666e#U901a#U5546#U696d#U7528#U5730/Thumbs.db,local_governments/tainan/evaluation_criteria/expanded/tainan_madou_land_office_regional_individual__0343_53157eda16.db
local_governments/tainan/evaluation_criteria/tainan_madou_land_office_regional_individual_factor_criteria_2015/#U9ebb#U8c46#U6240#U5f71#U97ff#U5730#U50f9#U8a55#U50f9#U57fa#U6e96#U660e#U7d30#U8868(#U5e02#U50f9#U67e5#U4f30#U7528)-#U9ebb#U8c46#U6240/#U516d#U7532#U5340/#U5de5#U696d#U7528#U5730/#U4e2d#U5c0f#U898f#U6a21#U5de5#U696d#U7528#U5730/#U500b#U5225#U660e#U7d30#U8868#U5de5#U696d#U7528#U57301010807.xls,local_governments/tainan/evaluation_criteria/expanded/tainan_madou_land_office_regional_individual__0344_da3818893f.xls
local_governments/tainan/evaluation_criteria/tainan_madou_land_office_regional_individual_factor_criteria_2015/#U9ebb#U8c46#U6240#U5f71#U97ff#U5730#U50f9#U8a55#U50f9#U57fa#U6e96#U660e#U7d30#U8868(#U5e02#U50f9#U67e5#U4f30#U7528)-#U9ebb#U8c46#U6240/#U516d#U7532#U5340/#U5de5#U696d#U7528#U5730/#U4e2d#U5c0f#U898f#U6a21#U5de5#U696d#U7528#U5730/#U516d#U7532#U5340#U4e2d#U5c0f#U898f#U6a21#U5de5#U696d#U7528#U5730#U5f71#U97ff#U5730#U50f9#U5340#U57df#U56e0#U7d20#U8a55#U50f9#U57fa#U6e96#U660e#U7d30#U8868.xls,local_governments/tainan/evaluation_criteria/expanded/tainan_madou_land_office_regional_individual__0345_44a8364761.xls
local_governments/tainan/evaluation_criteria/tainan_madou_land_office_regional_individual_factor_criteria_2015/#U9ebb#U8c46#U6240#U5f71#U97ff#U5730#U50f9#U8a55#U50f9#U57fa#U6e96#U660e#U7d30#U8868(#U5e02#U50f9#U67e5#U4f30#U7528)-#U9ebb#U8c46#U6240/#U516d#U7532#U5340/#U5de5#U696d#U7528#U5730/#U4e2d#U5c0f#U898f#U6a21#U5de5#U696d#U7528#U5730/#U516d#U7532#U5de5#U696d#U7528#U5730#U500b#U5225#U56e0#U7d20#U660e#U7d30#U8868.pdf,local_governments/tainan/evaluation_criteria/expanded/tainan_madou_land_office_regional_individual__0346_e8cc18b03c.pdf
local_governments/tainan/evaluation_criteria/tainan_madou_land_office_regional_individual_factor_criteria_2015/#U9ebb#U8c46#U6240#U5f71#U97ff#U5730#U50f9#U8a55#U50f9#U57fa#U6e96#U660e#U7d30#U8868(#U5e02#U50f9#U67e5#U4f30#U7528)-#U9ebb#U8c46#U6240/#U516d#U7532#U5340/#U5de5#U696d#U7528#U5730/#U4e2d#U5c0f#U898f#U6a21#U5de5#U696d#U7528#U5730/#U81fa#U5357#U5e02#U516d#U7532#U5340#U4e2d#U5c0f#U898f#U6a21#U5de5#U696d#U7528#U5730#U5f71#U97ff#U5730#U50f9#U5340#U57df#U56e0#U7d20#U8a55#U50f9.pdf,local_governments/tainan/evaluation_criteria/expanded/tainan_madou_land_office_regional_individual__0347_c60363540f.pdf
local_governments/tainan/evaluation_criteria/tainan_madou_land_office_regional_individual_factor_criteria_2015/#U9ebb#U8c46#U6240#U5f71#U97ff#U5730#U50f9#U8a55#U50f9#U57fa#U6e96#U660e#U7d30#U8868(#U5e02#U50f9#U67e5#U4f30#U7528)-#U9ebb#U8c46#U6240/#U516d#U7532#U5340/#U5de5#U696d#U7528#U5730/#U4e2d#U5c0f#U898f#U6a21#U5de5#U696d#U7528#U5730/Thumbs.db,local_governments/tainan/evaluation_criteria/expanded/tainan_madou_land_office_regional_individual__0348_13e2c1bade.db
local_governments/tainan/evaluation_criteria/tainan_madou_land_office_regional_individual_factor_criteria_2015/#U9ebb#U8c46#U6240#U5f71#U97ff#U5730#U50f9#U8a55#U50f9#U57fa#U6e96#U660e#U7d30#U8868(#U5e02#U50f9#U67e5#U4f30#U7528)-#U9ebb#U8c46#U6240/#U516d#U7532#U5340/#U8fb2#U696d#U7528#U5730/#U500b#U5225#U660e#U7d30#U8868#U8fb2#U696d#U7528#U57301010807.xls,local_governments/tainan/evaluation_criteria/expanded/tainan_madou_land_office_regional_individual__0349_4f4ba0463a.xls
local_governments/tainan/evaluation_criteria/tainan_madou_land_office_regional_individual_factor_criteria_2015/#U9ebb#U8c46#U6240#U5f71#U97ff#U5730#U50f9#U8a55#U50f9#U57fa#U6e96#U660e#U7d30#U8868(#U5e02#U50f9#U67e5#U4f30#U7528)-#U9ebb#U8c46#U6240/#U516d#U7532#U5340/#U8fb2#U696d#U7528#U5730/#U516d#U7532#U5340#U8fb2#U696d#U7528#U5730#U5f71#U97ff#U5730#U50f9#U5340#U57df#U56e0#U7d20#U8a55#U50f9#U57fa#U6e96#U660e#U7d30#U8868.xls,local_governments/tainan/evaluation_criteria/expanded/tainan_madou_land_office_regional_individual__0350_a223d78d8a.xls
local_governments/tainan/evaluation_criteria/tainan_madou_land_office_regional_individual_factor_criteria_2015/#U9ebb#U8c46#U6240#U5f71#U97ff#U5730#U50f9#U8a55#U50f9#U57fa#U6e96#U660e#U7d30#U8868(#U5e02#U50f9#U67e5#U4f30#U7528)-#U9ebb#U8c46#U6240/#U516d#U7532#U5340/#U8fb2#U696d#U7528#U5730/#U516d#U7532#U8fb2#U696d#U7528#U5730#U500b#U5225#U56e0#U7d20#U660e#U7d30#U8868.pdf,local_governments/tainan/evaluation_criteria/expanded/tainan_madou_land_office_regional_individual__0351_95efbb391b.pdf
local_governments/tainan/evaluation_criteria/tainan_madou_land_office_regional_individual_factor_criteria_2015/#U9ebb#U8c46#U6240#U5f71#U97ff#U5730#U50f9#U8a55#U50f9#U57fa#U6e96#U660e#U7d30#U8868(#U5e02#U50f9#U67e5#U4f30#U7528)-#U9ebb#U8c46#U6240/#U516d#U7532#U5340/#U8fb2#U696d#U7528#U5730/#U81fa#U5357#U5e02#U516d#U7532#U5340#U8fb2#U696d#U7528#U5730#U5f71#U97ff#U5730#U50f9#U5340#U57df#U56e0#U7d20#U8a55#U50f9#U57fa#U6e96#U660e#U7d30#U8868.pdf,local_governments/tainan/evaluation_criteria/expanded/tainan_madou_land_office_regional_individual__0352_7893fcdc01.pdf
local_governments/tainan/evaluation_criteria/tainan_madou_land_office_regional_individual_factor_criteria_2015/#U9ebb#U8c46#U6240#U5f71#U97ff#U5730#U50f9#U8a55#U50f9#U57fa#U6e96#U660e#U7d30#U8868(#U5e02#U50f9#U67e5#U4f30#U7528)-#U9ebb#U8c46#U6240/#U516d#U7532#U5340/#U8fb2#U696d#U7528#U5730/Thumbs.db,local_governments/tainan/evaluation_criteria/expanded/tainan_madou_land_office_regional_individual__0353_5566a81898.db
local_governments/tainan/evaluation_criteria/tainan_madou_land_office_regional_individual_factor_criteria_2015/#U9ebb#U8c46#U6240#U5f71#U97ff#U5730#U50f9#U8a55#U50f9#U57fa#U6e96#U660e#U7d30#U8868(#U5e02#U50f9#U67e5#U4f30#U7528)-#U9ebb#U8c46#U6240/#U516d#U7532#U5340/Thumbs.db,local_governments/tainan/evaluation_criteria/expanded/tainan_madou_land_office_regional_individual__0354_1c03298abf.db
local_governments/tainan/evaluation_criteria/tainan_madou_land_office_regional_individual_factor_criteria_2015/#U9ebb#U8c46#U6240#U5f71#U97ff#U5730#U50f9#U8a55#U50f9#U57fa#U6e96#U660e#U7d30#U8868(#U5e02#U50f9#U67e5#U4f30#U7528)-#U9ebb#U8c46#U6240/#U5927#U5167#U5340/#U4f4f#U5b85#U7528#U5730/#U666e#U901a#U4f4f#U5b85#U7528#U5730/#U500b#U5225#U660e#U7d30#U8868#U4f4f#U5b85#U7528#U57301010807.xls,local_governments/tainan/evaluation_criteria/expanded/tainan_madou_land_office_regional_individual__0355_84ea225e7d.xls
local_governments/tainan/evaluation_criteria/tainan_madou_land_office_regional_individual_factor_criteria_2015/#U9ebb#U8c46#U6240#U5f71#U97ff#U5730#U50f9#U8a55#U50f9#U57fa#U6e96#U660e#U7d30#U8868(#U5e02#U50f9#U67e5#U4f30#U7528)-#U9ebb#U8c46#U6240/#U5927#U5167#U5340/#U4f4f#U5b85#U7528#U5730/#U666e#U901a#U4f4f#U5b85#U7528#U5730/#U5927#U5167#U4f4f#U5b85#U7528#U5730#U500b#U5225#U56e0#U7d20#U660e#U7d30#U8868.pdf,local_governments/tainan/evaluation_criteria/expanded/tainan_madou_land_office_regional_individual__0356_84c7127d48.pdf
local_governments/tainan/evaluation_criteria/tainan_madou_land_office_regional_individual_factor_criteria_2015/#U9ebb#U8c46#U6240#U5f71#U97ff#U5730#U50f9#U8a55#U50f9#U57fa#U6e96#U660e#U7d30#U8868(#U5e02#U50f9#U67e5#U4f30#U7528)-#U9ebb#U8c46#U6240/#U5927#U5167#U5340/#U4f4f#U5b85#U7528#U5730/#U666e#U901a#U4f4f#U5b85#U7528#U5730/#U5927#U5167#U5340#U666e#U901a#U4f4f#U5b85#U7528#U5730#U5f71#U97ff#U5730#U50f9#U5340#U57df#U56e0#U7d20#U8a55#U50f9#U57fa#U6e96#U660e#U7d30#U8868.xls,local_governments/tainan/evaluation_criteria/expanded/tainan_madou_land_office_regional_individual__0357_7e716a7f4f.xls
local_governments/tainan/evaluation_criteria/tainan_madou_land_office_regional_individual_factor_criteria_2015/#U9ebb#U8c46#U6240#U5f71#U97ff#U5730#U50f9#U8a55#U50f9#U57fa#U6e96#U660e#U7d30#U8868(#U5e02#U50f9#U67e5#U4f30#U7528)-#U9ebb#U8c46#U6240/#U5927#U5167#U5340/#U4f4f#U5b85#U7528#U5730/#U666e#U901a#U4f4f#U5b85#U7528#U5730/#U81fa#U5357#U5e02#U5927#U5167#U5340#U666e#U901a#U4f4f#U5b85#U7528#U5730#U5f71#U97ff#U5730#U50f9#U5340#U57df#U56e0#U7d20#U8a55#U50f9#U57fa#U6e96#U660e#U7d30#U8868.pdf,local_governments/tainan/evaluation_criteria/expanded/tainan_madou_land_office_regional_individual__0358_968bef4a4d.pdf
local_governments/tainan/evaluation_criteria/tainan_madou_land_office_regional_individual_factor_criteria_2015/#U9ebb#U8c46#U6240#U5f71#U97ff#U5730#U50f9#U8a55#U50f9#U57fa#U6e96#U660e#U7d30#U8868(#U5e02#U50f9#U67e5#U4f30#U7528)-#U9ebb#U8c46#U6240/#U5927#U5167#U5340/#U4f4f#U5b85#U7528#U5730/#U666e#U901a#U4f4f#U5b85#U7528#U5730/Thumbs.db,local_governments/tainan/evaluation_criteria/expanded/tainan_madou_land_office_regional_individual__0359_b9d37adafa.db
local_governments/tainan/evaluation_criteria/tainan_madou_land_office_regional_individual_factor_criteria_2015/#U9ebb#U8c46#U6240#U5f71#U97ff#U5730#U50f9#U8a55#U50f9#U57fa#U6e96#U660e#U7d30#U8868(#U5e02#U50f9#U67e5#U4f30#U7528)-#U9ebb#U8c46#U6240/#U5927#U5167#U5340/#U4f4f#U5b85#U7528#U5730/#U6751#U91cc#U9130#U4f4f#U5b85#U7528#U5730/#U500b#U5225#U660e#U7d30#U8868#U4f4f#U5b85#U7528#U57301010807.xls,local_governments/tainan/evaluation_criteria/expanded/tainan_madou_land_office_regional_individual__0360_224e7c089e.xls
local_governments/tainan/evaluation_criteria/tainan_madou_land_office_regional_individual_factor_criteria_2015/#U9ebb#U8c46#U6240#U5f71#U97ff#U5730#U50f9#U8a55#U50f9#U57fa#U6e96#U660e#U7d30#U8868(#U5e02#U50f9#U67e5#U4f30#U7528)-#U9ebb#U8c46#U6240/#U5927#U5167#U5340/#U4f4f#U5b85#U7528#U5730/#U6751#U91cc#U9130#U4f4f#U5b85#U7528#U5730/#U5927#U5167#U4f4f#U5b85#U7528#U5730#U500b#U5225#U56e0#U7d20#U660e#U7d30#U8868.pdf,local_governments/tainan/evaluation_criteria/expanded/tainan_madou_land_office_regional_individual__0361_d11d03275e.pdf
local_governments/tainan/evaluation_criteria/tainan_madou_land_office_regional_individual_factor_criteria_2015/#U9ebb#U8c46#U6240#U5f71#U97ff#U5730#U50f9#U8a55#U50f9#U57fa#U6e96#U660e#U7d30#U8868(#U5e02#U50f9#U67e5#U4f30#U7528)-#U9ebb#U8c46#U6240/#U5927#U5167#U5340/#U4f4f#U5b85#U7528#U5730/#U6751#U91cc#U9130#U4f4f#U5b85#U7528#U5730/#U5927#U5167#U5340#U6751#U91cc#U9130#U4f4f#U5b85#U7528#U5730#U5f71#U97ff#U5730#U50f9#U5340#U57df#U56e0#U7d20#U8a55#U50f9#U57fa#U6e96#U660e#U7d30#U8868.pdf,local_governments/tainan/evaluation_criteria/expanded/tainan_madou_land_office_regional_individual__0362_5663c19258.pdf
local_governments/tainan/evaluation_criteria/tainan_madou_land_office_regional_individual_factor_criteria_2015/#U9ebb#U8c46#U6240#U5f71#U97ff#U5730#U50f9#U8a55#U50f9#U57fa#U6e96#U660e#U7d30#U8868(#U5e02#U50f9#U67e5#U4f30#U7528)-#U9ebb#U8c46#U6240/#U5927#U5167#U5340/#U4f4f#U5b85#U7528#U5730/#U6751#U91cc#U9130#U4f4f#U5b85#U7528#U5730/#U5927#U5167#U5340#U6751#U91cc#U9130#U4f4f#U5b85#U7528#U5730#U5f71#U97ff#U5730#U50f9#U5340#U57df#U56e0#U7d20#U8a55#U50f9#U57fa#U6e96#U660e#U7d30#U8868.xls,local_governments/tainan/evaluation_criteria/expanded/tainan_madou_land_office_regional_individual__0363_c69b83f6f1.xls
local_governments/tainan/evaluation_criteria/tainan_madou_land_office_regional_individual_factor_criteria_2015/#U9ebb#U8c46#U6240#U5f71#U97ff#U5730#U50f9#U8a55#U50f9#U57fa#U6e96#U660e#U7d30#U8868(#U5e02#U50f9#U67e5#U4f30#U7528)-#U9ebb#U8c46#U6240/#U5927#U5167#U5340/#U4f4f#U5b85#U7528#U5730/#U6751#U91cc#U9130#U4f4f#U5b85#U7528#U5730/Thumbs.db,local_governments/tainan/evaluation_criteria/expanded/tainan_madou_land_office_regional_individual__0364_30499e489e.db
local_governments/tainan/evaluation_criteria/tainan_madou_land_office_regional_individual_factor_criteria_2015/#U9ebb#U8c46#U6240#U5f71#U97ff#U5730#U50f9#U8a55#U50f9#U57fa#U6e96#U660e#U7d30#U8868(#U5e02#U50f9#U67e5#U4f30#U7528)-#U9ebb#U8c46#U6240/#U5927#U5167#U5340/#U5176#U4ed6#U7528#U5730/#U500b#U5225#U660e#U7d30#U8868#U5176#U4ed6#U7528#U57301010807.xls,local_governments/tainan/evaluation_criteria/expanded/tainan_madou_land_office_regional_individual__0365_7101aac810.xls
local_governments/tainan/evaluation_criteria/tainan_madou_land_office_regional_individual_factor_criteria_2015/#U9ebb#U8c46#U6240#U5f71#U97ff#U5730#U50f9#U8a55#U50f9#U57fa#U6e96#U660e#U7d30#U8868(#U5e02#U50f9#U67e5#U4f30#U7528)-#U9ebb#U8c46#U6240/#U5927#U5167#U5340/#U5176#U4ed6#U7528#U5730/#U5927#U5167#U5176#U4ed6#U7528#U5730#U500b#U5225#U56e0#U7d20#U660e#U7d30#U8868.pdf,local_governments/tainan/evaluation_criteria/expanded/tainan_madou_land_office_regional_individual__0366_af0a65ddbd.pdf
local_governments/tainan/evaluation_criteria/tainan_madou_land_office_regional_individual_factor_criteria_2015/#U9ebb#U8c46#U6240#U5f71#U97ff#U5730#U50f9#U8a55#U50f9#U57fa#U6e96#U660e#U7d30#U8868(#U5e02#U50f9#U67e5#U4f30#U7528)-#U9ebb#U8c46#U6240/#U5927#U5167#U5340/#U5176#U4ed6#U7528#U5730/#U5927#U5167#U5340#U5f71#U97ff#U5176#U4ed6#U7528#U5730#U5340#U57df#U56e0#U7d20#U8a55#U50f9#U57fa#U6e96#U660e#U7d30#U8868(104#U5e74#U5ea6#U8349#U6848)#U4fee#U6b63#U7248.pdf,local_governments/tainan/evaluation_criteria/expanded/tainan_madou_land_office_regional_individual__0367_77b729b19c.pdf
local_governments/tainan/evaluation_criteria/tainan_madou_land_office_regional_individual_factor_criteria_2015/#U9ebb#U8c46#U6240#U5f71#U97ff#U5730#U50f9#U8a55#U50f9#U57fa#U6e96#U660e#U7d30#U8868(#U5e02#U50f9#U67e5#U4f30#U7528)-#U9ebb#U8c46#U6240/#U5927#U5167#U5340/#U5176#U4ed6#U7528#U5730/#U5927#U5167#U5340#U5f71#U97ff#U5176#U4ed6#U7528#U5730#U5340#U57df#U56e0#U7d20#U8a55#U50f9#U57fa#U6e96#U660e#U7d30#U8868(104#U5e74#U5ea6#U8349#U6848)#U4fee#U6b63#U7248.xlsx,local_governments/tainan/evaluation_criteria/expanded/tainan_madou_land_office_regional_individual__0368_233f6dcb17.xlsx
local_governments/tainan/evaluation_criteria/tainan_madou_land_office_regional_individual_factor_criteria_2015/#U9ebb#U8c46#U6240#U5f71#U97ff#U5730#U50f9#U8a55#U50f9#U57fa#U6e96#U660e#U7d30#U8868(#U5e02#U50f9#U67e5#U4f30#U7528)-#U9ebb#U8c46#U6240/#U5927#U5167#U5340/#U5176#U4ed6#U7528#U5730/Thumbs.db,local_governments/tainan/evaluation_criteria/expanded/tainan_madou_land_office_regional_individual__0369_4eb4806c12.db
local_governments/tainan/evaluation_criteria/tainan_madou_land_office_regional_individual_factor_criteria_2015/#U9ebb#U8c46#U6240#U5f71#U97ff#U5730#U50f9#U8a55#U50f9#U57fa#U6e96#U660e#U7d30#U8868(#U5e02#U50f9#U67e5#U4f30#U7528)-#U9ebb#U8c46#U6240/#U5927#U5167#U5340/#U5546#U696d#U7528#U5730/#U666e#U901a#U5546#U696d#U7528#U5730/#U500b#U5225#U660e#U7d30#U8868#U5546#U696d#U7528#U57301010807.xls,local_governments/tainan/evaluation_criteria/expanded/tainan_madou_land_office_regional_individual__0370_120c594009.xls
local_governments/tainan/evaluation_criteria/tainan_madou_land_office_regional_individual_factor_criteria_2015/#U9ebb#U8c46#U6240#U5f71#U97ff#U5730#U50f9#U8a55#U50f9#U57fa#U6e96#U660e#U7d30#U8868(#U5e02#U50f9#U67e5#U4f30#U7528)-#U9ebb#U8c46#U6240/#U5927#U5167#U5340/#U5546#U696d#U7528#U5730/#U666e#U901a#U5546#U696d#U7528#U5730/#U5927#U5167#U5340#U666e#U901a#U5546#U696d#U7528#U5730#U5f71#U97ff#U5730#U50f9#U5340#U57df#U56e0#U7d20#U8a55#U50f9#U57fa#U6e96#U660e#U7d30#U8868.pdf,local_governments/tainan/evaluation_criteria/expanded/tainan_madou_land_office_regional_individual__0371_3dee80f451.pdf
local_governments/tainan/evaluation_criteria/tainan_madou_land_office_regional_individual_factor_criteria_2015/#U9ebb#U8c46#U6240#U5f71#U97ff#U5730#U50f9#U8a55#U50f9#U57fa#U6e96#U660e#U7d30#U8868(#U5e02#U50f9#U67e5#U4f30#U7528)-#U9ebb#U8c46#U6240/#U5927#U5167#U5340/#U5546#U696d#U7528#U5730/#U666e#U901a#U5546#U696d#U7528#U5730/#U5927#U5167#U5340#U666e#U901a#U5546#U696d#U7528#U5730#U5f71#U97ff#U5730#U50f9#U5340#U57df#U56e0#U7d20#U8a55#U50f9#U57fa#U6e96#U660e#U7d30#U8868.xls,local_governments/tainan/evaluation_criteria/expanded/tainan_madou_land_office_regional_individual__0372_c51fa837c1.xls
local_governments/tainan/evaluation_criteria/tainan_madou_land_office_regional_individual_factor_criteria_2015/#U9ebb#U8c46#U6240#U5f71#U97ff#U5730#U50f9#U8a55#U50f9#U57fa#U6e96#U660e#U7d30#U8868(#U5e02#U50f9#U67e5#U4f30#U7528)-#U9ebb#U8c46#U6240/#U5927#U5167#U5340/#U5546#U696d#U7528#U5730/#U666e#U901a#U5546#U696d#U7528#U5730/#U5927#U5167#U5546#U696d#U7528#U5730#U500b#U5225#U56e0#U7d20#U660e#U7d30#U8868.pdf,local_governments/tainan/evaluation_criteria/expanded/tainan_madou_land_office_regional_individual__0373_14185e937a.pdf
local_governments/tainan/evaluation_criteria/tainan_madou_land_office_regional_individual_factor_criteria_2015/#U9ebb#U8c46#U6240#U5f71#U97ff#U5730#U50f9#U8a55#U50f9#U57fa#U6e96#U660e#U7d30#U8868(#U5e02#U50f9#U67e5#U4f30#U7528)-#U9ebb#U8c46#U6240/#U5927#U5167#U5340/#U5546#U696d#U7528#U5730/#U666e#U901a#U5546#U696d#U7528#U5730/Thumbs.db,local_governments/tainan/evaluation_criteria/expanded/tainan_madou_land_office_regional_individual__0374_49aee026f8.db
local_governments/tainan/evaluation_criteria/tainan_madou_land_office_regional_individual_factor_criteria_2015/#U9ebb#U8c46#U6240#U5f71#U97ff#U5730#U50f9#U8a55#U50f9#U57fa#U6e96#U660e#U7d30#U8868(#U5e02#U50f9#U67e5#U4f30#U7528)-#U9ebb#U8c46#U6240/#U5927#U5167#U5340/#U5de5#U696d#U7528#U5730/#U4e2d#U5c0f#U898f#U6a21#U5de5#U696d#U7528#U5730/#U500b#U5225#U660e#U7d30#U8868#U5de5#U696d#U7528#U57301010807.xls,local_governments/tainan/evaluation_criteria/expanded/tainan_madou_land_office_regional_individual__0375_5fdc429ae6.xls
local_governments/tainan/evaluation_criteria/tainan_madou_land_office_regional_individual_factor_criteria_2015/#U9ebb#U8c46#U6240#U5f71#U97ff#U5730#U50f9#U8a55#U50f9#U57fa#U6e96#U660e#U7d30#U8868(#U5e02#U50f9#U67e5#U4f30#U7528)-#U9ebb#U8c46#U6240/#U5927#U5167#U5340/#U5de5#U696d#U7528#U5730/#U4e2d#U5c0f#U898f#U6a21#U5de5#U696d#U7528#U5730/#U5927#U5167#U5340#U4e2d#U5c0f#U898f#U6a21#U5de5#U696d#U7528#U5730#U5f71#U97ff#U5730#U50f9#U5340#U57df#U56e0#U7d20#U8a55#U50f9#U57fa#U6e96#U660e#U7d30#U8868.xls,local_governments/tainan/evaluation_criteria/expanded/tainan_madou_land_office_regional_individual__0376_ccbb44238a.xls
local_governments/tainan/evaluation_criteria/tainan_madou_land_office_regional_individual_factor_criteria_2015/#U9ebb#U8c46#U6240#U5f71#U97ff#U5730#U50f9#U8a55#U50f9#U57fa#U6e96#U660e#U7d30#U8868(#U5e02#U50f9#U67e5#U4f30#U7528)-#U9ebb#U8c46#U6240/#U5927#U5167#U5340/#U5de5#U696d#U7528#U5730/#U4e2d#U5c0f#U898f#U6a21#U5de5#U696d#U7528#U5730/#U5927#U5167#U5de5#U696d#U7528#U5730#U500b#U5225#U56e0#U7d20#U660e#U7d30#U8868.pdf,local_governments/tainan/evaluation_criteria/expanded/tainan_madou_land_office_regional_individual__0377_a6e23d3eac.pdf
local_governments/tainan/evaluation_criteria/tainan_madou_land_office_regional_individual_factor_criteria_2015/#U9ebb#U8c46#U6240#U5f71#U97ff#U5730#U50f9#U8a55#U50f9#U57fa#U6e96#U660e#U7d30#U8868(#U5e02#U50f9#U67e5#U4f30#U7528)-#U9ebb#U8c46#U6240/#U5927#U5167#U5340/#U5de5#U696d#U7528#U5730/#U4e2d#U5c0f#U898f#U6a21#U5de5#U696d#U7528#U5730/#U81fa#U5357#U5e02#U5927#U5167#U5340#U4e2d#U5c0f#U898f#U6a21#U5de5#U696d#U7528#U5730#U5f71#U97ff#U5730#U50f9#U5340#U57df#U56e0#U7d20#U8a55#U50f9.pdf,local_governments/tainan/evaluation_criteria/expanded/tainan_madou_land_office_regional_individual__0378_c5f0054881.pdf
local_governments/tainan/evaluation_criteria/tainan_madou_land_office_regional_individual_factor_criteria_2015/#U9ebb#U8c46#U6240#U5f71#U97ff#U5730#U50f9#U8a55#U50f9#U57fa#U6e96#U660e#U7d30#U8868(#U5e02#U50f9#U67e5#U4f30#U7528)-#U9ebb#U8c46#U6240/#U5927#U5167#U5340/#U5de5#U696d#U7528#U5730/#U4e2d#U5c0f#U898f#U6a21#U5de5#U696d#U7528#U5730/Thumbs.db,local_governments/tainan/evaluation_criteria/expanded/tainan_madou_land_office_regional_individual__0379_bea07a5162.db
local_governments/tainan/evaluation_criteria/tainan_madou_land_office_regional_individual_factor_criteria_2015/#U9ebb#U8c46#U6240#U5f71#U97ff#U5730#U50f9#U8a55#U50f9#U57fa#U6e96#U660e#U7d30#U8868(#U5e02#U50f9#U67e5#U4f30#U7528)-#U9ebb#U8c46#U6240/#U5927#U5167#U5340/#U8fb2#U696d#U7528#U5730/#U500b#U5225#U660e#U7d30#U8868#U8fb2#U696d#U7528#U57301010807.xls,local_governments/tainan/evaluation_criteria/expanded/tainan_madou_land_office_regional_individual__0380_e62929b7cb.xls
local_governments/tainan/evaluation_criteria/tainan_madou_land_office_regional_individual_factor_criteria_2015/#U9ebb#U8c46#U6240#U5f71#U97ff#U5730#U50f9#U8a55#U50f9#U57fa#U6e96#U660e#U7d30#U8868(#U5e02#U50f9#U67e5#U4f30#U7528)-#U9ebb#U8c46#U6240/#U5927#U5167#U5340/#U8fb2#U696d#U7528#U5730/#U5927#U5167#U5340#U8fb2#U696d#U7528#U5730#U5f71#U97ff#U5730#U50f9#U5340#U57df#U56e0#U7d20#U8a55#U50f9#U57fa#U6e96#U660e#U7d30#U8868.xls,local_governments/tainan/evaluation_criteria/expanded/tainan_madou_land_office_regional_individual__0381_b090e54f70.xls
local_governments/tainan/evaluation_criteria/tainan_madou_land_office_regional_individual_factor_criteria_2015/#U9ebb#U8c46#U6240#U5f71#U97ff#U5730#U50f9#U8a55#U50f9#U57fa#U6e96#U660e#U7d30#U8868(#U5e02#U50f9#U67e5#U4f30#U7528)-#U9ebb#U8c46#U6240/#U5927#U5167#U5340/#U8fb2#U696d#U7528#U5730/#U5927#U5167#U8fb2#U696d#U7528#U5730#U500b#U5225#U56e0#U7d20#U660e#U7d30#U8868.pdf,local_governments/tainan/evaluation_criteria/expanded/tainan_madou_land_office_regional_individual__0382_822092eaf6.pdf
local_governments/tainan/evaluation_criteria/tainan_madou_land_office_regional_individual_factor_criteria_2015/#U9ebb#U8c46#U6240#U5f71#U97ff#U5730#U50f9#U8a55#U50f9#U57fa#U6e96#U660e#U7d30#U8868(#U5e02#U50f9#U67e5#U4f30#U7528)-#U9ebb#U8c46#U6240/#U5927#U5167#U5340/#U8fb2#U696d#U7528#U5730/#U81fa#U5357#U5e02#U5927#U5167#U5340#U8fb2#U696d#U7528#U5730#U5f71#U97ff#U5730#U50f9#U5340#U57df#U56e0#U7d20#U8a55#U50f9#U57fa#U6e96#U660e#U7d30#U8868.pdf,local_governments/tainan/evaluation_criteria/expanded/tainan_madou_land_office_regional_individual__0383_32358e6df0.pdf
local_governments/tainan/evaluation_criteria/tainan_madou_land_office_regional_individual_factor_criteria_2015/#U9ebb#U8c46#U6240#U5f71#U97ff#U5730#U50f9#U8a55#U50f9#U57fa#U6e96#U660e#U7d30#U8868(#U5e02#U50f9#U67e5#U4f30#U7528)-#U9ebb#U8c46#U6240/#U5927#U5167#U5340/#U8fb2#U696d#U7528#U5730/Thumbs.db,local_governments/tainan/evaluation_criteria/expanded/tainan_madou_land_office_regional_individual__0384_3f5c155b3f.db
local_governments/tainan/evaluation_criteria/tainan_madou_land_office_regional_individual_factor_criteria_2015/#U9ebb#U8c46#U6240#U5f71#U97ff#U5730#U50f9#U8a55#U50f9#U57fa#U6e96#U660e#U7d30#U8868(#U5e02#U50f9#U67e5#U4f30#U7528)-#U9ebb#U8c46#U6240/#U5927#U5167#U5340/Thumbs.db,local_governments/tainan/evaluation_criteria/expanded/tainan_madou_land_office_regional_individual__0385_c1e428131b.db
local_governments/tainan/evaluation_criteria/tainan_madou_land_office_regional_individual_factor_criteria_2015/#U9ebb#U8c46#U6240#U5f71#U97ff#U5730#U50f9#U8a55#U50f9#U57fa#U6e96#U660e#U7d30#U8868(#U5e02#U50f9#U67e5#U4f30#U7528)-#U9ebb#U8c46#U6240/#U5b98#U7530#U5340/#U4f4f#U5b85#U7528#U5730/#U666e#U901a#U4f4f#U5b85#U7528#U5730/#U500b#U5225#U660e#U7d30#U8868#U4f4f#U5b85#U7528#U57301010807.xls,local_governments/tainan/evaluation_criteria/expanded/tainan_madou_land_office_regional_individual__0386_0777bfdda2.xls
local_governments/tainan/evaluation_criteria/tainan_madou_land_office_regional_individual_factor_criteria_2015/#U9ebb#U8c46#U6240#U5f71#U97ff#U5730#U50f9#U8a55#U50f9#U57fa#U6e96#U660e#U7d30#U8868(#U5e02#U50f9#U67e5#U4f30#U7528)-#U9ebb#U8c46#U6240/#U5b98#U7530#U5340/#U4f4f#U5b85#U7528#U5730/#U666e#U901a#U4f4f#U5b85#U7528#U5730/#U5b98#U7530#U4f4f#U5b85#U7528#U5730#U500b#U5225#U56e0#U7d20#U660e#U7d30#U8868.pdf,local_governments/tainan/evaluation_criteria/expanded/tainan_madou_land_office_regional_individual__0387_41e38e9602.pdf
local_governments/tainan/evaluation_criteria/tainan_madou_land_office_regional_individual_factor_criteria_2015/#U9ebb#U8c46#U6240#U5f71#U97ff#U5730#U50f9#U8a55#U50f9#U57fa#U6e96#U660e#U7d30#U8868(#U5e02#U50f9#U67e5#U4f30#U7528)-#U9ebb#U8c46#U6240/#U5b98#U7530#U5340/#U4f4f#U5b85#U7528#U5730/#U666e#U901a#U4f4f#U5b85#U7528#U5730/#U5b98#U7530#U5340#U666e#U901a#U4f4f#U5b85#U7528#U5730#U5f71#U97ff#U5730#U50f9#U5340#U57df#U56e0#U7d20#U8a55#U50f9#U57fa#U6e96#U660e#U7d30#U8868.xls,local_governments/tainan/evaluation_criteria/expanded/tainan_madou_land_office_regional_individual__0388_1df6ce3e5c.xls
local_governments/tainan/evaluation_criteria/tainan_madou_land_office_regional_individual_factor_criteria_2015/#U9ebb#U8c46#U6240#U5f71#U97ff#U5730#U50f9#U8a55#U50f9#U57fa#U6e96#U660e#U7d30#U8868(#U5e02#U50f9#U67e5#U4f30#U7528)-#U9ebb#U8c46#U6240/#U5b98#U7530#U5340/#U4f4f#U5b85#U7528#U5730/#U666e#U901a#U4f4f#U5b85#U7528#U5730/#U81fa#U5357#U5e02#U5b98#U7530#U5340#U666e#U901a#U4f4f#U5b85#U7528#U5730#U5f71#U97ff#U5730#U50f9#U5340#U57df#U56e0#U7d20#U8a55#U50f9#U57fa#U6e96#U660e#U7d30#U8868.pdf,local_governments/tainan/evaluation_criteria/expanded/tainan_madou_land_office_regional_individual__0389_64eb38f0f7.pdf
local_governments/tainan/evaluation_criteria/tainan_madou_land_office_regional_individual_factor_criteria_2015/#U9ebb#U8c46#U6240#U5f71#U97ff#U5730#U50f9#U8a55#U50f9#U57fa#U6e96#U660e#U7d30#U8868(#U5e02#U50f9#U67e5#U4f30#U7528)-#U9ebb#U8c46#U6240/#U5b98#U7530#U5340/#U4f4f#U5b85#U7528#U5730/#U666e#U901a#U4f4f#U5b85#U7528#U5730/Thumbs.db,local_governments/tainan/evaluation_criteria/expanded/tainan_madou_land_office_regional_individual__0390_ed8eae422a.db
local_governments/tainan/evaluation_criteria/tainan_madou_land_office_regional_individual_factor_criteria_2015/#U9ebb#U8c46#U6240#U5f71#U97ff#U5730#U50f9#U8a55#U50f9#U57fa#U6e96#U660e#U7d30#U8868(#U5e02#U50f9#U67e5#U4f30#U7528)-#U9ebb#U8c46#U6240/#U5b98#U7530#U5340/#U4f4f#U5b85#U7528#U5730/#U6751#U91cc#U9130#U4f4f#U5b85#U7528#U5730/#U500b#U5225#U660e#U7d30#U8868#U4f4f#U5b85#U7528#U57301010807.xls,local_governments/tainan/evaluation_criteria/expanded/tainan_madou_land_office_regional_individual__0391_53046b5dad.xls
local_governments/tainan/evaluation_criteria/tainan_madou_land_office_regional_individual_factor_criteria_2015/#U9ebb#U8c46#U6240#U5f71#U97ff#U5730#U50f9#U8a55#U50f9#U57fa#U6e96#U660e#U7d30#U8868(#U5e02#U50f9#U67e5#U4f30#U7528)-#U9ebb#U8c46#U6240/#U5b98#U7530#U5340/#U4f4f#U5b85#U7528#U5730/#U6751#U91cc#U9130#U4f4f#U5b85#U7528#U5730/#U5b98#U7530#U4f4f#U5b85#U7528#U5730#U500b#U5225#U56e0#U7d20#U660e#U7d30#U8868.pdf,local_governments/tainan/evaluation_criteria/expanded/tainan_madou_land_office_regional_individual__0392_80a70bfd6e.pdf
local_governments/tainan/evaluation_criteria/tainan_madou_land_office_regional_individual_factor_criteria_2015/#U9ebb#U8c46#U6240#U5f71#U97ff#U5730#U50f9#U8a55#U50f9#U57fa#U6e96#U660e#U7d30#U8868(#U5e02#U50f9#U67e5#U4f30#U7528)-#U9ebb#U8c46#U6240/#U5b98#U7530#U5340/#U4f4f#U5b85#U7528#U5730/#U6751#U91cc#U9130#U4f4f#U5b85#U7528#U5730/#U5b98#U7530#U5340#U6751#U91cc#U9130#U4f4f#U5b85#U7528#U5730#U5f71#U97ff#U5730#U50f9#U5340#U57df#U56e0#U7d20#U8a55#U50f9#U57fa#U6e96#U660e#U7d30#U8868.pdf,local_governments/tainan/evaluation_criteria/expanded/tainan_madou_land_office_regional_individual__0393_51128280e7.pdf
local_governments/tainan/evaluation_criteria/tainan_madou_land_office_regional_individual_factor_criteria_2015/#U9ebb#U8c46#U6240#U5f71#U97ff#U5730#U50f9#U8a55#U50f9#U57fa#U6e96#U660e#U7d30#U8868(#U5e02#U50f9#U67e5#U4f30#U7528)-#U9ebb#U8c46#U6240/#U5b98#U7530#U5340/#U4f4f#U5b85#U7528#U5730/#U6751#U91cc#U9130#U4f4f#U5b85#U7528#U5730/#U5b98#U7530#U5340#U6751#U91cc#U9130#U4f4f#U5b85#U7528#U5730#U5f71#U97ff#U5730#U50f9#U5340#U57df#U56e0#U7d20#U8a55#U50f9#U57fa#U6e96#U660e#U7d30#U8868.xls,local_governments/tainan/evaluation_criteria/expanded/tainan_madou_land_office_regional_individual__0394_5e3e90f0d7.xls
local_governments/tainan/evaluation_criteria/tainan_madou_land_office_regional_individual_factor_criteria_2015/#U9ebb#U8c46#U6240#U5f71#U97ff#U5730#U50f9#U8a55#U50f9#U57fa#U6e96#U660e#U7d30#U8868(#U5e02#U50f9#U67e5#U4f30#U7528)-#U9ebb#U8c46#U6240/#U5b98#U7530#U5340/#U4f4f#U5b85#U7528#U5730/#U6751#U91cc#U9130#U4f4f#U5b85#U7528#U5730/Thumbs.db,local_governments/tainan/evaluation_criteria/expanded/tainan_madou_land_office_regional_individual__0395_caa1e4ba4e.db
local_governments/tainan/evaluation_criteria/tainan_madou_land_office_regional_individual_factor_criteria_2015/#U9ebb#U8c46#U6240#U5f71#U97ff#U5730#U50f9#U8a55#U50f9#U57fa#U6e96#U660e#U7d30#U8868(#U5e02#U50f9#U67e5#U4f30#U7528)-#U9ebb#U8c46#U6240/#U5b98#U7530#U5340/#U5176#U4ed6#U7528#U5730/#U500b#U5225#U660e#U7d30#U8868#U5176#U4ed6#U7528#U57301010807.xls,local_governments/tainan/evaluation_criteria/expanded/tainan_madou_land_office_regional_individual__0396_6e6fbb9d87.xls
local_governments/tainan/evaluation_criteria/tainan_madou_land_office_regional_individual_factor_criteria_2015/#U9ebb#U8c46#U6240#U5f71#U97ff#U5730#U50f9#U8a55#U50f9#U57fa#U6e96#U660e#U7d30#U8868(#U5e02#U50f9#U67e5#U4f30#U7528)-#U9ebb#U8c46#U6240/#U5b98#U7530#U5340/#U5176#U4ed6#U7528#U5730/#U5b98#U7530#U5176#U4ed6#U7528#U5730#U500b#U5225#U56e0#U7d20#U660e#U7d30#U8868.pdf,local_governments/tainan/evaluation_criteria/expanded/tainan_madou_land_office_regional_individual__0397_50d94ceeea.pdf
local_governments/tainan/evaluation_criteria/tainan_madou_land_office_regional_individual_factor_criteria_2015/#U9ebb#U8c46#U6240#U5f71#U97ff#U5730#U50f9#U8a55#U50f9#U57fa#U6e96#U660e#U7d30#U8868(#U5e02#U50f9#U67e5#U4f30#U7528)-#U9ebb#U8c46#U6240/#U5b98#U7530#U5340/#U5176#U4ed6#U7528#U5730/#U5b98#U7530#U5340#U5f71#U97ff#U5176#U4ed6#U7528#U5730#U5340#U57df#U56e0#U7d20#U8a55#U50f9#U57fa#U6e96#U660e#U7d30#U8868(104#U5e74#U5ea6#U8349#U6848)#U4fee#U6b63#U7248.pdf,local_governments/tainan/evaluation_criteria/expanded/tainan_madou_land_office_regional_individual__0398_8952c6be59.pdf
local_governments/tainan/evaluation_criteria/tainan_madou_land_office_regional_individual_factor_criteria_2015/#U9ebb#U8c46#U6240#U5f71#U97ff#U5730#U50f9#U8a55#U50f9#U57fa#U6e96#U660e#U7d30#U8868(#U5e02#U50f9#U67e5#U4f30#U7528)-#U9ebb#U8c46#U6240/#U5b98#U7530#U5340/#U5176#U4ed6#U7528#U5730/#U5b98#U7530#U5340#U5f71#U97ff#U5176#U4ed6#U7528#U5730#U5340#U57df#U56e0#U7d20#U8a55#U50f9#U57fa#U6e96#U660e#U7d30#U8868(104#U5e74#U5ea6#U8349#U6848)#U4fee#U6b63#U7248.xlsx,local_governments/tainan/evaluation_criteria/expanded/tainan_madou_land_office_regional_individual__0399_9ee0968553.xlsx
local_governments/tainan/evaluation_criteria/tainan_madou_land_office_regional_individual_factor_criteria_2015/#U9ebb#U8c46#U6240#U5f71#U97ff#U5730#U50f9#U8a55#U50f9#U57fa#U6e96#U660e#U7d30#U8868(#U5e02#U50f9#U67e5#U4f30#U7528)-#U9ebb#U8c46#U6240/#U5b98#U7530#U5340/#U5176#U4ed6#U7528#U5730/Thumbs.db,local_governments/tainan/evaluation_criteria/expanded/tainan_madou_land_office_regional_individual__0400_745552faed.db
local_governments/tainan/evaluation_criteria/tainan_madou_land_office_regional_individual_factor_criteria_2015/#U9ebb#U8c46#U6240#U5f71#U97ff#U5730#U50f9#U8a55#U50f9#U57fa#U6e96#U660e#U7d30#U8868(#U5e02#U50f9#U67e5#U4f30#U7528)-#U9ebb#U8c46#U6240/#U5b98#U7530#U5340/#U5546#U696d#U7528#U5730/#U666e#U901a#U5546#U696d#U7528#U5730/#U500b#U5225#U660e#U7d30#U8868#U5546#U696d#U7528#U57301010807.xls,local_governments/tainan/evaluation_criteria/expanded/tainan_madou_land_office_regional_individual__0401_fc359c3331.xls
local_governments/tainan/evaluation_criteria/tainan_madou_land_office_regional_individual_factor_criteria_2015/#U9ebb#U8c46#U6240#U5f71#U97ff#U5730#U50f9#U8a55#U50f9#U57fa#U6e96#U660e#U7d30#U8868(#U5e02#U50f9#U67e5#U4f30#U7528)-#U9ebb#U8c46#U6240/#U5b98#U7530#U5340/#U5546#U696d#U7528#U5730/#U666e#U901a#U5546#U696d#U7528#U5730/#U5b98#U7530#U5340#U666e#U901a#U5546#U696d#U7528#U5730#U5f71#U97ff#U5730#U50f9#U5340#U57df#U56e0#U7d20#U8a55#U50f9#U57fa#U6e96#U660e#U7d30#U8868.pdf,local_governments/tainan/evaluation_criteria/expanded/tainan_madou_land_office_regional_individual__0402_13ff5a0ea2.pdf
local_governments/tainan/evaluation_criteria/tainan_madou_land_office_regional_individual_factor_criteria_2015/#U9ebb#U8c46#U6240#U5f71#U97ff#U5730#U50f9#U8a55#U50f9#U57fa#U6e96#U660e#U7d30#U8868(#U5e02#U50f9#U67e5#U4f30#U7528)-#U9ebb#U8c46#U6240/#U5b98#U7530#U5340/#U5546#U696d#U7528#U5730/#U666e#U901a#U5546#U696d#U7528#U5730/#U5b98#U7530#U5340#U666e#U901a#U5546#U696d#U7528#U5730#U5f71#U97ff#U5730#U50f9#U5340#U57df#U56e0#U7d20#U8a55#U50f9#U57fa#U6e96#U660e#U7d30#U8868.xls,local_governments/tainan/evaluation_criteria/expanded/tainan_madou_land_office_regional_individual__0403_611b2880f6.xls
local_governments/tainan/evaluation_criteria/tainan_madou_land_office_regional_individual_factor_criteria_2015/#U9ebb#U8c46#U6240#U5f71#U97ff#U5730#U50f9#U8a55#U50f9#U57fa#U6e96#U660e#U7d30#U8868(#U5e02#U50f9#U67e5#U4f30#U7528)-#U9ebb#U8c46#U6240/#U5b98#U7530#U5340/#U5546#U696d#U7528#U5730/#U666e#U901a#U5546#U696d#U7528#U5730/#U5b98#U7530#U5546#U696d#U7528#U5730#U500b#U5225#U56e0#U7d20#U660e#U7d30#U8868.pdf,local_governments/tainan/evaluation_criteria/expanded/tainan_madou_land_office_regional_individual__0404_dfbf9b18f6.pdf
local_governments/tainan/evaluation_criteria/tainan_madou_land_office_regional_individual_factor_criteria_2015/#U9ebb#U8c46#U6240#U5f71#U97ff#U5730#U50f9#U8a55#U50f9#U57fa#U6e96#U660e#U7d30#U8868(#U5e02#U50f9#U67e5#U4f30#U7528)-#U9ebb#U8c46#U6240/#U5b98#U7530#U5340/#U5546#U696d#U7528#U5730/#U666e#U901a#U5546#U696d#U7528#U5730/Thumbs.db,local_governments/tainan/evaluation_criteria/expanded/tainan_madou_land_office_regional_individual__0405_8ac2cece41.db
local_governments/tainan/evaluation_criteria/tainan_madou_land_office_regional_individual_factor_criteria_2015/#U9ebb#U8c46#U6240#U5f71#U97ff#U5730#U50f9#U8a55#U50f9#U57fa#U6e96#U660e#U7d30#U8868(#U5e02#U50f9#U67e5#U4f30#U7528)-#U9ebb#U8c46#U6240/#U5b98#U7530#U5340/#U5de5#U696d#U7528#U5730/#U4e2d#U5c0f#U898f#U6a21#U5de5#U696d#U7528#U5730/#U500b#U5225#U660e#U7d30#U8868#U5de5#U696d#U7528#U57301010807.xls,local_governments/tainan/evaluation_criteria/expanded/tainan_madou_land_office_regional_individual__0406_b763920bfd.xls
local_governments/tainan/evaluation_criteria/tainan_madou_land_office_regional_individual_factor_criteria_2015/#U9ebb#U8c46#U6240#U5f71#U97ff#U5730#U50f9#U8a55#U50f9#U57fa#U6e96#U660e#U7d30#U8868(#U5e02#U50f9#U67e5#U4f30#U7528)-#U9ebb#U8c46#U6240/#U5b98#U7530#U5340/#U5de5#U696d#U7528#U5730/#U4e2d#U5c0f#U898f#U6a21#U5de5#U696d#U7528#U5730/#U5b98#U7530#U5340#U4e2d#U5c0f#U898f#U6a21#U5de5#U696d#U7528#U5730#U5f71#U97ff#U5730#U50f9#U5340#U57df#U56e0#U7d20#U8a55#U50f9#U57fa#U6e96#U660e#U7d30#U8868.xls,local_governments/tainan/evaluation_criteria/expanded/tainan_madou_land_office_regional_individual__0407_ac0725eb49.xls
local_governments/tainan/evaluation_criteria/tainan_madou_land_office_regional_individual_factor_criteria_2015/#U9ebb#U8c46#U6240#U5f71#U97ff#U5730#U50f9#U8a55#U50f9#U57fa#U6e96#U660e#U7d30#U8868(#U5e02#U50f9#U67e5#U4f30#U7528)-#U9ebb#U8c46#U6240/#U5b98#U7530#U5340/#U5de5#U696d#U7528#U5730/#U4e2d#U5c0f#U898f#U6a21#U5de5#U696d#U7528#U5730/#U5b98#U7530#U5de5#U696d#U7528#U5730#U500b#U5225#U56e0#U7d20#U660e#U7d30#U8868.pdf,local_governments/tainan/evaluation_criteria/expanded/tainan_madou_land_office_regional_individual__0408_87029480e8.pdf
local_governments/tainan/evaluation_criteria/tainan_madou_land_office_regional_individual_factor_criteria_2015/#U9ebb#U8c46#U6240#U5f71#U97ff#U5730#U50f9#U8a55#U50f9#U57fa#U6e96#U660e#U7d30#U8868(#U5e02#U50f9#U67e5#U4f30#U7528)-#U9ebb#U8c46#U6240/#U5b98#U7530#U5340/#U5de5#U696d#U7528#U5730/#U4e2d#U5c0f#U898f#U6a21#U5de5#U696d#U7528#U5730/#U81fa#U5357#U5e02#U5b98#U7530#U5340#U4e2d#U5c0f#U898f#U6a21#U5de5#U696d#U7528#U5730#U5f71#U97ff#U5730#U50f9#U5340#U57df#U56e0#U7d20#U8a55#U50f9.pdf,local_governments/tainan/evaluation_criteria/expanded/tainan_madou_land_office_regional_individual__0409_62efc844c5.pdf
local_governments/tainan/evaluation_criteria/tainan_madou_land_office_regional_individual_factor_criteria_2015/#U9ebb#U8c46#U6240#U5f71#U97ff#U5730#U50f9#U8a55#U50f9#U57fa#U6e96#U660e#U7d30#U8868(#U5e02#U50f9#U67e5#U4f30#U7528)-#U9ebb#U8c46#U6240/#U5b98#U7530#U5340/#U5de5#U696d#U7528#U5730/#U4e2d#U5c0f#U898f#U6a21#U5de5#U696d#U7528#U5730/Thumbs.db,local_governments/tainan/evaluation_criteria/expanded/tainan_madou_land_office_regional_individual__0410_e388ccbd89.db
local_governments/tainan/evaluation_criteria/tainan_madou_land_office_regional_individual_factor_criteria_2015/#U9ebb#U8c46#U6240#U5f71#U97ff#U5730#U50f9#U8a55#U50f9#U57fa#U6e96#U660e#U7d30#U8868(#U5e02#U50f9#U67e5#U4f30#U7528)-#U9ebb#U8c46#U6240/#U5b98#U7530#U5340/#U8fb2#U696d#U7528#U5730/#U500b#U5225#U660e#U7d30#U8868#U8fb2#U696d#U7528#U57301010807.xls,local_governments/tainan/evaluation_criteria/expanded/tainan_madou_land_office_regional_individual__0411_07c8f5a7e8.xls
local_governments/tainan/evaluation_criteria/tainan_madou_land_office_regional_individual_factor_criteria_2015/#U9ebb#U8c46#U6240#U5f71#U97ff#U5730#U50f9#U8a55#U50f9#U57fa#U6e96#U660e#U7d30#U8868(#U5e02#U50f9#U67e5#U4f30#U7528)-#U9ebb#U8c46#U6240/#U5b98#U7530#U5340/#U8fb2#U696d#U7528#U5730/#U5b98#U7530#U5340#U8fb2#U696d#U7528#U5730#U5f71#U97ff#U5730#U50f9#U5340#U57df#U56e0#U7d20#U8a55#U50f9#U57fa#U6e96#U660e#U7d30#U8868.xls,local_governments/tainan/evaluation_criteria/expanded/tainan_madou_land_office_regional_individual__0412_af827c0c66.xls
local_governments/tainan/evaluation_criteria/tainan_madou_land_office_regional_individual_factor_criteria_2015/#U9ebb#U8c46#U6240#U5f71#U97ff#U5730#U50f9#U8a55#U50f9#U57fa#U6e96#U660e#U7d30#U8868(#U5e02#U50f9#U67e5#U4f30#U7528)-#U9ebb#U8c46#U6240/#U5b98#U7530#U5340/#U8fb2#U696d#U7528#U5730/#U5b98#U7530#U8fb2#U696d#U7528#U5730#U500b#U5225#U56e0#U7d20#U660e#U7d30#U8868.pdf,local_governments/tainan/evaluation_criteria/expanded/tainan_madou_land_office_regional_individual__0413_eb54575a52.pdf
local_governments/tainan/evaluation_criteria/tainan_madou_land_office_regional_individual_factor_criteria_2015/#U9ebb#U8c46#U6240#U5f71#U97ff#U5730#U50f9#U8a55#U50f9#U57fa#U6e96#U660e#U7d30#U8868(#U5e02#U50f9#U67e5#U4f30#U7528)-#U9ebb#U8c46#U6240/#U5b98#U7530#U5340/#U8fb2#U696d#U7528#U5730/#U81fa#U5357#U5e02#U5b98#U7530#U5340#U8fb2#U696d#U7528#U5730#U5f71#U97ff#U5730#U50f9#U5340#U57df#U56e0#U7d20#U8a55#U50f9#U57fa#U6e96#U660e#U7d30#U8868.pdf,local_governments/tainan/evaluation_criteria/expanded/tainan_madou_land_office_regional_individual__0414_94476e8ef1.pdf
local_governments/tainan/evaluation_criteria/tainan_madou_land_office_regional_individual_factor_criteria_2015/#U9ebb#U8c46#U6240#U5f71#U97ff#U5730#U50f9#U8a55#U50f9#U57fa#U6e96#U660e#U7d30#U8868(#U5e02#U50f9#U67e5#U4f30#U7528)-#U9ebb#U8c46#U6240/#U5b98#U7530#U5340/#U8fb2#U696d#U7528#U5730/Thumbs.db,local_governments/tainan/evaluation_criteria/expanded/tainan_madou_land_office_regional_individual__0415_2bac081d3d.db
local_governments/tainan/evaluation_criteria/tainan_madou_land_office_regional_individual_factor_criteria_2015/#U9ebb#U8c46#U6240#U5f71#U97ff#U5730#U50f9#U8a55#U50f9#U57fa#U6e96#U660e#U7d30#U8868(#U5e02#U50f9#U67e5#U4f30#U7528)-#U9ebb#U8c46#U6240/#U5b98#U7530#U5340/Thumbs.db,local_governments/tainan/evaluation_criteria/expanded/tainan_madou_land_office_regional_individual__0416_d7a181f445.db
local_governments/tainan/evaluation_criteria/tainan_madou_land_office_regional_individual_factor_criteria_2015/#U9ebb#U8c46#U6240#U5f71#U97ff#U5730#U50f9#U8a55#U50f9#U57fa#U6e96#U660e#U7d30#U8868(#U5e02#U50f9#U67e5#U4f30#U7528)-#U9ebb#U8c46#U6240/#U9ebb#U8c46#U5340/#U4f4f#U5b85#U7528#U5730ok/#U666e#U901a#U4f4f#U5b85#U7528#U5730/#U500b#U5225#U660e#U7d30#U8868#U4f4f#U5b85#U7528#U57301010807.xls,local_governments/tainan/evaluation_criteria/expanded/tainan_madou_land_office_regional_individual__0417_81ba2c3f0d.xls
local_governments/tainan/evaluation_criteria/tainan_madou_land_office_regional_individual_factor_criteria_2015/#U9ebb#U8c46#U6240#U5f71#U97ff#U5730#U50f9#U8a55#U50f9#U57fa#U6e96#U660e#U7d30#U8868(#U5e02#U50f9#U67e5#U4f30#U7528)-#U9ebb#U8c46#U6240/#U9ebb#U8c46#U5340/#U4f4f#U5b85#U7528#U5730ok/#U666e#U901a#U4f4f#U5b85#U7528#U5730/#U81fa#U5357#U5e02#U9ebb#U8c46#U5340#U666e#U901a#U4f4f#U5b85#U7528#U5730#U5f71#U97ff#U5730#U50f9#U5340#U57df#U56e0#U7d20#U8a55#U50f9#U57fa#U6e96#U660e#U7d30#U8868.pdf,local_governments/tainan/evaluation_criteria/expanded/tainan_madou_land_office_regional_individual__0418_8f4ae76af4.pdf
local_governments/tainan/evaluation_criteria/tainan_madou_land_office_regional_individual_factor_criteria_2015/#U9ebb#U8c46#U6240#U5f71#U97ff#U5730#U50f9#U8a55#U50f9#U57fa#U6e96#U660e#U7d30#U8868(#U5e02#U50f9#U67e5#U4f30#U7528)-#U9ebb#U8c46#U6240/#U9ebb#U8c46#U5340/#U4f4f#U5b85#U7528#U5730ok/#U666e#U901a#U4f4f#U5b85#U7528#U5730/#U9ebb#U8c46#U4f4f#U5b85#U7528#U5730#U500b#U5225#U56e0#U7d20#U660e#U7d30#U8868.pdf,local_governments/tainan/evaluation_criteria/expanded/tainan_madou_land_office_regional_individual__0419_e8ac04c47e.pdf
local_governments/tainan/evaluation_criteria/tainan_madou_land_office_regional_individual_factor_criteria_2015/#U9ebb#U8c46#U6240#U5f71#U97ff#U5730#U50f9#U8a55#U50f9#U57fa#U6e96#U660e#U7d30#U8868(#U5e02#U50f9#U67e5#U4f30#U7528)-#U9ebb#U8c46#U6240/#U9ebb#U8c46#U5340/#U4f4f#U5b85#U7528#U5730ok/#U666e#U901a#U4f4f#U5b85#U7528#U5730/#U9ebb#U8c46#U5340#U666e#U901a#U4f4f#U5b85#U7528#U5730#U5f71#U97ff#U5730#U50f9#U5340#U57df#U56e0#U7d20#U8a55#U50f9#U57fa#U6e96#U660e#U7d30#U8868.xls,local_governments/tainan/evaluation_criteria/expanded/tainan_madou_land_office_regional_individual__0420_c39e0db4c3.xls
local_governments/tainan/evaluation_criteria/tainan_madou_land_office_regional_individual_factor_criteria_2015/#U9ebb#U8c46#U6240#U5f71#U97ff#U5730#U50f9#U8a55#U50f9#U57fa#U6e96#U660e#U7d30#U8868(#U5e02#U50f9#U67e5#U4f30#U7528)-#U9ebb#U8c46#U6240/#U9ebb#U8c46#U5340/#U4f4f#U5b85#U7528#U5730ok/#U666e#U901a#U4f4f#U5b85#U7528#U5730/Thumbs.db,local_governments/tainan/evaluation_criteria/expanded/tainan_madou_land_office_regional_individual__0421_1faac86767.db
local_governments/tainan/evaluation_criteria/tainan_madou_land_office_regional_individual_factor_criteria_2015/#U9ebb#U8c46#U6240#U5f71#U97ff#U5730#U50f9#U8a55#U50f9#U57fa#U6e96#U660e#U7d30#U8868(#U5e02#U50f9#U67e5#U4f30#U7528)-#U9ebb#U8c46#U6240/#U9ebb#U8c46#U5340/#U4f4f#U5b85#U7528#U5730ok/#U6751#U91cc#U9130#U4f4f#U5b85#U7528#U5730/#U500b#U5225#U660e#U7d30#U8868#U4f4f#U5b85#U7528#U57301010807.xls,local_governments/tainan/evaluation_criteria/expanded/tainan_madou_land_office_regional_individual__0422_d3caba9eea.xls
local_governments/tainan/evaluation_criteria/tainan_madou_land_office_regional_individual_factor_criteria_2015/#U9ebb#U8c46#U6240#U5f71#U97ff#U5730#U50f9#U8a55#U50f9#U57fa#U6e96#U660e#U7d30#U8868(#U5e02#U50f9#U67e5#U4f30#U7528)-#U9ebb#U8c46#U6240/#U9ebb#U8c46#U5340/#U4f4f#U5b85#U7528#U5730ok/#U6751#U91cc#U9130#U4f4f#U5b85#U7528#U5730/#U9ebb#U8c46#U4f4f#U5b85#U7528#U5730#U500b#U5225#U56e0#U7d20#U660e#U7d30#U8868.pdf,local_governments/tainan/evaluation_criteria/expanded/tainan_madou_land_office_regional_individual__0423_a44b8e2956.pdf
local_governments/tainan/evaluation_criteria/tainan_madou_land_office_regional_individual_factor_criteria_2015/#U9ebb#U8c46#U6240#U5f71#U97ff#U5730#U50f9#U8a55#U50f9#U57fa#U6e96#U660e#U7d30#U8868(#U5e02#U50f9#U67e5#U4f30#U7528)-#U9ebb#U8c46#U6240/#U9ebb#U8c46#U5340/#U4f4f#U5b85#U7528#U5730ok/#U6751#U91cc#U9130#U4f4f#U5b85#U7528#U5730/#U9ebb#U8c46#U5340#U6751#U91cc#U9130#U4f4f#U5b85#U7528#U5730#U5f71#U97ff#U5730#U50f9#U5340#U57df#U56e0#U7d20#U8a55#U50f9#U57fa#U6e96#U660e#U7d30#U8868.pdf,local_governments/tainan/evaluation_criteria/expanded/tainan_madou_land_office_regional_individual__0424_68d0c471f8.pdf
local_governments/tainan/evaluation_criteria/tainan_madou_land_office_regional_individual_factor_criteria_2015/#U9ebb#U8c46#U6240#U5f71#U97ff#U5730#U50f9#U8a55#U50f9#U57fa#U6e96#U660e#U7d30#U8868(#U5e02#U50f9#U67e5#U4f30#U7528)-#U9ebb#U8c46#U6240/#U9ebb#U8c46#U5340/#U4f4f#U5b85#U7528#U5730ok/#U6751#U91cc#U9130#U4f4f#U5b85#U7528#U5730/#U9ebb#U8c46#U5340#U6751#U91cc#U9130#U4f4f#U5b85#U7528#U5730#U5f71#U97ff#U5730#U50f9#U5340#U57df#U56e0#U7d20#U8a55#U50f9#U57fa#U6e96#U660e#U7d30#U8868.xls,local_governments/tainan/evaluation_criteria/expanded/tainan_madou_land_office_regional_individual__0425_f6acfe993a.xls
local_governments/tainan/evaluation_criteria/tainan_madou_land_office_regional_individual_factor_criteria_2015/#U9ebb#U8c46#U6240#U5f71#U97ff#U5730#U50f9#U8a55#U50f9#U57fa#U6e96#U660e#U7d30#U8868(#U5e02#U50f9#U67e5#U4f30#U7528)-#U9ebb#U8c46#U6240/#U9ebb#U8c46#U5340/#U4f4f#U5b85#U7528#U5730ok/#U6751#U91cc#U9130#U4f4f#U5b85#U7528#U5730/Thumbs.db,local_governments/tainan/evaluation_criteria/expanded/tainan_madou_land_office_regional_individual__0426_7b5776052c.db
local_governments/tainan/evaluation_criteria/tainan_madou_land_office_regional_individual_factor_criteria_2015/#U9ebb#U8c46#U6240#U5f71#U97ff#U5730#U50f9#U8a55#U50f9#U57fa#U6e96#U660e#U7d30#U8868(#U5e02#U50f9#U67e5#U4f30#U7528)-#U9ebb#U8c46#U6240/#U9ebb#U8c46#U5340/#U5176#U4ed6#U7528#U5730ok/#U500b#U5225#U660e#U7d30#U8868#U5176#U4ed6#U7528#U57301010807.xls,local_governments/tainan/evaluation_criteria/expanded/tainan_madou_land_office_regional_individual__0427_b0f212e1e1.xls
local_governments/tainan/evaluation_criteria/tainan_madou_land_office_regional_individual_factor_criteria_2015/#U9ebb#U8c46#U6240#U5f71#U97ff#U5730#U50f9#U8a55#U50f9#U57fa#U6e96#U660e#U7d30#U8868(#U5e02#U50f9#U67e5#U4f30#U7528)-#U9ebb#U8c46#U6240/#U9ebb#U8c46#U5340/#U5176#U4ed6#U7528#U5730ok/#U9ebb#U8c46#U5176#U4ed6#U7528#U5730#U500b#U5225#U56e0#U7d20#U660e#U7d30#U8868.pdf,local_governments/tainan/evaluation_criteria/expanded/tainan_madou_land_office_regional_individual__0428_c435e2b6fd.pdf
local_governments/tainan/evaluation_criteria/tainan_madou_land_office_regional_individual_factor_criteria_2015/#U9ebb#U8c46#U6240#U5f71#U97ff#U5730#U50f9#U8a55#U50f9#U57fa#U6e96#U660e#U7d30#U8868(#U5e02#U50f9#U67e5#U4f30#U7528)-#U9ebb#U8c46#U6240/#U9ebb#U8c46#U5340/#U5176#U4ed6#U7528#U5730ok/#U9ebb#U8c46#U5340#U5f71#U97ff#U5176#U4ed6#U7528#U5730#U5340#U57df#U56e0#U7d20#U8a55#U50f9#U57fa#U6e96#U660e#U7d30#U8868(104#U5e74#U5ea6#U8349#U6848)#U4fee#U6b63#U7248.pdf,local_governments/tainan/evaluation_criteria/expanded/tainan_madou_land_office_regional_individual__0429_424815146e.pdf
local_governments/tainan/evaluation_criteria/tainan_madou_land_office_regional_individual_factor_criteria_2015/#U9ebb#U8c46#U6240#U5f71#U97ff#U5730#U50f9#U8a55#U50f9#U57fa#U6e96#U660e#U7d30#U8868(#U5e02#U50f9#U67e5#U4f30#U7528)-#U9ebb#U8c46#U6240/#U9ebb#U8c46#U5340/#U5176#U4ed6#U7528#U5730ok/#U9ebb#U8c46#U5340#U5f71#U97ff#U5176#U4ed6#U7528#U5730#U5340#U57df#U56e0#U7d20#U8a55#U50f9#U57fa#U6e96#U660e#U7d30#U8868(104#U5e74#U5ea6#U8349#U6848)#U4fee#U6b63#U7248.xlsx,local_governments/tainan/evaluation_criteria/expanded/tainan_madou_land_office_regional_individual__0430_b5535c17ab.xlsx
local_governments/tainan/evaluation_criteria/tainan_madou_land_office_regional_individual_factor_criteria_2015/#U9ebb#U8c46#U6240#U5f71#U97ff#U5730#U50f9#U8a55#U50f9#U57fa#U6e96#U660e#U7d30#U8868(#U5e02#U50f9#U67e5#U4f30#U7528)-#U9ebb#U8c46#U6240/#U9ebb#U8c46#U5340/#U5176#U4ed6#U7528#U5730ok/Thumbs.db,local_governments/tainan/evaluation_criteria/expanded/tainan_madou_land_office_regional_individual__0431_9494970490.db
local_governments/tainan/evaluation_criteria/tainan_madou_land_office_regional_individual_factor_criteria_2015/#U9ebb#U8c46#U6240#U5f71#U97ff#U5730#U50f9#U8a55#U50f9#U57fa#U6e96#U660e#U7d30#U8868(#U5e02#U50f9#U67e5#U4f30#U7528)-#U9ebb#U8c46#U6240/#U9ebb#U8c46#U5340/#U5546#U696d#U7528#U5730ok/#U666e#U901a#U5546#U696d#U7528#U5730/#U500b#U5225#U660e#U7d30#U8868#U5546#U696d#U7528#U57301010807.xls,local_governments/tainan/evaluation_criteria/expanded/tainan_madou_land_office_regional_individual__0432_9dbec0a737.xls
local_governments/tainan/evaluation_criteria/tainan_madou_land_office_regional_individual_factor_criteria_2015/#U9ebb#U8c46#U6240#U5f71#U97ff#U5730#U50f9#U8a55#U50f9#U57fa#U6e96#U660e#U7d30#U8868(#U5e02#U50f9#U67e5#U4f30#U7528)-#U9ebb#U8c46#U6240/#U9ebb#U8c46#U5340/#U5546#U696d#U7528#U5730ok/#U666e#U901a#U5546#U696d#U7528#U5730/#U9ebb#U8c46#U5340#U666e#U901a#U5546#U696d#U7528#U5730#U5f71#U97ff#U5730#U50f9#U5340#U57df#U56e0#U7d20#U8a55#U50f9#U57fa#U6e96#U660e#U7d30#U8868.pdf,local_governments/tainan/evaluation_criteria/expanded/tainan_madou_land_office_regional_individual__0433_ba0ef4ef5c.pdf
local_governments/tainan/evaluation_criteria/tainan_madou_land_office_regional_individual_factor_criteria_2015/#U9ebb#U8c46#U6240#U5f71#U97ff#U5730#U50f9#U8a55#U50f9#U57fa#U6e96#U660e#U7d30#U8868(#U5e02#U50f9#U67e5#U4f30#U7528)-#U9ebb#U8c46#U6240/#U9ebb#U8c46#U5340/#U5546#U696d#U7528#U5730ok/#U666e#U901a#U5546#U696d#U7528#U5730/#U9ebb#U8c46#U5340#U666e#U901a#U5546#U696d#U7528#U5730#U5f71#U97ff#U5730#U50f9#U5340#U57df#U56e0#U7d20#U8a55#U50f9#U57fa#U6e96#U660e#U7d30#U8868.xls,local_governments/tainan/evaluation_criteria/expanded/tainan_madou_land_office_regional_individual__0434_c7babca870.xls
local_governments/tainan/evaluation_criteria/tainan_madou_land_office_regional_individual_factor_criteria_2015/#U9ebb#U8c46#U6240#U5f71#U97ff#U5730#U50f9#U8a55#U50f9#U57fa#U6e96#U660e#U7d30#U8868(#U5e02#U50f9#U67e5#U4f30#U7528)-#U9ebb#U8c46#U6240/#U9ebb#U8c46#U5340/#U5546#U696d#U7528#U5730ok/#U666e#U901a#U5546#U696d#U7528#U5730/#U9ebb#U8c46#U5546#U696d#U7528#U5730#U500b#U5225#U56e0#U7d20#U660e#U7d30#U8868.pdf,local_governments/tainan/evaluation_criteria/expanded/tainan_madou_land_office_regional_individual__0435_89c5c9bad9.pdf
local_governments/tainan/evaluation_criteria/tainan_madou_land_office_regional_individual_factor_criteria_2015/#U9ebb#U8c46#U6240#U5f71#U97ff#U5730#U50f9#U8a55#U50f9#U57fa#U6e96#U660e#U7d30#U8868(#U5e02#U50f9#U67e5#U4f30#U7528)-#U9ebb#U8c46#U6240/#U9ebb#U8c46#U5340/#U5546#U696d#U7528#U5730ok/#U666e#U901a#U5546#U696d#U7528#U5730/Thumbs.db,local_governments/tainan/evaluation_criteria/expanded/tainan_madou_land_office_regional_individual__0436_d46c1edfdb.db
local_governments/tainan/evaluation_criteria/tainan_madou_land_office_regional_individual_factor_criteria_2015/#U9ebb#U8c46#U6240#U5f71#U97ff#U5730#U50f9#U8a55#U50f9#U57fa#U6e96#U660e#U7d30#U8868(#U5e02#U50f9#U67e5#U4f30#U7528)-#U9ebb#U8c46#U6240/#U9ebb#U8c46#U5340/#U5de5#U696d#U7528#U5730ok/#U4e2d#U5c0f#U898f#U6a21#U5de5#U696d#U7528#U5730/#U500b#U5225#U660e#U7d30#U8868#U5de5#U696d#U7528#U57301010807.xls,local_governments/tainan/evaluation_criteria/expanded/tainan_madou_land_office_regional_individual__0437_5de38b7a58.xls
local_governments/tainan/evaluation_criteria/tainan_madou_land_office_regional_individual_factor_criteria_2015/#U9ebb#U8c46#U6240#U5f71#U97ff#U5730#U50f9#U8a55#U50f9#U57fa#U6e96#U660e#U7d30#U8868(#U5e02#U50f9#U67e5#U4f30#U7528)-#U9ebb#U8c46#U6240/#U9ebb#U8c46#U5340/#U5de5#U696d#U7528#U5730ok/#U4e2d#U5c0f#U898f#U6a21#U5de5#U696d#U7528#U5730/#U81fa#U5357#U5e02#U9ebb#U8c46#U5340#U4e2d#U5c0f#U898f#U6a21#U5de5#U696d#U7528#U5730#U5f71#U97ff#U5730#U50f9#U5340#U57df#U56e0#U7d20#U8a55#U50f9.pdf,local_governments/tainan/evaluation_criteria/expanded/tainan_madou_land_office_regional_individual__0438_0771b93c16.pdf
local_governments/tainan/evaluation_criteria/tainan_madou_land_office_regional_individual_factor_criteria_2015/#U9ebb#U8c46#U6240#U5f71#U97ff#U5730#U50f9#U8a55#U50f9#U57fa#U6e96#U660e#U7d30#U8868(#U5e02#U50f9#U67e5#U4f30#U7528)-#U9ebb#U8c46#U6240/#U9ebb#U8c46#U5340/#U5de5#U696d#U7528#U5730ok/#U4e2d#U5c0f#U898f#U6a21#U5de5#U696d#U7528#U5730/#U9ebb#U8c46#U5340#U4e2d#U5c0f#U898f#U6a21#U5de5#U696d#U7528#U5730#U5f71#U97ff#U5730#U50f9#U5340#U57df#U56e0#U7d20#U8a55#U50f9#U57fa#U6e96#U660e#U7d30#U8868.xls,local_governments/tainan/evaluation_criteria/expanded/tainan_madou_land_office_regional_individual__0439_7b02d5da7a.xls
local_governments/tainan/evaluation_criteria/tainan_madou_land_office_regional_individual_factor_criteria_2015/#U9ebb#U8c46#U6240#U5f71#U97ff#U5730#U50f9#U8a55#U50f9#U57fa#U6e96#U660e#U7d30#U8868(#U5e02#U50f9#U67e5#U4f30#U7528)-#U9ebb#U8c46#U6240/#U9ebb#U8c46#U5340/#U5de5#U696d#U7528#U5730ok/#U4e2d#U5c0f#U898f#U6a21#U5de5#U696d#U7528#U5730/#U9ebb#U8c46#U5de5#U696d#U7528#U5730#U500b#U5225#U56e0#U7d20#U660e#U7d30#U8868.pdf,local_governments/tainan/evaluation_criteria/expanded/tainan_madou_land_office_regional_individual__0440_50e5c4258c.pdf
local_governments/tainan/evaluation_criteria/tainan_madou_land_office_regional_individual_factor_criteria_2015/#U9ebb#U8c46#U6240#U5f71#U97ff#U5730#U50f9#U8a55#U50f9#U57fa#U6e96#U660e#U7d30#U8868(#U5e02#U50f9#U67e5#U4f30#U7528)-#U9ebb#U8c46#U6240/#U9ebb#U8c46#U5340/#U5de5#U696d#U7528#U5730ok/#U4e2d#U5c0f#U898f#U6a21#U5de5#U696d#U7528#U5730/Thumbs.db,local_governments/tainan/evaluation_criteria/expanded/tainan_madou_land_office_regional_individual__0441_0415e1070c.db
local_governments/tainan/evaluation_criteria/tainan_madou_land_office_regional_individual_factor_criteria_2015/#U9ebb#U8c46#U6240#U5f71#U97ff#U5730#U50f9#U8a55#U50f9#U57fa#U6e96#U660e#U7d30#U8868(#U5e02#U50f9#U67e5#U4f30#U7528)-#U9ebb#U8c46#U6240/#U9ebb#U8c46#U5340/#U8fb2#U696d#U7528#U5730ok/#U500b#U5225#U660e#U7d30#U8868#U8fb2#U696d#U7528#U57301010807.xls,local_governments/tainan/evaluation_criteria/expanded/tainan_madou_land_office_regional_individual__0442_6e74843acd.xls
local_governments/tainan/evaluation_criteria/tainan_madou_land_office_regional_individual_factor_criteria_2015/#U9ebb#U8c46#U6240#U5f71#U97ff#U5730#U50f9#U8a55#U50f9#U57fa#U6e96#U660e#U7d30#U8868(#U5e02#U50f9#U67e5#U4f30#U7528)-#U9ebb#U8c46#U6240/#U9ebb#U8c46#U5340/#U8fb2#U696d#U7528#U5730ok/#U81fa#U5357#U5e02#U9ebb#U8c46#U5340#U8fb2#U696d#U7528#U5730#U5f71#U97ff#U5730#U50f9#U5340#U57df#U56e0#U7d20#U8a55#U50f9#U57fa#U6e96#U660e#U7d30#U8868.pdf,local_governments/tainan/evaluation_criteria/expanded/tainan_madou_land_office_regional_individual__0443_167cfb62d0.pdf
local_governments/tainan/evaluation_criteria/tainan_madou_land_office_regional_individual_factor_criteria_2015/#U9ebb#U8c46#U6240#U5f71#U97ff#U5730#U50f9#U8a55#U50f9#U57fa#U6e96#U660e#U7d30#U8868(#U5e02#U50f9#U67e5#U4f30#U7528)-#U9ebb#U8c46#U6240/#U9ebb#U8c46#U5340/#U8fb2#U696d#U7528#U5730ok/#U9ebb#U8c46#U5340#U8fb2#U696d#U7528#U5730#U5f71#U97ff#U5730#U50f9#U5340#U57df#U56e0#U7d20#U8a55#U50f9#U57fa#U6e96#U660e#U7d30#U8868.xls,local_governments/tainan/evaluation_criteria/expanded/tainan_madou_land_office_regional_individual__0444_92f312b9b6.xls
local_governments/tainan/evaluation_criteria/tainan_madou_land_office_regional_individual_factor_criteria_2015/#U9ebb#U8c46#U6240#U5f71#U97ff#U5730#U50f9#U8a55#U50f9#U57fa#U6e96#U660e#U7d30#U8868(#U5e02#U50f9#U67e5#U4f30#U7528)-#U9ebb#U8c46#U6240/#U9ebb#U8c46#U5340/#U8fb2#U696d#U7528#U5730ok/#U9ebb#U8c46#U8fb2#U696d#U7528#U5730#U500b#U5225#U56e0#U7d20#U660e#U7d30#U8868.pdf,local_governments/tainan/evaluation_criteria/expanded/tainan_madou_land_office_regional_individual__0445_2b19b7b2d8.pdf
local_governments/tainan/evaluation_criteria/tainan_madou_land_office_regional_individual_factor_criteria_2015/#U9ebb#U8c46#U6240#U5f71#U97ff#U5730#U50f9#U8a55#U50f9#U57fa#U6e96#U660e#U7d30#U8868(#U5e02#U50f9#U67e5#U4f30#U7528)-#U9ebb#U8c46#U6240/#U9ebb#U8c46#U5340/#U8fb2#U696d#U7528#U5730ok/Thumbs.db,local_governments/tainan/evaluation_criteria/expanded/tainan_madou_land_office_regional_individual__0446_b1acd01f6b.db
local_governments/tainan/evaluation_criteria/tainan_madou_land_office_regional_individual_factor_criteria_2015/#U9ebb#U8c46#U6240#U5f71#U97ff#U5730#U50f9#U8a55#U50f9#U57fa#U6e96#U660e#U7d30#U8868(#U5e02#U50f9#U67e5#U4f30#U7528)-#U9ebb#U8c46#U6240/#U9ebb#U8c46#U5340/Thumbs.db,local_governments/tainan/evaluation_criteria/expanded/tainan_madou_land_office_regional_individual__0447_dd95938883.db
local_governments/tainan/evaluation_criteria/tainan_tainan_land_office_regional_individual_factor_criteria_2015/#U81fa#U5357#U6240(104#U5e74#U4e8c#U7248)/#U4e2d#U897f#U5340/#U4e2d#U897f#U5340#U4f4f#U5b85#U7528#U5730/#U4e2d#U7d1a#U4f4f#U5b85#U7528#U5730/#U81fa#U5357#U5e02#U4e2d#U897f#U5340#U5f71#U97ff#U4e2d#U7d1a#U4f4f#U5b85#U7528#U5730#U5340#U57df#U56e0#U7d20#U8a55#U50f9#U57fa#U6e96#U660e#U7d30#U8868104.5.28.pdf,local_governments/tainan/evaluation_criteria/expanded/tainan_tainan_land_office_regional_individual_0448_34ab635a17.pdf
local_governments/tainan/evaluation_criteria/tainan_tainan_land_office_regional_individual_factor_criteria_2015/#U81fa#U5357#U6240(104#U5e74#U4e8c#U7248)/#U4e2d#U897f#U5340/#U4e2d#U897f#U5340#U4f4f#U5b85#U7528#U5730/#U4e2d#U7d1a#U4f4f#U5b85#U7528#U5730/#U81fa#U5357#U5e02#U4e2d#U897f#U5340#U5f71#U97ff#U4e2d#U7d1a#U4f4f#U5b85#U7528#U5730#U5340#U57df#U56e0#U7d20#U8a55#U50f9#U57fa#U6e96#U660e#U7d30#U8868104.5.28.xls,local_governments/tainan/evaluation_criteria/expanded/tainan_tainan_land_office_regional_individual_0449_ef3c92fd32.xls
local_governments/tainan/evaluation_criteria/tainan_tainan_land_office_regional_individual_factor_criteria_2015/#U81fa#U5357#U6240(104#U5e74#U4e8c#U7248)/#U4e2d#U897f#U5340/#U4e2d#U897f#U5340#U4f4f#U5b85#U7528#U5730/#U4e2d#U7d1a#U4f4f#U5b85#U7528#U5730/#U81fa#U5357#U5e02#U4e2d#U897f#U5340#U5f71#U97ff#U4f4f#U5b85#U7528#U5730#U5730#U50f9#U500b#U5225#U56e0#U7d20#U8a55#U50f9#U57fa#U6e96#U660e#U7d30#U8868104.5.28.pdf,local_governments/tainan/evaluation_criteria/expanded/tainan_tainan_land_office_regional_individual_0450_277aa907af.pdf
local_governments/tainan/evaluation_criteria/tainan_tainan_land_office_regional_individual_factor_criteria_2015/#U81fa#U5357#U6240(104#U5e74#U4e8c#U7248)/#U4e2d#U897f#U5340/#U4e2d#U897f#U5340#U4f4f#U5b85#U7528#U5730/#U4e2d#U7d1a#U4f4f#U5b85#U7528#U5730/#U81fa#U5357#U5e02#U4e2d#U897f#U5340#U5f71#U97ff#U4f4f#U5b85#U7528#U5730#U5730#U50f9#U500b#U5225#U56e0#U7d20#U8a55#U50f9#U57fa#U6e96#U660e#U7d30#U8868104.5.28.xls,local_governments/tainan/evaluation_criteria/expanded/tainan_tainan_land_office_regional_individual_0451_926c2c812c.xls
local_governments/tainan/evaluation_criteria/tainan_tainan_land_office_regional_individual_factor_criteria_2015/#U81fa#U5357#U6240(104#U5e74#U4e8c#U7248)/#U4e2d#U897f#U5340/#U4e2d#U897f#U5340#U4f4f#U5b85#U7528#U5730/#U4f4f#U5b85#U7528#U5730/#U4e2d#U7d1a#U4f4f#U5b85#U7528#U5730/#U81fa#U5357#U5e02#U4e2d#U897f#U5340#U5f71#U97ff#U4e2d#U7d1a#U4f4f#U5b85#U7528#U5730#U5340#U57df#U56e0#U7d20#U8a55#U50f9#U57fa#U6e96#U660e#U7d30#U8868104.5.28.pdf,local_governments/tainan/evaluation_criteria/expanded/tainan_tainan_land_office_regional_individual_0452_27a0a63744.pdf
local_governments/tainan/evaluation_criteria/tainan_tainan_land_office_regional_individual_factor_criteria_2015/#U81fa#U5357#U6240(104#U5e74#U4e8c#U7248)/#U4e2d#U897f#U5340/#U4e2d#U897f#U5340#U4f4f#U5b85#U7528#U5730/#U4f4f#U5b85#U7528#U5730/#U4e2d#U7d1a#U4f4f#U5b85#U7528#U5730/#U81fa#U5357#U5e02#U4e2d#U897f#U5340#U5f71#U97ff#U4e2d#U7d1a#U4f4f#U5b85#U7528#U5730#U5340#U57df#U56e0#U7d20#U8a55#U50f9#U57fa#U6e96#U660e#U7d30#U8868104.5.28.xls,local_governments/tainan/evaluation_criteria/expanded/tainan_tainan_land_office_regional_individual_0453_05d923acb6.xls
local_governments/tainan/evaluation_criteria/tainan_tainan_land_office_regional_individual_factor_criteria_2015/#U81fa#U5357#U6240(104#U5e74#U4e8c#U7248)/#U4e2d#U897f#U5340/#U4e2d#U897f#U5340#U4f4f#U5b85#U7528#U5730/#U4f4f#U5b85#U7528#U5730/#U4e2d#U7d1a#U4f4f#U5b85#U7528#U5730/#U81fa#U5357#U5e02#U4e2d#U897f#U5340#U5f71#U97ff#U4f4f#U5b85#U7528#U5730#U5730#U50f9#U500b#U5225#U56e0#U7d20#U8a55#U50f9#U57fa#U6e96#U660e#U7d30#U8868104.5.28.pdf,local_governments/tainan/evaluation_criteria/expanded/tainan_tainan_land_office_regional_individual_0454_356fd6c61f.pdf
local_governments/tainan/evaluation_criteria/tainan_tainan_land_office_regional_individual_factor_criteria_2015/#U81fa#U5357#U6240(104#U5e74#U4e8c#U7248)/#U4e2d#U897f#U5340/#U4e2d#U897f#U5340#U4f4f#U5b85#U7528#U5730/#U4f4f#U5b85#U7528#U5730/#U4e2d#U7d1a#U4f4f#U5b85#U7528#U5730/#U81fa#U5357#U5e02#U4e2d#U897f#U5340#U5f71#U97ff#U4f4f#U5b85#U7528#U5730#U5730#U50f9#U500b#U5225#U56e0#U7d20#U8a55#U50f9#U57fa#U6e96#U660e#U7d30#U8868104.5.28.xls,local_governments/tainan/evaluation_criteria/expanded/tainan_tainan_land_office_regional_individual_0455_c949fbe3bd.xls
local_governments/tainan/evaluation_criteria/tainan_tainan_land_office_regional_individual_factor_criteria_2015/#U81fa#U5357#U6240(104#U5e74#U4e8c#U7248)/#U4e2d#U897f#U5340/#U4e2d#U897f#U5340#U4f4f#U5b85#U7528#U5730/#U4f4f#U5b85#U7528#U5730/#U666e#U901a#U4f4f#U5b85#U7528#U5730/#U81fa#U5357#U5e02#U4e2d#U897f#U5340#U5f71#U97ff#U4f4f#U5b85#U7528#U5730#U5730#U50f9#U500b#U5225#U56e0#U7d20#U8a55#U50f9#U57fa#U6e96#U660e#U7d30#U8868104.5.28.pdf,local_governments/tainan/evaluation_criteria/expanded/tainan_tainan_land_office_regional_individual_0456_606beabaca.pdf
local_governments/tainan/evaluation_criteria/tainan_tainan_land_office_regional_individual_factor_criteria_2015/#U81fa#U5357#U6240(104#U5e74#U4e8c#U7248)/#U4e2d#U897f#U5340/#U4e2d#U897f#U5340#U4f4f#U5b85#U7528#U5730/#U4f4f#U5b85#U7528#U5730/#U666e#U901a#U4f4f#U5b85#U7528#U5730/#U81fa#U5357#U5e02#U4e2d#U897f#U5340#U5f71#U97ff#U4f4f#U5b85#U7528#U5730#U5730#U50f9#U500b#U5225#U56e0#U7d20#U8a55#U50f9#U57fa#U6e96#U660e#U7d30#U8868104.5.28.xls,local_governments/tainan/evaluation_criteria/expanded/tainan_tainan_land_office_regional_individual_0457_5a935978cd.xls
local_governments/tainan/evaluation_criteria/tainan_tainan_land_office_regional_individual_factor_criteria_2015/#U81fa#U5357#U6240(104#U5e74#U4e8c#U7248)/#U4e2d#U897f#U5340/#U4e2d#U897f#U5340#U4f4f#U5b85#U7528#U5730/#U4f4f#U5b85#U7528#U5730/#U666e#U901a#U4f4f#U5b85#U7528#U5730/#U81fa#U5357#U5e02#U4e2d#U897f#U5340#U5f71#U97ff#U666e#U901a#U4f4f#U5b85#U7528#U5730#U5340#U57df#U56e0#U7d20#U8a55#U50f9#U57fa#U6e96#U660e#U7d30#U8868104.5.28.pdf,local_governments/tainan/evaluation_criteria/expanded/tainan_tainan_land_office_regional_individual_0458_799551c426.pdf
local_governments/tainan/evaluation_criteria/tainan_tainan_land_office_regional_individual_factor_criteria_2015/#U81fa#U5357#U6240(104#U5e74#U4e8c#U7248)/#U4e2d#U897f#U5340/#U4e2d#U897f#U5340#U4f4f#U5b85#U7528#U5730/#U4f4f#U5b85#U7528#U5730/#U666e#U901a#U4f4f#U5b85#U7528#U5730/#U81fa#U5357#U5e02#U4e2d#U897f#U5340#U5f71#U97ff#U666e#U901a#U4f4f#U5b85#U7528#U5730#U5340#U57df#U56e0#U7d20#U8a55#U50f9#U57fa#U6e96#U660e#U7d30#U8868104.5.28.xls,local_governments/tainan/evaluation_criteria/expanded/tainan_tainan_land_office_regional_individual_0459_fbe7a72baf.xls
local_governments/tainan/evaluation_criteria/tainan_tainan_land_office_regional_individual_factor_criteria_2015/#U81fa#U5357#U6240(104#U5e74#U4e8c#U7248)/#U4e2d#U897f#U5340/#U4e2d#U897f#U5340#U4f4f#U5b85#U7528#U5730/#U4f4f#U5b85#U7528#U5730/#U9ad8#U7d1a#U4f4f#U5b85#U7528#U5730/#U81fa#U5357#U5e02#U4e2d#U897f#U5340#U5f71#U97ff#U4f4f#U5b85#U7528#U5730#U5730#U50f9#U500b#U5225#U56e0#U7d20#U8a55#U50f9#U57fa#U6e96#U660e#U7d30#U8868104.5.28.pdf,local_governments/tainan/evaluation_criteria/expanded/tainan_tainan_land_office_regional_individual_0460_a591feaf65.pdf
local_governments/tainan/evaluation_criteria/tainan_tainan_land_office_regional_individual_factor_criteria_2015/#U81fa#U5357#U6240(104#U5e74#U4e8c#U7248)/#U4e2d#U897f#U5340/#U4e2d#U897f#U5340#U4f4f#U5b85#U7528#U5730/#U4f4f#U5b85#U7528#U5730/#U9ad8#U7d1a#U4f4f#U5b85#U7528#U5730/#U81fa#U5357#U5e02#U4e2d#U897f#U5340#U5f71#U97ff#U4f4f#U5b85#U7528#U5730#U5730#U50f9#U500b#U5225#U56e0#U7d20#U8a55#U50f9#U57fa#U6e96#U660e#U7d30#U8868104.5.28.xls,local_governments/tainan/evaluation_criteria/expanded/tainan_tainan_land_office_regional_individual_0461_9abf020c43.xls
local_governments/tainan/evaluation_criteria/tainan_tainan_land_office_regional_individual_factor_criteria_2015/#U81fa#U5357#U6240(104#U5e74#U4e8c#U7248)/#U4e2d#U897f#U5340/#U4e2d#U897f#U5340#U4f4f#U5b85#U7528#U5730/#U4f4f#U5b85#U7528#U5730/#U9ad8#U7d1a#U4f4f#U5b85#U7528#U5730/#U81fa#U5357#U5e02#U4e2d#U897f#U5340#U5f71#U97ff#U9ad8#U7d1a#U4f4f#U5b85#U7528#U5730#U5340#U57df#U56e0#U7d20#U8a55#U50f9#U57fa#U6e96#U660e#U7d30#U8868104.5.28.pdf,local_governments/tainan/evaluation_criteria/expanded/tainan_tainan_land_office_regional_individual_0462_fde2d2fe3c.pdf
local_governments/tainan/evaluation_criteria/tainan_tainan_land_office_regional_individual_factor_criteria_2015/#U81fa#U5357#U6240(104#U5e74#U4e8c#U7248)/#U4e2d#U897f#U5340/#U4e2d#U897f#U5340#U4f4f#U5b85#U7528#U5730/#U4f4f#U5b85#U7528#U5730/#U9ad8#U7d1a#U4f4f#U5b85#U7528#U5730/#U81fa#U5357#U5e02#U4e2d#U897f#U5340#U5f71#U97ff#U9ad8#U7d1a#U4f4f#U5b85#U7528#U5730#U5340#U57df#U56e0#U7d20#U8a55#U50f9#U57fa#U6e96#U660e#U7d30#U8868104.5.28.xls,local_governments/tainan/evaluation_criteria/expanded/tainan_tainan_land_office_regional_individual_0463_4d3605bb9a.xls
local_governments/tainan/evaluation_criteria/tainan_tainan_land_office_regional_individual_factor_criteria_2015/#U81fa#U5357#U6240(104#U5e74#U4e8c#U7248)/#U4e2d#U897f#U5340/#U4e2d#U897f#U5340#U4f4f#U5b85#U7528#U5730/#U666e#U901a#U4f4f#U5b85#U7528#U5730/#U81fa#U5357#U5e02#U4e2d#U897f#U5340#U5f71#U97ff#U4f4f#U5b85#U7528#U5730#U5730#U50f9#U500b#U5225#U56e0#U7d20#U8a55#U50f9#U57fa#U6e96#U660e#U7d30#U8868104.5.28.pdf,local_governments/tainan/evaluation_criteria/expanded/tainan_tainan_land_office_regional_individual_0464_e7c2c235b5.pdf
local_governments/tainan/evaluation_criteria/tainan_tainan_land_office_regional_individual_factor_criteria_2015/#U81fa#U5357#U6240(104#U5e74#U4e8c#U7248)/#U4e2d#U897f#U5340/#U4e2d#U897f#U5340#U4f4f#U5b85#U7528#U5730/#U666e#U901a#U4f4f#U5b85#U7528#U5730/#U81fa#U5357#U5e02#U4e2d#U897f#U5340#U5f71#U97ff#U4f4f#U5b85#U7528#U5730#U5730#U50f9#U500b#U5225#U56e0#U7d20#U8a55#U50f9#U57fa#U6e96#U660e#U7d30#U8868104.5.28.xls,local_governments/tainan/evaluation_criteria/expanded/tainan_tainan_land_office_regional_individual_0465_067f0dc364.xls
local_governments/tainan/evaluation_criteria/tainan_tainan_land_office_regional_individual_factor_criteria_2015/#U81fa#U5357#U6240(104#U5e74#U4e8c#U7248)/#U4e2d#U897f#U5340/#U4e2d#U897f#U5340#U4f4f#U5b85#U7528#U5730/#U666e#U901a#U4f4f#U5b85#U7528#U5730/#U81fa#U5357#U5e02#U4e2d#U897f#U5340#U5f71#U97ff#U666e#U901a#U4f4f#U5b85#U7528#U5730#U5340#U57df#U56e0#U7d20#U8a55#U50f9#U57fa#U6e96#U660e#U7d30#U8868104.5.28.pdf,local_governments/tainan/evaluation_criteria/expanded/tainan_tainan_land_office_regional_individual_0466_caf532977a.pdf
local_governments/tainan/evaluation_criteria/tainan_tainan_land_office_regional_individual_factor_criteria_2015/#U81fa#U5357#U6240(104#U5e74#U4e8c#U7248)/#U4e2d#U897f#U5340/#U4e2d#U897f#U5340#U4f4f#U5b85#U7528#U5730/#U666e#U901a#U4f4f#U5b85#U7528#U5730/#U81fa#U5357#U5e02#U4e2d#U897f#U5340#U5f71#U97ff#U666e#U901a#U4f4f#U5b85#U7528#U5730#U5340#U57df#U56e0#U7d20#U8a55#U50f9#U57fa#U6e96#U660e#U7d30#U8868104.5.28.xls,local_governments/tainan/evaluation_criteria/expanded/tainan_tainan_land_office_regional_individual_0467_16562bb54f.xls
local_governments/tainan/evaluation_criteria/tainan_tainan_land_office_regional_individual_factor_criteria_2015/#U81fa#U5357#U6240(104#U5e74#U4e8c#U7248)/#U4e2d#U897f#U5340/#U4e2d#U897f#U5340#U4f4f#U5b85#U7528#U5730/#U9ad8#U7d1a#U4f4f#U5b85#U7528#U5730/#U81fa#U5357#U5e02#U4e2d#U897f#U5340#U5f71#U97ff#U4f4f#U5b85#U7528#U5730#U5730#U50f9#U500b#U5225#U56e0#U7d20#U8a55#U50f9#U57fa#U6e96#U660e#U7d30#U8868104.5.28.pdf,local_governments/tainan/evaluation_criteria/expanded/tainan_tainan_land_office_regional_individual_0468_d04ae8d3af.pdf
local_governments/tainan/evaluation_criteria/tainan_tainan_land_office_regional_individual_factor_criteria_2015/#U81fa#U5357#U6240(104#U5e74#U4e8c#U7248)/#U4e2d#U897f#U5340/#U4e2d#U897f#U5340#U4f4f#U5b85#U7528#U5730/#U9ad8#U7d1a#U4f4f#U5b85#U7528#U5730/#U81fa#U5357#U5e02#U4e2d#U897f#U5340#U5f71#U97ff#U4f4f#U5b85#U7528#U5730#U5730#U50f9#U500b#U5225#U56e0#U7d20#U8a55#U50f9#U57fa#U6e96#U660e#U7d30#U8868104.5.28.xls,local_governments/tainan/evaluation_criteria/expanded/tainan_tainan_land_office_regional_individual_0469_38e26c4d46.xls
local_governments/tainan/evaluation_criteria/tainan_tainan_land_office_regional_individual_factor_criteria_2015/#U81fa#U5357#U6240(104#U5e74#U4e8c#U7248)/#U4e2d#U897f#U5340/#U4e2d#U897f#U5340#U4f4f#U5b85#U7528#U5730/#U9ad8#U7d1a#U4f4f#U5b85#U7528#U5730/#U81fa#U5357#U5e02#U4e2d#U897f#U5340#U5f71#U97ff#U9ad8#U7d1a#U4f4f#U5b85#U7528#U5730#U5340#U57df#U56e0#U7d20#U8a55#U50f9#U57fa#U6e96#U660e#U7d30#U8868104.5.28.pdf,local_governments/tainan/evaluation_criteria/expanded/tainan_tainan_land_office_regional_individual_0470_7048bb13bf.pdf
local_governments/tainan/evaluation_criteria/tainan_tainan_land_office_regional_individual_factor_criteria_2015/#U81fa#U5357#U6240(104#U5e74#U4e8c#U7248)/#U4e2d#U897f#U5340/#U4e2d#U897f#U5340#U4f4f#U5b85#U7528#U5730/#U9ad8#U7d1a#U4f4f#U5b85#U7528#U5730/#U81fa#U5357#U5e02#U4e2d#U897f#U5340#U5f71#U97ff#U9ad8#U7d1a#U4f4f#U5b85#U7528#U5730#U5340#U57df#U56e0#U7d20#U8a55#U50f9#U57fa#U6e96#U660e#U7d30#U8868104.5.28.xls,local_governments/tainan/evaluation_criteria/expanded/tainan_tainan_land_office_regional_individual_0471_79657f6831.xls
local_governments/tainan/evaluation_criteria/tainan_tainan_land_office_regional_individual_factor_criteria_2015/#U81fa#U5357#U6240(104#U5e74#U4e8c#U7248)/#U4e2d#U897f#U5340/#U5176#U4ed6#U7528#U5730/#U81fa#U5357#U5e02#U4e2d#U897f#U5340#U5f71#U97ff#U5176#U4ed6#U7528#U5730#U500b#U5225#U56e0#U7d20#U8a55#U50f9#U57fa#U6e96#U660e#U7d30#U8868.pdf,local_governments/tainan/evaluation_criteria/expanded/tainan_tainan_land_office_regional_individual_0472_944711037e.pdf
local_governments/tainan/evaluation_criteria/tainan_tainan_land_office_regional_individual_factor_criteria_2015/#U81fa#U5357#U6240(104#U5e74#U4e8c#U7248)/#U4e2d#U897f#U5340/#U5176#U4ed6#U7528#U5730/#U81fa#U5357#U5e02#U4e2d#U897f#U5340#U5f71#U97ff#U5176#U4ed6#U7528#U5730#U500b#U5225#U56e0#U7d20#U8a55#U50f9#U57fa#U6e96#U660e#U7d30#U8868.xlsx,local_governments/tainan/evaluation_criteria/expanded/tainan_tainan_land_office_regional_individual_0473_9e1aed8c19.xlsx
local_governments/tainan/evaluation_criteria/tainan_tainan_land_office_regional_individual_factor_criteria_2015/#U81fa#U5357#U6240(104#U5e74#U4e8c#U7248)/#U4e2d#U897f#U5340/#U5176#U4ed6#U7528#U5730/#U81fa#U5357#U5e02#U4e2d#U897f#U5340#U5f71#U97ff#U5176#U4ed6#U7528#U5730#U5340#U57df#U56e0#U7d20#U8a55#U50f9#U57fa#U6e96#U660e#U7d30#U8868.pdf,local_governments/tainan/evaluation_criteria/expanded/tainan_tainan_land_office_regional_individual_0474_e41e109b64.pdf
local_governments/tainan/evaluation_criteria/tainan_tainan_land_office_regional_individual_factor_criteria_2015/#U81fa#U5357#U6240(104#U5e74#U4e8c#U7248)/#U4e2d#U897f#U5340/#U5176#U4ed6#U7528#U5730/#U81fa#U5357#U5e02#U4e2d#U897f#U5340#U5f71#U97ff#U5176#U4ed6#U7528#U5730#U5340#U57df#U56e0#U7d20#U8a55#U50f9#U57fa#U6e96#U660e#U7d30#U8868.xls,local_governments/tainan/evaluation_criteria/expanded/tainan_tainan_land_office_regional_individual_0475_5864c0b72d.xls
local_governments/tainan/evaluation_criteria/tainan_tainan_land_office_regional_individual_factor_criteria_2015/#U81fa#U5357#U6240(104#U5e74#U4e8c#U7248)/#U4e2d#U897f#U5340/#U5546#U696d#U7528#U5730/#U4e2d#U5ea6#U5546#U696d#U7528#U5730/#U81fa#U5357#U5e02#U4e2d#U897f#U5340#U5f71#U97ff#U4e2d#U5ea6#U5546#U696d#U7528#U5730#U5340#U57df#U56e0#U7d20#U8a55#U50f9#U57fa#U6e96#U660e#U7d30#U8868.pdf,local_governments/tainan/evaluation_criteria/expanded/tainan_tainan_land_office_regional_individual_0476_dc540dffc7.pdf
local_governments/tainan/evaluation_criteria/tainan_tainan_land_office_regional_individual_factor_criteria_2015/#U81fa#U5357#U6240(104#U5e74#U4e8c#U7248)/#U4e2d#U897f#U5340/#U5546#U696d#U7528#U5730/#U4e2d#U5ea6#U5546#U696d#U7528#U5730/#U81fa#U5357#U5e02#U4e2d#U897f#U5340#U5f71#U97ff#U4e2d#U5ea6#U5546#U696d#U7528#U5730#U5340#U57df#U56e0#U7d20#U8a55#U50f9#U57fa#U6e96#U660e#U7d30#U8868.xlsx,local_governments/tainan/evaluation_criteria/expanded/tainan_tainan_land_office_regional_individual_0477_9608c9edae.xlsx
local_governments/tainan/evaluation_criteria/tainan_tainan_land_office_regional_individual_factor_criteria_2015/#U81fa#U5357#U6240(104#U5e74#U4e8c#U7248)/#U4e2d#U897f#U5340/#U5546#U696d#U7528#U5730/#U4e2d#U5ea6#U5546#U696d#U7528#U5730/#U81fa#U5357#U5e02#U4e2d#U897f#U5340#U5f71#U97ff#U5546#U696d#U7528#U5730#U5730#U50f9#U500b#U5225#U56e0#U7d20#U8a55#U50f9#U57fa#U6e96#U660e#U7d30#U8868.pdf,local_governments/tainan/evaluation_criteria/expanded/tainan_tainan_land_office_regional_individual_0478_bb1a320b4c.pdf
local_governments/tainan/evaluation_criteria/tainan_tainan_land_office_regional_individual_factor_criteria_2015/#U81fa#U5357#U6240(104#U5e74#U4e8c#U7248)/#U4e2d#U897f#U5340/#U5546#U696d#U7528#U5730/#U4e2d#U5ea6#U5546#U696d#U7528#U5730/#U81fa#U5357#U5e02#U4e2d#U897f#U5340#U5f71#U97ff#U5546#U696d#U7528#U5730#U5730#U50f9#U500b#U5225#U56e0#U7d20#U8a55#U50f9#U57fa#U6e96#U660e#U7d30#U8868.xlsx,local_governments/tainan/evaluation_criteria/expanded/tainan_tainan_land_office_regional_individual_0479_642a0b4890.xlsx
local_governments/tainan/evaluation_criteria/tainan_tainan_land_office_regional_individual_factor_criteria_2015/#U81fa#U5357#U6240(104#U5e74#U4e8c#U7248)/#U4e2d#U897f#U5340/#U5546#U696d#U7528#U5730/#U666e#U901a#U5546#U696d#U7528#U5730/#U81fa#U5357#U5e02#U4e2d#U897f#U5340#U5f71#U97ff#U5546#U696d#U7528#U5730#U5730#U50f9#U500b#U5225#U56e0#U7d20#U8a55#U50f9#U57fa#U6e96#U660e#U7d30#U8868.pdf,local_governments/tainan/evaluation_criteria/expanded/tainan_tainan_land_office_regional_individual_0480_870bbdb82d.pdf
local_governments/tainan/evaluation_criteria/tainan_tainan_land_office_regional_individual_factor_criteria_2015/#U81fa#U5357#U6240(104#U5e74#U4e8c#U7248)/#U4e2d#U897f#U5340/#U5546#U696d#U7528#U5730/#U666e#U901a#U5546#U696d#U7528#U5730/#U81fa#U5357#U5e02#U4e2d#U897f#U5340#U5f71#U97ff#U5546#U696d#U7528#U5730#U5730#U50f9#U500b#U5225#U56e0#U7d20#U8a55#U50f9#U57fa#U6e96#U660e#U7d30#U8868.xlsx,local_governments/tainan/evaluation_criteria/expanded/tainan_tainan_land_office_regional_individual_0481_b1af399973.xlsx
local_governments/tainan/evaluation_criteria/tainan_tainan_land_office_regional_individual_factor_criteria_2015/#U81fa#U5357#U6240(104#U5e74#U4e8c#U7248)/#U4e2d#U897f#U5340/#U5546#U696d#U7528#U5730/#U666e#U901a#U5546#U696d#U7528#U5730/#U81fa#U5357#U5e02#U4e2d#U897f#U5340#U5f71#U97ff#U666e#U901a#U5546#U696d#U7528#U5730#U5340#U57df#U56e0#U7d20#U8a55#U50f9#U57fa#U6e96#U660e#U7d30#U8868.pdf,local_governments/tainan/evaluation_criteria/expanded/tainan_tainan_land_office_regional_individual_0482_8b3cfb7f21.pdf
local_governments/tainan/evaluation_criteria/tainan_tainan_land_office_regional_individual_factor_criteria_2015/#U81fa#U5357#U6240(104#U5e74#U4e8c#U7248)/#U4e2d#U897f#U5340/#U5546#U696d#U7528#U5730/#U666e#U901a#U5546#U696d#U7528#U5730/#U81fa#U5357#U5e02#U4e2d#U897f#U5340#U5f71#U97ff#U666e#U901a#U5546#U696d#U7528#U5730#U5340#U57df#U56e0#U7d20#U8a55#U50f9#U57fa#U6e96#U660e#U7d30#U8868.xlsx,local_governments/tainan/evaluation_criteria/expanded/tainan_tainan_land_office_regional_individual_0483_bebf2e3806.xlsx
local_governments/tainan/evaluation_criteria/tainan_tainan_land_office_regional_individual_factor_criteria_2015/#U81fa#U5357#U6240(104#U5e74#U4e8c#U7248)/#U4e2d#U897f#U5340/#U5546#U696d#U7528#U5730/#U9ad8#U5ea6#U5546#U696d#U7528#U5730/#U81fa#U5357#U5e02#U4e2d#U897f#U5340#U5f71#U97ff#U5546#U696d#U7528#U5730#U5730#U50f9#U500b#U5225#U56e0#U7d20#U8a55#U50f9#U57fa#U6e96#U660e#U7d30#U8868.pdf,local_governments/tainan/evaluation_criteria/expanded/tainan_tainan_land_office_regional_individual_0484_fed9874bf6.pdf
local_governments/tainan/evaluation_criteria/tainan_tainan_land_office_regional_individual_factor_criteria_2015/#U81fa#U5357#U6240(104#U5e74#U4e8c#U7248)/#U4e2d#U897f#U5340/#U5546#U696d#U7528#U5730/#U9ad8#U5ea6#U5546#U696d#U7528#U5730/#U81fa#U5357#U5e02#U4e2d#U897f#U5340#U5f71#U97ff#U5546#U696d#U7528#U5730#U5730#U50f9#U500b#U5225#U56e0#U7d20#U8a55#U50f9#U57fa#U6e96#U660e#U7d30#U8868.xlsx,local_governments/tainan/evaluation_criteria/expanded/tainan_tainan_land_office_regional_individual_0485_3cf50627cf.xlsx
local_governments/tainan/evaluation_criteria/tainan_tainan_land_office_regional_individual_factor_criteria_2015/#U81fa#U5357#U6240(104#U5e74#U4e8c#U7248)/#U4e2d#U897f#U5340/#U5546#U696d#U7528#U5730/#U9ad8#U5ea6#U5546#U696d#U7528#U5730/#U81fa#U5357#U5e02#U4e2d#U897f#U5340#U5f71#U97ff#U9ad8#U5ea6#U5546#U696d#U7528#U5730#U5340#U57df#U56e0#U7d20#U8a55#U50f9#U57fa#U6e96#U660e#U7d30#U8868.pdf,local_governments/tainan/evaluation_criteria/expanded/tainan_tainan_land_office_regional_individual_0486_8fd3440c46.pdf
local_governments/tainan/evaluation_criteria/tainan_tainan_land_office_regional_individual_factor_criteria_2015/#U81fa#U5357#U6240(104#U5e74#U4e8c#U7248)/#U4e2d#U897f#U5340/#U5546#U696d#U7528#U5730/#U9ad8#U5ea6#U5546#U696d#U7528#U5730/#U81fa#U5357#U5e02#U4e2d#U897f#U5340#U5f71#U97ff#U9ad8#U5ea6#U5546#U696d#U7528#U5730#U5340#U57df#U56e0#U7d20#U8a55#U50f9#U57fa#U6e96#U660e#U7d30#U8868.xls,local_governments/tainan/evaluation_criteria/expanded/tainan_tainan_land_office_regional_individual_0487_5cd793ce2e.xls
local_governments/tainan/evaluation_criteria/tainan_tainan_land_office_regional_individual_factor_criteria_2015/#U81fa#U5357#U6240(104#U5e74#U4e8c#U7248)/#U5317#U5340/#U4f4f#U5b85#U7528#U5730/#U4e2d#U7d1a#U4f4f#U5b85#U7528#U5730/#U81fa#U5357#U5e02#U5317#U5340#U5f71#U97ff#U4e2d#U7d1a#U4f4f#U5b85#U7528#U5730#U5340#U57df#U56e0#U7d20#U8a55#U50f9#U57fa#U6e96#U660e#U7d30#U8868#Uff08#U571f#U5730#U5fb5#U6536#U88dc#U511f#U5e02#U50f9#U67e5#U4f30#U7528#Uff09.pdf,local_governments/tainan/evaluation_criteria/expanded/tainan_tainan_land_office_regional_individual_0488_fc9f94f018.pdf
local_governments/tainan/evaluation_criteria/tainan_tainan_land_office_regional_individual_factor_criteria_2015/#U81fa#U5357#U6240(104#U5e74#U4e8c#U7248)/#U5317#U5340/#U4f4f#U5b85#U7528#U5730/#U4e2d#U7d1a#U4f4f#U5b85#U7528#U5730/#U81fa#U5357#U5e02#U5317#U5340#U5f71#U97ff#U4e2d#U7d1a#U4f4f#U5b85#U7528#U5730#U5340#U57df#U56e0#U7d20#U8a55#U50f9#U57fa#U6e96#U660e#U7d30#U8868#Uff08#U571f#U5730#U5fb5#U6536#U88dc#U511f#U5e02#U50f9#U67e5#U4f30#U7528#Uff09.xls,local_governments/tainan/evaluation_criteria/expanded/tainan_tainan_land_office_regional_individual_0489_217ac8d7c8.xls
local_governments/tainan/evaluation_criteria/tainan_tainan_land_office_regional_individual_factor_criteria_2015/#U81fa#U5357#U6240(104#U5e74#U4e8c#U7248)/#U5317#U5340/#U4f4f#U5b85#U7528#U5730/#U4e2d#U7d1a#U4f4f#U5b85#U7528#U5730/#U81fa#U5357#U5e02#U5317#U5340#U5f71#U97ff#U4f4f#U5b85#U7528#U5730#U5730#U50f9#U500b#U5225#U56e0#U7d20#U8a55#U50f9#U57fa#U6e96#U660e#U7d30#U8868#Uff08#U571f#U5730#U5fb5#U6536#U88dc#U511f#U5e02#U50f9#U67e5#U4f30#U7528#Uff09.pdf,local_governments/tainan/evaluation_criteria/expanded/tainan_tainan_land_office_regional_individual_0490_bf8a3eba1a.pdf
local_governments/tainan/evaluation_criteria/tainan_tainan_land_office_regional_individual_factor_criteria_2015/#U81fa#U5357#U6240(104#U5e74#U4e8c#U7248)/#U5317#U5340/#U4f4f#U5b85#U7528#U5730/#U4e2d#U7d1a#U4f4f#U5b85#U7528#U5730/#U81fa#U5357#U5e02#U5317#U5340#U5f71#U97ff#U4f4f#U5b85#U7528#U5730#U5730#U50f9#U500b#U5225#U56e0#U7d20#U8a55#U50f9#U57fa#U6e96#U660e#U7d30#U8868#Uff08#U571f#U5730#U5fb5#U6536#U88dc#U511f#U5e02#U50f9#U67e5#U4f30#U7528#Uff09.xlsx,local_governments/tainan/evaluation_criteria/expanded/tainan_tainan_land_office_regional_individual_0491_b572b4ff7c.xlsx
local_governments/tainan/evaluation_criteria/tainan_tainan_land_office_regional_individual_factor_criteria_2015/#U81fa#U5357#U6240(104#U5e74#U4e8c#U7248)/#U5317#U5340/#U4f4f#U5b85#U7528#U5730/#U666e#U901a#U4f4f#U5b85#U7528#U5730/#U81fa#U5357#U5e02#U5317#U5340#U5f71#U97ff#U4f4f#U5b85#U7528#U5730#U5730#U50f9#U500b#U5225#U56e0#U7d20#U8a55#U50f9#U57fa#U6e96#U660e#U7d30#U8868#Uff08#U571f#U5730#U5fb5#U6536#U88dc#U511f#U5e02#U50f9#U67e5#U4f30#U7528#Uff09.pdf,local_governments/tainan/evaluation_criteria/expanded/tainan_tainan_land_office_regional_individual_0492_35a7cf555d.pdf
local_governments/tainan/evaluation_criteria/tainan_tainan_land_office_regional_individual_factor_criteria_2015/#U81fa#U5357#U6240(104#U5e74#U4e8c#U7248)/#U5317#U5340/#U4f4f#U5b85#U7528#U5730/#U666e#U901a#U4f4f#U5b85#U7528#U5730/#U81fa#U5357#U5e02#U5317#U5340#U5f71#U97ff#U4f4f#U5b85#U7528#U5730#U5730#U50f9#U500b#U5225#U56e0#U7d20#U8a55#U50f9#U57fa#U6e96#U660e#U7d30#U8868#Uff08#U571f#U5730#U5fb5#U6536#U88dc#U511f#U5e02#U50f9#U67e5#U4f30#U7528#Uff09.xlsx,local_governments/tainan/evaluation_criteria/expanded/tainan_tainan_land_office_regional_individual_0493_d02e4f470e.xlsx
local_governments/tainan/evaluation_criteria/tainan_tainan_land_office_regional_individual_factor_criteria_2015/#U81fa#U5357#U6240(104#U5e74#U4e8c#U7248)/#U5317#U5340/#U4f4f#U5b85#U7528#U5730/#U666e#U901a#U4f4f#U5b85#U7528#U5730/#U81fa#U5357#U5e02#U5317#U5340#U5f71#U97ff#U666e#U901a#U4f4f#U5b85#U7528#U5730#U5340#U57df#U56e0#U7d20#U8a55#U50f9#U57fa#U6e96#U660e#U7d30#U8868#Uff08#U571f#U5730#U5fb5#U6536#U88dc#U511f#U5e02#U50f9#U67e5#U4f30#U7528#Uff09.pdf,local_governments/tainan/evaluation_criteria/expanded/tainan_tainan_land_office_regional_individual_0494_74fdd92aed.pdf
local_governments/tainan/evaluation_criteria/tainan_tainan_land_office_regional_individual_factor_criteria_2015/#U81fa#U5357#U6240(104#U5e74#U4e8c#U7248)/#U5317#U5340/#U4f4f#U5b85#U7528#U5730/#U666e#U901a#U4f4f#U5b85#U7528#U5730/#U81fa#U5357#U5e02#U5317#U5340#U5f71#U97ff#U666e#U901a#U4f4f#U5b85#U7528#U5730#U5340#U57df#U56e0#U7d20#U8a55#U50f9#U57fa#U6e96#U660e#U7d30#U8868#Uff08#U571f#U5730#U5fb5#U6536#U88dc#U511f#U5e02#U50f9#U67e5#U4f30#U7528#Uff09.xls,local_governments/tainan/evaluation_criteria/expanded/tainan_tainan_land_office_regional_individual_0495_30de5038f2.xls
local_governments/tainan/evaluation_criteria/tainan_tainan_land_office_regional_individual_factor_criteria_2015/#U81fa#U5357#U6240(104#U5e74#U4e8c#U7248)/#U5317#U5340/#U4f4f#U5b85#U7528#U5730/#U9ad8#U7d1a#U4f4f#U5b85#U7528#U5730/#U81fa#U5357#U5e02#U5317#U5340#U5f71#U97ff#U4f4f#U5b85#U7528#U5730#U5730#U50f9#U500b#U5225#U56e0#U7d20#U8a55#U50f9#U57fa#U6e96#U660e#U7d30#U8868#Uff08#U571f#U5730#U5fb5#U6536#U88dc#U511f#U5e02#U50f9#U67e5#U4f30#U7528#Uff09.pdf,local_governments/tainan/evaluation_criteria/expanded/tainan_tainan_land_office_regional_individual_0496_6cac4add8d.pdf
local_governments/tainan/evaluation_criteria/tainan_tainan_land_office_regional_individual_factor_criteria_2015/#U81fa#U5357#U6240(104#U5e74#U4e8c#U7248)/#U5317#U5340/#U4f4f#U5b85#U7528#U5730/#U9ad8#U7d1a#U4f4f#U5b85#U7528#U5730/#U81fa#U5357#U5e02#U5317#U5340#U5f71#U97ff#U4f4f#U5b85#U7528#U5730#U5730#U50f9#U500b#U5225#U56e0#U7d20#U8a55#U50f9#U57fa#U6e96#U660e#U7d30#U8868#Uff08#U571f#U5730#U5fb5#U6536#U88dc#U511f#U5e02#U50f9#U67e5#U4f30#U7528#Uff09.xlsx,local_governments/tainan/evaluation_criteria/expanded/tainan_tainan_land_office_regional_individual_0497_787584c955.xlsx
local_governments/tainan/evaluation_criteria/tainan_tainan_land_office_regional_individual_factor_criteria_2015/#U81fa#U5357#U6240(104#U5e74#U4e8c#U7248)/#U5317#U5340/#U4f4f#U5b85#U7528#U5730/#U9ad8#U7d1a#U4f4f#U5b85#U7528#U5730/#U81fa#U5357#U5e02#U5317#U5340#U5f71#U97ff#U9ad8#U7d1a#U4f4f#U5b85#U7528#U5730#U5340#U57df#U56e0#U7d20#U8a55#U50f9#U57fa#U6e96#U660e#U7d30#U8868#Uff08#U571f#U5730#U5fb5#U6536#U88dc#U511f#U5e02#U50f9#U67e5#U4f30#U7528#Uff09.pdf,local_governments/tainan/evaluation_criteria/expanded/tainan_tainan_land_office_regional_individual_0498_2f2bf78187.pdf
local_governments/tainan/evaluation_criteria/tainan_tainan_land_office_regional_individual_factor_criteria_2015/#U81fa#U5357#U6240(104#U5e74#U4e8c#U7248)/#U5317#U5340/#U4f4f#U5b85#U7528#U5730/#U9ad8#U7d1a#U4f4f#U5b85#U7528#U5730/#U81fa#U5357#U5e02#U5317#U5340#U5f71#U97ff#U9ad8#U7d1a#U4f4f#U5b85#U7528#U5730#U5340#U57df#U56e0#U7d20#U8a55#U50f9#U57fa#U6e96#U660e#U7d30#U8868#Uff08#U571f#U5730#U5fb5#U6536#U88dc#U511f#U5e02#U50f9#U67e5#U4f30#U7528#Uff09.xls,local_governments/tainan/evaluation_criteria/expanded/tainan_tainan_land_office_regional_individual_0499_3b9b5e33ad.xls
local_governments/tainan/evaluation_criteria/tainan_tainan_land_office_regional_individual_factor_criteria_2015/#U81fa#U5357#U6240(104#U5e74#U4e8c#U7248)/#U5317#U5340/#U5176#U4ed6#U7528#U5730/#U81fa#U5357#U5e02#U5317#U5340#U5f71#U97ff#U5176#U4ed6#U7528#U5730#U5340#U57df#U56e0#U7d20#U8a55#U50f9#U57fa#U6e96#U660e#U7d30#U8868 #Uff08#U571f#U5730#U5fb5#U6536#U88dc#U511f#U5e02#U50f9#U67e5#U4f30#U7528#Uff09.pdf,local_governments/tainan/evaluation_criteria/expanded/tainan_tainan_land_office_regional_individual_0500_7d87197e56.pdf
local_governments/tainan/evaluation_criteria/tainan_tainan_land_office_regional_individual_factor_criteria_2015/#U81fa#U5357#U6240(104#U5e74#U4e8c#U7248)/#U5317#U5340/#U5176#U4ed6#U7528#U5730/#U81fa#U5357#U5e02#U5317#U5340#U5f71#U97ff#U5176#U4ed6#U7528#U5730#U5340#U57df#U56e0#U7d20#U8a55#U50f9#U57fa#U6e96#U660e#U7d30#U8868 #Uff08#U571f#U5730#U5fb5#U6536#U88dc#U511f#U5e02#U50f9#U67e5#U4f30#U7528#Uff09.xls,local_governments/tainan/evaluation_criteria/expanded/tainan_tainan_land_office_regional_individual_0501_870b972c22.xls
local_governments/tainan/evaluation_criteria/tainan_tainan_land_office_regional_individual_factor_criteria_2015/#U81fa#U5357#U6240(104#U5e74#U4e8c#U7248)/#U5317#U5340/#U5176#U4ed6#U7528#U5730/#U81fa#U5357#U5e02#U5317#U5340#U5f71#U97ff#U5176#U4ed6#U7528#U5730#U5730#U50f9#U500b#U5225#U56e0#U7d20#U8a55#U50f9#U57fa#U6e96#U660e#U7d30#U8868#Uff08#U571f#U5730#U5fb5#U6536#U88dc#U511f#U5e02#U50f9#U67e5#U4f30#U7528#Uff09.pdf,local_governments/tainan/evaluation_criteria/expanded/tainan_tainan_land_office_regional_individual_0502_9931fe3709.pdf
local_governments/tainan/evaluation_criteria/tainan_tainan_land_office_regional_individual_factor_criteria_2015/#U81fa#U5357#U6240(104#U5e74#U4e8c#U7248)/#U5317#U5340/#U5176#U4ed6#U7528#U5730/#U81fa#U5357#U5e02#U5317#U5340#U5f71#U97ff#U5176#U4ed6#U7528#U5730#U5730#U50f9#U500b#U5225#U56e0#U7d20#U8a55#U50f9#U57fa#U6e96#U660e#U7d30#U8868#Uff08#U571f#U5730#U5fb5#U6536#U88dc#U511f#U5e02#U50f9#U67e5#U4f30#U7528#Uff09.xlsx,local_governments/tainan/evaluation_criteria/expanded/tainan_tainan_land_office_regional_individual_0503_4f6fb7f231.xlsx
local_governments/tainan/evaluation_criteria/tainan_tainan_land_office_regional_individual_factor_criteria_2015/#U81fa#U5357#U6240(104#U5e74#U4e8c#U7248)/#U5317#U5340/#U5546#U696d#U7528#U5730/#U4e2d#U5ea6#U5546#U696d#U7528#U5730/#U81fa#U5357#U5e02#U5317#U5340#U4e2d#U5ea6#U5546#U696d#U7528#U5730#U5340#U57df#U56e0#U7d20#U8a55#U50f9#U57fa#U6e96#U660e#U7d30#U8868#Uff08#U571f#U5730#U5fb5#U6536#U88dc#U511f#U5e02#U50f9#U67e5#U4f30#U7528#Uff09.pdf,local_governments/tainan/evaluation_criteria/expanded/tainan_tainan_land_office_regional_individual_0504_a93fc01883.pdf
local_governments/tainan/evaluation_criteria/tainan_tainan_land_office_regional_individual_factor_criteria_2015/#U81fa#U5357#U6240(104#U5e74#U4e8c#U7248)/#U5317#U5340/#U5546#U696d#U7528#U5730/#U4e2d#U5ea6#U5546#U696d#U7528#U5730/#U81fa#U5357#U5e02#U5317#U5340#U4e2d#U5ea6#U5546#U696d#U7528#U5730#U5340#U57df#U56e0#U7d20#U8a55#U50f9#U57fa#U6e96#U660e#U7d30#U8868#Uff08#U571f#U5730#U5fb5#U6536#U88dc#U511f#U5e02#U50f9#U67e5#U4f30#U7528#Uff09.xls,local_governments/tainan/evaluation_criteria/expanded/tainan_tainan_land_office_regional_individual_0505_41d842ad56.xls
local_governments/tainan/evaluation_criteria/tainan_tainan_land_office_regional_individual_factor_criteria_2015/#U81fa#U5357#U6240(104#U5e74#U4e8c#U7248)/#U5317#U5340/#U5546#U696d#U7528#U5730/#U4e2d#U5ea6#U5546#U696d#U7528#U5730/#U81fa#U5357#U5e02#U5317#U5340#U5546#U696d#U7528#U5730#U500b#U5225#U56e0#U7d20#U8a55#U50f9#U57fa#U6e96#U660e#U7d30#U8868#Uff08#U571f#U5730#U5fb5#U6536#U88dc#U511f#U5e02#U50f9#U67e5#U4f30#U7528#Uff09.pdf,local_governments/tainan/evaluation_criteria/expanded/tainan_tainan_land_office_regional_individual_0506_f21c89765b.pdf
local_governments/tainan/evaluation_criteria/tainan_tainan_land_office_regional_individual_factor_criteria_2015/#U81fa#U5357#U6240(104#U5e74#U4e8c#U7248)/#U5317#U5340/#U5546#U696d#U7528#U5730/#U4e2d#U5ea6#U5546#U696d#U7528#U5730/#U81fa#U5357#U5e02#U5317#U5340#U5546#U696d#U7528#U5730#U500b#U5225#U56e0#U7d20#U8a55#U50f9#U57fa#U6e96#U660e#U7d30#U8868#Uff08#U571f#U5730#U5fb5#U6536#U88dc#U511f#U5e02#U50f9#U67e5#U4f30#U7528#Uff09.xlsx,local_governments/tainan/evaluation_criteria/expanded/tainan_tainan_land_office_regional_individual_0507_9235bd1355.xlsx
local_governments/tainan/evaluation_criteria/tainan_tainan_land_office_regional_individual_factor_criteria_2015/#U81fa#U5357#U6240(104#U5e74#U4e8c#U7248)/#U5317#U5340/#U5546#U696d#U7528#U5730/#U666e#U901a#U5546#U696d#U7528#U5730/#U81fa#U5357#U5e02#U5317#U5340#U5546#U696d#U7528#U5730#U500b#U5225#U56e0#U7d20#U8a55#U50f9#U57fa#U6e96#U660e#U7d30#U8868#Uff08#U571f#U5730#U5fb5#U6536#U88dc#U511f#U5e02#U50f9#U67e5#U4f30#U7528#Uff09.pdf,local_governments/tainan/evaluation_criteria/expanded/tainan_tainan_land_office_regional_individual_0508_cf3ad00e5a.pdf
local_governments/tainan/evaluation_criteria/tainan_tainan_land_office_regional_individual_factor_criteria_2015/#U81fa#U5357#U6240(104#U5e74#U4e8c#U7248)/#U5317#U5340/#U5546#U696d#U7528#U5730/#U666e#U901a#U5546#U696d#U7528#U5730/#U81fa#U5357#U5e02#U5317#U5340#U5546#U696d#U7528#U5730#U500b#U5225#U56e0#U7d20#U8a55#U50f9#U57fa#U6e96#U660e#U7d30#U8868#Uff08#U571f#U5730#U5fb5#U6536#U88dc#U511f#U5e02#U50f9#U67e5#U4f30#U7528#Uff09.xlsx,local_governments/tainan/evaluation_criteria/expanded/tainan_tainan_land_office_regional_individual_0509_fee05cfa55.xlsx
local_governments/tainan/evaluation_criteria/tainan_tainan_land_office_regional_individual_factor_criteria_2015/#U81fa#U5357#U6240(104#U5e74#U4e8c#U7248)/#U5317#U5340/#U5546#U696d#U7528#U5730/#U666e#U901a#U5546#U696d#U7528#U5730/#U81fa#U5357#U5e02#U5317#U5340#U666e#U901a#U5546#U696d#U7528#U5730#U5340#U57df#U56e0#U7d20#U8a55#U50f9#U57fa#U6e96#U660e#U7d30#U8868#Uff08#U571f#U5730#U5fb5#U6536#U88dc#U511f#U5e02#U50f9#U67e5#U4f30#U7528#Uff09.pdf,local_governments/tainan/evaluation_criteria/expanded/tainan_tainan_land_office_regional_individual_0510_58a8f5c089.pdf
local_governments/tainan/evaluation_criteria/tainan_tainan_land_office_regional_individual_factor_criteria_2015/#U81fa#U5357#U6240(104#U5e74#U4e8c#U7248)/#U5317#U5340/#U5546#U696d#U7528#U5730/#U666e#U901a#U5546#U696d#U7528#U5730/#U81fa#U5357#U5e02#U5317#U5340#U666e#U901a#U5546#U696d#U7528#U5730#U5340#U57df#U56e0#U7d20#U8a55#U50f9#U57fa#U6e96#U660e#U7d30#U8868#Uff08#U571f#U5730#U5fb5#U6536#U88dc#U511f#U5e02#U50f9#U67e5#U4f30#U7528#Uff09.xls,local_governments/tainan/evaluation_criteria/expanded/tainan_tainan_land_office_regional_individual_0511_498616a9df.xls
local_governments/tainan/evaluation_criteria/tainan_tainan_land_office_regional_individual_factor_criteria_2015/#U81fa#U5357#U6240(104#U5e74#U4e8c#U7248)/#U5317#U5340/#U5546#U696d#U7528#U5730/#U9ad8#U5ea6#U5546#U696d#U7528#U5730/#U81fa#U5357#U5e02#U5317#U5340#U5546#U696d#U7528#U5730#U500b#U5225#U56e0#U7d20#U8a55#U50f9#U57fa#U6e96#U660e#U7d30#U8868#Uff08#U571f#U5730#U5fb5#U6536#U88dc#U511f#U5e02#U50f9#U67e5#U4f30#U7528#Uff09.pdf,local_governments/tainan/evaluation_criteria/expanded/tainan_tainan_land_office_regional_individual_0512_4a1ad4a990.pdf
local_governments/tainan/evaluation_criteria/tainan_tainan_land_office_regional_individual_factor_criteria_2015/#U81fa#U5357#U6240(104#U5e74#U4e8c#U7248)/#U5317#U5340/#U5546#U696d#U7528#U5730/#U9ad8#U5ea6#U5546#U696d#U7528#U5730/#U81fa#U5357#U5e02#U5317#U5340#U5546#U696d#U7528#U5730#U500b#U5225#U56e0#U7d20#U8a55#U50f9#U57fa#U6e96#U660e#U7d30#U8868#Uff08#U571f#U5730#U5fb5#U6536#U88dc#U511f#U5e02#U50f9#U67e5#U4f30#U7528#Uff09.xlsx,local_governments/tainan/evaluation_criteria/expanded/tainan_tainan_land_office_regional_individual_0513_24b9b1189f.xlsx
local_governments/tainan/evaluation_criteria/tainan_tainan_land_office_regional_individual_factor_criteria_2015/#U81fa#U5357#U6240(104#U5e74#U4e8c#U7248)/#U5317#U5340/#U5546#U696d#U7528#U5730/#U9ad8#U5ea6#U5546#U696d#U7528#U5730/#U81fa#U5357#U5e02#U5317#U5340#U9ad8#U5ea6#U5546#U696d#U7528#U5730#U5340#U57df#U56e0#U7d20#U8a55#U50f9#U57fa#U6e96#U660e#U7d30#U8868#Uff08#U571f#U5730#U5fb5#U6536#U88dc#U511f#U5e02#U50f9#U67e5#U4f30#U7528#Uff09.pdf,local_governments/tainan/evaluation_criteria/expanded/tainan_tainan_land_office_regional_individual_0514_8a456202c6.pdf
local_governments/tainan/evaluation_criteria/tainan_tainan_land_office_regional_individual_factor_criteria_2015/#U81fa#U5357#U6240(104#U5e74#U4e8c#U7248)/#U5317#U5340/#U5546#U696d#U7528#U5730/#U9ad8#U5ea6#U5546#U696d#U7528#U5730/#U81fa#U5357#U5e02#U5317#U5340#U9ad8#U5ea6#U5546#U696d#U7528#U5730#U5340#U57df#U56e0#U7d20#U8a55#U50f9#U57fa#U6e96#U660e#U7d30#U8868#Uff08#U571f#U5730#U5fb5#U6536#U88dc#U511f#U5e02#U50f9#U67e5#U4f30#U7528#Uff09.xls,local_governments/tainan/evaluation_criteria/expanded/tainan_tainan_land_office_regional_individual_0515_0c19bfd918.xls
local_governments/tainan/evaluation_criteria/tainan_tainan_land_office_regional_individual_factor_criteria_2015/#U81fa#U5357#U6240(104#U5e74#U4e8c#U7248)/#U5b89#U5e73#U5340/#U4f4f#U5b85#U7528#U5730/#U4e2d#U7d1a#U4f4f#U5b85#U7528#U5730/#U81fa#U5357#U5e02#U5b89#U5e73#U5340#U5f71#U97ff#U4e2d#U7d1a#U4f4f#U5b85#U7528#U5730#U5340#U57df#U56e0#U7d20#U8a55#U50f9#U57fa#U6e96#U660e#U7d30#U8868#Uff08#U571f#U5730#U5fb5#U6536#U88dc#U511f#U5e02#U50f9#U67e5#U4f30#U7528#Uff09.pdf,local_governments/tainan/evaluation_criteria/expanded/tainan_tainan_land_office_regional_individual_0516_5bc30fb2c7.pdf
local_governments/tainan/evaluation_criteria/tainan_tainan_land_office_regional_individual_factor_criteria_2015/#U81fa#U5357#U6240(104#U5e74#U4e8c#U7248)/#U5b89#U5e73#U5340/#U4f4f#U5b85#U7528#U5730/#U4e2d#U7d1a#U4f4f#U5b85#U7528#U5730/#U81fa#U5357#U5e02#U5b89#U5e73#U5340#U5f71#U97ff#U4e2d#U7d1a#U4f4f#U5b85#U7528#U5730#U5340#U57df#U56e0#U7d20#U8a55#U50f9#U57fa#U6e96#U660e#U7d30#U8868#Uff08#U571f#U5730#U5fb5#U6536#U88dc#U511f#U5e02#U50f9#U67e5#U4f30#U7528#Uff09.xls,local_governments/tainan/evaluation_criteria/expanded/tainan_tainan_land_office_regional_individual_0517_2b04f1a822.xls
local_governments/tainan/evaluation_criteria/tainan_tainan_land_office_regional_individual_factor_criteria_2015/#U81fa#U5357#U6240(104#U5e74#U4e8c#U7248)/#U5b89#U5e73#U5340/#U4f4f#U5b85#U7528#U5730/#U4e2d#U7d1a#U4f4f#U5b85#U7528#U5730/#U81fa#U5357#U5e02#U5b89#U5e73#U5340#U5f71#U97ff#U4f4f#U5b85#U7528#U5730#U5730#U50f9#U500b#U5225#U56e0#U7d20#U8a55#U50f9#U57fa#U6e96#U660e#U7d30#U8868#Uff08#U571f#U5730#U5fb5#U6536#U88dc#U511f#U5e02#U50f9#U67e5#U4f30#U7528#Uff09.pdf,local_governments/tainan/evaluation_criteria/expanded/tainan_tainan_land_office_regional_individual_0518_395e750dc1.pdf
local_governments/tainan/evaluation_criteria/tainan_tainan_land_office_regional_individual_factor_criteria_2015/#U81fa#U5357#U6240(104#U5e74#U4e8c#U7248)/#U5b89#U5e73#U5340/#U4f4f#U5b85#U7528#U5730/#U4e2d#U7d1a#U4f4f#U5b85#U7528#U5730/#U81fa#U5357#U5e02#U5b89#U5e73#U5340#U5f71#U97ff#U4f4f#U5b85#U7528#U5730#U5730#U50f9#U500b#U5225#U56e0#U7d20#U8a55#U50f9#U57fa#U6e96#U660e#U7d30#U8868#Uff08#U571f#U5730#U5fb5#U6536#U88dc#U511f#U5e02#U50f9#U67e5#U4f30#U7528#Uff09.xls,local_governments/tainan/evaluation_criteria/expanded/tainan_tainan_land_office_regional_individual_0519_05cdca9bbd.xls
local_governments/tainan/evaluation_criteria/tainan_tainan_land_office_regional_individual_factor_criteria_2015/#U81fa#U5357#U6240(104#U5e74#U4e8c#U7248)/#U5b89#U5e73#U5340/#U4f4f#U5b85#U7528#U5730/#U666e#U901a#U4f4f#U5b85#U7528#U5730/#U81fa#U5357#U5e02#U5b89#U5e73#U5340#U5f71#U97ff#U4f4f#U5b85#U7528#U5730#U5730#U50f9#U500b#U5225#U56e0#U7d20#U8a55#U50f9#U57fa#U6e96#U660e#U7d30#U8868#Uff08#U571f#U5730#U5fb5#U6536#U88dc#U511f#U5e02#U50f9#U67e5#U4f30#U7528#Uff09.pdf,local_governments/tainan/evaluation_criteria/expanded/tainan_tainan_land_office_regional_individual_0520_985f897ae2.pdf
local_governments/tainan/evaluation_criteria/tainan_tainan_land_office_regional_individual_factor_criteria_2015/#U81fa#U5357#U6240(104#U5e74#U4e8c#U7248)/#U5b89#U5e73#U5340/#U4f4f#U5b85#U7528#U5730/#U666e#U901a#U4f4f#U5b85#U7528#U5730/#U81fa#U5357#U5e02#U5b89#U5e73#U5340#U5f71#U97ff#U4f4f#U5b85#U7528#U5730#U5730#U50f9#U500b#U5225#U56e0#U7d20#U8a55#U50f9#U57fa#U6e96#U660e#U7d30#U8868#Uff08#U571f#U5730#U5fb5#U6536#U88dc#U511f#U5e02#U50f9#U67e5#U4f30#U7528#Uff09.xls,local_governments/tainan/evaluation_criteria/expanded/tainan_tainan_land_office_regional_individual_0521_012f832265.xls
local_governments/tainan/evaluation_criteria/tainan_tainan_land_office_regional_individual_factor_criteria_2015/#U81fa#U5357#U6240(104#U5e74#U4e8c#U7248)/#U5b89#U5e73#U5340/#U4f4f#U5b85#U7528#U5730/#U666e#U901a#U4f4f#U5b85#U7528#U5730/#U81fa#U5357#U5e02#U5b89#U5e73#U5340#U5f71#U97ff#U666e#U901a#U4f4f#U5b85#U7528#U5730#U5340#U57df#U56e0#U7d20#U8a55#U50f9#U57fa#U6e96#U660e#U7d30#U8868#Uff08#U571f#U5730#U5fb5#U6536#U88dc#U511f#U5e02#U50f9#U67e5#U4f30#U7528#Uff09.pdf,local_governments/tainan/evaluation_criteria/expanded/tainan_tainan_land_office_regional_individual_0522_b0138594bd.pdf
local_governments/tainan/evaluation_criteria/tainan_tainan_land_office_regional_individual_factor_criteria_2015/#U81fa#U5357#U6240(104#U5e74#U4e8c#U7248)/#U5b89#U5e73#U5340/#U4f4f#U5b85#U7528#U5730/#U666e#U901a#U4f4f#U5b85#U7528#U5730/#U81fa#U5357#U5e02#U5b89#U5e73#U5340#U5f71#U97ff#U666e#U901a#U4f4f#U5b85#U7528#U5730#U5340#U57df#U56e0#U7d20#U8a55#U50f9#U57fa#U6e96#U660e#U7d30#U8868#Uff08#U571f#U5730#U5fb5#U6536#U88dc#U511f#U5e02#U50f9#U67e5#U4f30#U7528#Uff09.xls,local_governments/tainan/evaluation_criteria/expanded/tainan_tainan_land_office_regional_individual_0523_e5a78c66be.xls
local_governments/tainan/evaluation_criteria/tainan_tainan_land_office_regional_individual_factor_criteria_2015/#U81fa#U5357#U6240(104#U5e74#U4e8c#U7248)/#U5b89#U5e73#U5340/#U4f4f#U5b85#U7528#U5730/#U6751#U91cc#U9130#U4f4f#U5b85#U7528#U5730/#U81fa#U5357#U5e02#U5b89#U5e73#U5340#U5f71#U97ff#U4f4f#U5b85#U7528#U5730#U5730#U50f9#U500b#U5225#U56e0#U7d20#U8a55#U50f9#U57fa#U6e96#U660e#U7d30#U8868#Uff08#U571f#U5730#U5fb5#U6536#U88dc#U511f#U5e02#U50f9#U67e5#U4f30#U7528#Uff09.pdf,local_governments/tainan/evaluation_criteria/expanded/tainan_tainan_land_office_regional_individual_0524_5dc11f6ef1.pdf
local_governments/tainan/evaluation_criteria/tainan_tainan_land_office_regional_individual_factor_criteria_2015/#U81fa#U5357#U6240(104#U5e74#U4e8c#U7248)/#U5b89#U5e73#U5340/#U4f4f#U5b85#U7528#U5730/#U6751#U91cc#U9130#U4f4f#U5b85#U7528#U5730/#U81fa#U5357#U5e02#U5b89#U5e73#U5340#U5f71#U97ff#U4f4f#U5b85#U7528#U5730#U5730#U50f9#U500b#U5225#U56e0#U7d20#U8a55#U50f9#U57fa#U6e96#U660e#U7d30#U8868#Uff08#U571f#U5730#U5fb5#U6536#U88dc#U511f#U5e02#U50f9#U67e5#U4f30#U7528#Uff09.xls,local_governments/tainan/evaluation_criteria/expanded/tainan_tainan_land_office_regional_individual_0525_5b2f9e5e79.xls
local_governments/tainan/evaluation_criteria/tainan_tainan_land_office_regional_individual_factor_criteria_2015/#U81fa#U5357#U6240(104#U5e74#U4e8c#U7248)/#U5b89#U5e73#U5340/#U4f4f#U5b85#U7528#U5730/#U6751#U91cc#U9130#U4f4f#U5b85#U7528#U5730/#U81fa#U5357#U5e02#U5b89#U5e73#U5340#U5f71#U97ff#U6751#U91cc#U9130#U4f4f#U5b85#U7528#U5730#U5340#U57df#U56e0#U7d20#U8a55#U50f9#U57fa#U6e96#U660e#U7d30#U8868#Uff08#U571f#U5730#U5fb5#U6536#U88dc#U511f#U5e02#U50f9#U67e5#U4f30#U7528#Uff09.pdf,local_governments/tainan/evaluation_criteria/expanded/tainan_tainan_land_office_regional_individual_0526_ee0af9be15.pdf
local_governments/tainan/evaluation_criteria/tainan_tainan_land_office_regional_individual_factor_criteria_2015/#U81fa#U5357#U6240(104#U5e74#U4e8c#U7248)/#U5b89#U5e73#U5340/#U4f4f#U5b85#U7528#U5730/#U6751#U91cc#U9130#U4f4f#U5b85#U7528#U5730/#U81fa#U5357#U5e02#U5b89#U5e73#U5340#U5f71#U97ff#U6751#U91cc#U9130#U4f4f#U5b85#U7528#U5730#U5340#U57df#U56e0#U7d20#U8a55#U50f9#U57fa#U6e96#U660e#U7d30#U8868#Uff08#U571f#U5730#U5fb5#U6536#U88dc#U511f#U5e02#U50f9#U67e5#U4f30#U7528#Uff09.xls,local_governments/tainan/evaluation_criteria/expanded/tainan_tainan_land_office_regional_individual_0527_bd89eecc5f.xls
local_governments/tainan/evaluation_criteria/tainan_tainan_land_office_regional_individual_factor_criteria_2015/#U81fa#U5357#U6240(104#U5e74#U4e8c#U7248)/#U5b89#U5e73#U5340/#U4f4f#U5b85#U7528#U5730/#U9ad8#U7d1a#U4f4f#U5b85#U7528#U5730/#U81fa#U5357#U5e02#U5b89#U5e73#U5340#U5f71#U97ff#U4f4f#U5b85#U7528#U5730#U5730#U50f9#U500b#U5225#U56e0#U7d20#U8a55#U50f9#U57fa#U6e96#U660e#U7d30#U8868#Uff08#U571f#U5730#U5fb5#U6536#U88dc#U511f#U5e02#U50f9#U67e5#U4f30#U7528#Uff09.pdf,local_governments/tainan/evaluation_criteria/expanded/tainan_tainan_land_office_regional_individual_0528_ae0712cff2.pdf
local_governments/tainan/evaluation_criteria/tainan_tainan_land_office_regional_individual_factor_criteria_2015/#U81fa#U5357#U6240(104#U5e74#U4e8c#U7248)/#U5b89#U5e73#U5340/#U4f4f#U5b85#U7528#U5730/#U9ad8#U7d1a#U4f4f#U5b85#U7528#U5730/#U81fa#U5357#U5e02#U5b89#U5e73#U5340#U5f71#U97ff#U4f4f#U5b85#U7528#U5730#U5730#U50f9#U500b#U5225#U56e0#U7d20#U8a55#U50f9#U57fa#U6e96#U660e#U7d30#U8868#Uff08#U571f#U5730#U5fb5#U6536#U88dc#U511f#U5e02#U50f9#U67e5#U4f30#U7528#Uff09.xls,local_governments/tainan/evaluation_criteria/expanded/tainan_tainan_land_office_regional_individual_0529_8e2471f0ae.xls
local_governments/tainan/evaluation_criteria/tainan_tainan_land_office_regional_individual_factor_criteria_2015/#U81fa#U5357#U6240(104#U5e74#U4e8c#U7248)/#U5b89#U5e73#U5340/#U4f4f#U5b85#U7528#U5730/#U9ad8#U7d1a#U4f4f#U5b85#U7528#U5730/#U81fa#U5357#U5e02#U5b89#U5e73#U5340#U5f71#U97ff#U9ad8#U7d1a#U4f4f#U5b85#U7528#U5730#U5340#U57df#U56e0#U7d20#U8a55#U50f9#U57fa#U6e96#U660e#U7d30#U8868#Uff08#U571f#U5730#U5fb5#U6536#U88dc#U511f#U5e02#U50f9#U67e5#U4f30#U7528#Uff09.pdf,local_governments/tainan/evaluation_criteria/expanded/tainan_tainan_land_office_regional_individual_0530_80007f39fe.pdf
local_governments/tainan/evaluation_criteria/tainan_tainan_land_office_regional_individual_factor_criteria_2015/#U81fa#U5357#U6240(104#U5e74#U4e8c#U7248)/#U5b89#U5e73#U5340/#U4f4f#U5b85#U7528#U5730/#U9ad8#U7d1a#U4f4f#U5b85#U7528#U5730/#U81fa#U5357#U5e02#U5b89#U5e73#U5340#U5f71#U97ff#U9ad8#U7d1a#U4f4f#U5b85#U7528#U5730#U5340#U57df#U56e0#U7d20#U8a55#U50f9#U57fa#U6e96#U660e#U7d30#U8868#Uff08#U571f#U5730#U5fb5#U6536#U88dc#U511f#U5e02#U50f9#U67e5#U4f30#U7528#Uff09.xls,local_governments/tainan/evaluation_criteria/expanded/tainan_tainan_land_office_regional_individual_0531_6d62f7c2d9.xls
local_governments/tainan/evaluation_criteria/tainan_tainan_land_office_regional_individual_factor_criteria_2015/#U81fa#U5357#U6240(104#U5e74#U4e8c#U7248)/#U5b89#U5e73#U5340/#U5176#U4ed6#U7528#U5730/#U81fa#U5357#U5e02#U5b89#U5e73#U5340#U5f71#U97ff#U5176#U4ed6#U7528#U5730#U500b#U5225#U56e0#U7d20#U8a55#U50f9#U57fa#U6e96#U660e#U7d30#U8868#Uff08#U571f#U5730#U5fb5#U6536#U88dc#U511f#U5e02#U50f9#U67e5#U4f30#U7528#Uff09.pdf,local_governments/tainan/evaluation_criteria/expanded/tainan_tainan_land_office_regional_individual_0532_8571ab88dc.pdf
local_governments/tainan/evaluation_criteria/tainan_tainan_land_office_regional_individual_factor_criteria_2015/#U81fa#U5357#U6240(104#U5e74#U4e8c#U7248)/#U5b89#U5e73#U5340/#U5176#U4ed6#U7528#U5730/#U81fa#U5357#U5e02#U5b89#U5e73#U5340#U5f71#U97ff#U5176#U4ed6#U7528#U5730#U500b#U5225#U56e0#U7d20#U8a55#U50f9#U57fa#U6e96#U660e#U7d30#U8868#Uff08#U571f#U5730#U5fb5#U6536#U88dc#U511f#U5e02#U50f9#U67e5#U4f30#U7528#Uff09.xls,local_governments/tainan/evaluation_criteria/expanded/tainan_tainan_land_office_regional_individual_0533_e908496368.xls
local_governments/tainan/evaluation_criteria/tainan_tainan_land_office_regional_individual_factor_criteria_2015/#U81fa#U5357#U6240(104#U5e74#U4e8c#U7248)/#U5b89#U5e73#U5340/#U5176#U4ed6#U7528#U5730/#U81fa#U5357#U5e02#U5b89#U5e73#U5340#U5f71#U97ff#U5176#U4ed6#U7528#U5730#U5340#U57df#U56e0#U7d20#U8a55#U50f9#U57fa#U6e96#U660e#U7d30#U8868#Uff08#U571f#U5730#U5fb5#U6536#U88dc#U511f#U5e02#U50f9#U67e5#U4f30#U7528#Uff09.pdf,local_governments/tainan/evaluation_criteria/expanded/tainan_tainan_land_office_regional_individual_0534_4c2c86699d.pdf
local_governments/tainan/evaluation_criteria/tainan_tainan_land_office_regional_individual_factor_criteria_2015/#U81fa#U5357#U6240(104#U5e74#U4e8c#U7248)/#U5b89#U5e73#U5340/#U5176#U4ed6#U7528#U5730/#U81fa#U5357#U5e02#U5b89#U5e73#U5340#U5f71#U97ff#U5176#U4ed6#U7528#U5730#U5340#U57df#U56e0#U7d20#U8a55#U50f9#U57fa#U6e96#U660e#U7d30#U8868#Uff08#U571f#U5730#U5fb5#U6536#U88dc#U511f#U5e02#U50f9#U67e5#U4f30#U7528#Uff09.xls,local_governments/tainan/evaluation_criteria/expanded/tainan_tainan_land_office_regional_individual_0535_a6d5cc3dbc.xls
local_governments/tainan/evaluation_criteria/tainan_tainan_land_office_regional_individual_factor_criteria_2015/#U81fa#U5357#U6240(104#U5e74#U4e8c#U7248)/#U5b89#U5e73#U5340/#U5546#U696d#U7528#U5730/#U4e2d#U5ea6#U5546#U696d#U7528#U5730/#U81fa#U5357#U5e02#U5b89#U5e73#U5340#U5f71#U97ff#U4e2d#U5ea6#U5546#U696d#U7528#U5730#U5340#U57df#U56e0#U7d20#U8a55#U50f9#U57fa#U6e96#U660e#U7d30#U8868#Uff08#U571f#U5730#U5fb5#U6536#U88dc#U511f#U5e02#U50f9#U67e5#U4f30#U7528#Uff09.pdf,local_governments/tainan/evaluation_criteria/expanded/tainan_tainan_land_office_regional_individual_0536_98b217e407.pdf
local_governments/tainan/evaluation_criteria/tainan_tainan_land_office_regional_individual_factor_criteria_2015/#U81fa#U5357#U6240(104#U5e74#U4e8c#U7248)/#U5b89#U5e73#U5340/#U5546#U696d#U7528#U5730/#U4e2d#U5ea6#U5546#U696d#U7528#U5730/#U81fa#U5357#U5e02#U5b89#U5e73#U5340#U5f71#U97ff#U4e2d#U5ea6#U5546#U696d#U7528#U5730#U5340#U57df#U56e0#U7d20#U8a55#U50f9#U57fa#U6e96#U660e#U7d30#U8868#Uff08#U571f#U5730#U5fb5#U6536#U88dc#U511f#U5e02#U50f9#U67e5#U4f30#U7528#Uff09.xls,local_governments/tainan/evaluation_criteria/expanded/tainan_tainan_land_office_regional_individual_0537_81f0bed689.xls
local_governments/tainan/evaluation_criteria/tainan_tainan_land_office_regional_individual_factor_criteria_2015/#U81fa#U5357#U6240(104#U5e74#U4e8c#U7248)/#U5b89#U5e73#U5340/#U5546#U696d#U7528#U5730/#U4e2d#U5ea6#U5546#U696d#U7528#U5730/#U81fa#U5357#U5e02#U5b89#U5e73#U5340#U5f71#U97ff#U5546#U696d#U7528#U5730#U5730#U50f9#U500b#U5225#U56e0#U7d20#U8a55#U50f9#U57fa#U6e96#U660e#U7d30#U8868#Uff08#U571f#U5730#U5fb5#U6536#U88dc#U511f#U5e02#U50f9#U67e5#U4f30#U7528#Uff09.pdf,local_governments/tainan/evaluation_criteria/expanded/tainan_tainan_land_office_regional_individual_0538_79823dc737.pdf
local_governments/tainan/evaluation_criteria/tainan_tainan_land_office_regional_individual_factor_criteria_2015/#U81fa#U5357#U6240(104#U5e74#U4e8c#U7248)/#U5b89#U5e73#U5340/#U5546#U696d#U7528#U5730/#U4e2d#U5ea6#U5546#U696d#U7528#U5730/#U81fa#U5357#U5e02#U5b89#U5e73#U5340#U5f71#U97ff#U5546#U696d#U7528#U5730#U5730#U50f9#U500b#U5225#U56e0#U7d20#U8a55#U50f9#U57fa#U6e96#U660e#U7d30#U8868#Uff08#U571f#U5730#U5fb5#U6536#U88dc#U511f#U5e02#U50f9#U67e5#U4f30#U7528#Uff09.xls,local_governments/tainan/evaluation_criteria/expanded/tainan_tainan_land_office_regional_individual_0539_1acde76981.xls
local_governments/tainan/evaluation_criteria/tainan_tainan_land_office_regional_individual_factor_criteria_2015/#U81fa#U5357#U6240(104#U5e74#U4e8c#U7248)/#U5b89#U5e73#U5340/#U5546#U696d#U7528#U5730/#U666e#U901a#U5546#U696d#U7528#U5730/#U81fa#U5357#U5e02#U5b89#U5e73#U5340#U5f71#U97ff#U5546#U696d#U7528#U5730#U5730#U50f9#U500b#U5225#U56e0#U7d20#U8a55#U50f9#U57fa#U6e96#U660e#U7d30#U8868#Uff08#U571f#U5730#U5fb5#U6536#U88dc#U511f#U5e02#U50f9#U67e5#U4f30#U7528#Uff09.pdf,local_governments/tainan/evaluation_criteria/expanded/tainan_tainan_land_office_regional_individual_0540_910474b438.pdf
local_governments/tainan/evaluation_criteria/tainan_tainan_land_office_regional_individual_factor_criteria_2015/#U81fa#U5357#U6240(104#U5e74#U4e8c#U7248)/#U5b89#U5e73#U5340/#U5546#U696d#U7528#U5730/#U666e#U901a#U5546#U696d#U7528#U5730/#U81fa#U5357#U5e02#U5b89#U5e73#U5340#U5f71#U97ff#U5546#U696d#U7528#U5730#U5730#U50f9#U500b#U5225#U56e0#U7d20#U8a55#U50f9#U57fa#U6e96#U660e#U7d30#U8868#Uff08#U571f#U5730#U5fb5#U6536#U88dc#U511f#U5e02#U50f9#U67e5#U4f30#U7528#Uff09.xls,local_governments/tainan/evaluation_criteria/expanded/tainan_tainan_land_office_regional_individual_0541_6d21e90043.xls
local_governments/tainan/evaluation_criteria/tainan_tainan_land_office_regional_individual_factor_criteria_2015/#U81fa#U5357#U6240(104#U5e74#U4e8c#U7248)/#U5b89#U5e73#U5340/#U5546#U696d#U7528#U5730/#U666e#U901a#U5546#U696d#U7528#U5730/#U81fa#U5357#U5e02#U5b89#U5e73#U5340#U5f71#U97ff#U666e#U901a#U5546#U696d#U7528#U5730#U5340#U57df#U56e0#U7d20#U8a55#U50f9#U57fa#U6e96#U660e#U7d30#U8868#Uff08#U571f#U5730#U5fb5#U6536#U88dc#U511f#U5e02#U50f9#U67e5#U4f30#U7528#Uff09.pdf,local_governments/tainan/evaluation_criteria/expanded/tainan_tainan_land_office_regional_individual_0542_0d0acbf6cd.pdf
local_governments/tainan/evaluation_criteria/tainan_tainan_land_office_regional_individual_factor_criteria_2015/#U81fa#U5357#U6240(104#U5e74#U4e8c#U7248)/#U5b89#U5e73#U5340/#U5546#U696d#U7528#U5730/#U666e#U901a#U5546#U696d#U7528#U5730/#U81fa#U5357#U5e02#U5b89#U5e73#U5340#U5f71#U97ff#U666e#U901a#U5546#U696d#U7528#U5730#U5340#U57df#U56e0#U7d20#U8a55#U50f9#U57fa#U6e96#U660e#U7d30#U8868#Uff08#U571f#U5730#U5fb5#U6536#U88dc#U511f#U5e02#U50f9#U67e5#U4f30#U7528#Uff09.xls,local_governments/tainan/evaluation_criteria/expanded/tainan_tainan_land_office_regional_individual_0543_73c2683295.xls
local_governments/tainan/evaluation_criteria/tainan_tainan_land_office_regional_individual_factor_criteria_2015/#U81fa#U5357#U6240(104#U5e74#U4e8c#U7248)/#U5b89#U5e73#U5340/#U5546#U696d#U7528#U5730/#U6751#U91cc#U9130#U5546#U696d#U7528#U5730/#U81fa#U5357#U5e02#U5b89#U5e73#U5340#U5f71#U97ff#U5546#U696d#U7528#U5730#U5730#U50f9#U500b#U5225#U56e0#U7d20#U8a55#U50f9#U57fa#U6e96#U660e#U7d30#U8868#Uff08#U571f#U5730#U5fb5#U6536#U88dc#U511f#U5e02#U50f9#U67e5#U4f30#U7528#Uff09.pdf,local_governments/tainan/evaluation_criteria/expanded/tainan_tainan_land_office_regional_individual_0544_bae74013ff.pdf
local_governments/tainan/evaluation_criteria/tainan_tainan_land_office_regional_individual_factor_criteria_2015/#U81fa#U5357#U6240(104#U5e74#U4e8c#U7248)/#U5b89#U5e73#U5340/#U5546#U696d#U7528#U5730/#U6751#U91cc#U9130#U5546#U696d#U7528#U5730/#U81fa#U5357#U5e02#U5b89#U5e73#U5340#U5f71#U97ff#U5546#U696d#U7528#U5730#U5730#U50f9#U500b#U5225#U56e0#U7d20#U8a55#U50f9#U57fa#U6e96#U660e#U7d30#U8868#Uff08#U571f#U5730#U5fb5#U6536#U88dc#U511f#U5e02#U50f9#U67e5#U4f30#U7528#Uff09.xls,local_governments/tainan/evaluation_criteria/expanded/tainan_tainan_land_office_regional_individual_0545_8b9ca99559.xls
local_governments/tainan/evaluation_criteria/tainan_tainan_land_office_regional_individual_factor_criteria_2015/#U81fa#U5357#U6240(104#U5e74#U4e8c#U7248)/#U5b89#U5e73#U5340/#U5546#U696d#U7528#U5730/#U6751#U91cc#U9130#U5546#U696d#U7528#U5730/#U81fa#U5357#U5e02#U5b89#U5e73#U5340#U5f71#U97ff#U6751#U91cc#U9130#U5546#U696d#U7528#U5730#U5340#U57df#U56e0#U7d20#U8a55#U50f9#U57fa#U6e96#U660e#U7d30#U8868#Uff08#U571f#U5730#U5fb5#U6536#U88dc#U511f#U5e02#U50f9#U67e5#U4f30#U7528#Uff09.pdf,local_governments/tainan/evaluation_criteria/expanded/tainan_tainan_land_office_regional_individual_0546_dd8628b05d.pdf
local_governments/tainan/evaluation_criteria/tainan_tainan_land_office_regional_individual_factor_criteria_2015/#U81fa#U5357#U6240(104#U5e74#U4e8c#U7248)/#U5b89#U5e73#U5340/#U5546#U696d#U7528#U5730/#U6751#U91cc#U9130#U5546#U696d#U7528#U5730/#U81fa#U5357#U5e02#U5b89#U5e73#U5340#U5f71#U97ff#U6751#U91cc#U9130#U5546#U696d#U7528#U5730#U5340#U57df#U56e0#U7d20#U8a55#U50f9#U57fa#U6e96#U660e#U7d30#U8868#Uff08#U571f#U5730#U5fb5#U6536#U88dc#U511f#U5e02#U50f9#U67e5#U4f30#U7528#Uff09.xls,local_governments/tainan/evaluation_criteria/expanded/tainan_tainan_land_office_regional_individual_0547_33459ee219.xls
local_governments/tainan/evaluation_criteria/tainan_tainan_land_office_regional_individual_factor_criteria_2015/#U81fa#U5357#U6240(104#U5e74#U4e8c#U7248)/#U5b89#U5e73#U5340/#U5546#U696d#U7528#U5730/#U9ad8#U5ea6#U5546#U696d#U7528#U5730/#U81fa#U5357#U5e02#U5b89#U5e73#U5340#U5f71#U97ff#U5546#U696d#U7528#U5730#U5730#U50f9#U500b#U5225#U56e0#U7d20#U8a55#U50f9#U57fa#U6e96#U660e#U7d30#U8868#Uff08#U571f#U5730#U5fb5#U6536#U88dc#U511f#U5e02#U50f9#U67e5#U4f30#U7528#Uff09.pdf,local_governments/tainan/evaluation_criteria/expanded/tainan_tainan_land_office_regional_individual_0548_f6e684a069.pdf
local_governments/tainan/evaluation_criteria/tainan_tainan_land_office_regional_individual_factor_criteria_2015/#U81fa#U5357#U6240(104#U5e74#U4e8c#U7248)/#U5b89#U5e73#U5340/#U5546#U696d#U7528#U5730/#U9ad8#U5ea6#U5546#U696d#U7528#U5730/#U81fa#U5357#U5e02#U5b89#U5e73#U5340#U5f71#U97ff#U5546#U696d#U7528#U5730#U5730#U50f9#U500b#U5225#U56e0#U7d20#U8a55#U50f9#U57fa#U6e96#U660e#U7d30#U8868#Uff08#U571f#U5730#U5fb5#U6536#U88dc#U511f#U5e02#U50f9#U67e5#U4f30#U7528#Uff09.xls,local_governments/tainan/evaluation_criteria/expanded/tainan_tainan_land_office_regional_individual_0549_c82f23e07c.xls
local_governments/tainan/evaluation_criteria/tainan_tainan_land_office_regional_individual_factor_criteria_2015/#U81fa#U5357#U6240(104#U5e74#U4e8c#U7248)/#U5b89#U5e73#U5340/#U5546#U696d#U7528#U5730/#U9ad8#U5ea6#U5546#U696d#U7528#U5730/#U81fa#U5357#U5e02#U5b89#U5e73#U5340#U5f71#U97ff#U9ad8#U5ea6#U5546#U696d#U7528#U5730#U5340#U57df#U56e0#U7d20#U8a55#U50f9#U57fa#U6e96#U660e#U7d30#U8868#Uff08#U571f#U5730#U5fb5#U6536#U88dc#U511f#U5e02#U50f9#U67e5#U4f30#U7528#Uff09.pdf,local_governments/tainan/evaluation_criteria/expanded/tainan_tainan_land_office_regional_individual_0550_977df76b46.pdf
local_governments/tainan/evaluation_criteria/tainan_tainan_land_office_regional_individual_factor_criteria_2015/#U81fa#U5357#U6240(104#U5e74#U4e8c#U7248)/#U5b89#U5e73#U5340/#U5546#U696d#U7528#U5730/#U9ad8#U5ea6#U5546#U696d#U7528#U5730/#U81fa#U5357#U5e02#U5b89#U5e73#U5340#U5f71#U97ff#U9ad8#U5ea6#U5546#U696d#U7528#U5730#U5340#U57df#U56e0#U7d20#U8a55#U50f9#U57fa#U6e96#U660e#U7d30#U8868#Uff08#U571f#U5730#U5fb5#U6536#U88dc#U511f#U5e02#U50f9#U67e5#U4f30#U7528#Uff09.xls,local_governments/tainan/evaluation_criteria/expanded/tainan_tainan_land_office_regional_individual_0551_517d5af78b.xls
local_governments/tainan/evaluation_criteria/tainan_xinhua_land_office_regional_individual_factor_criteria_2015/#U65b0#U5316#U6240(104#U5e74#U4e8c#U7248)/#U5584#U5316#U5340/#U4f4f#Ufa04#U7528#U5730/#U666e#U901a#U4f4f#Ufa04#U7528#U5730/#U5584#U5316#U5340#U4f4f#U5b85#U7528#U5730#U5730#U50f9#U500b#U5225#U56e0#U7d20#U8a55#U50f9#U57fa#U6e96#U660e#U7d30#U8868.pdf,local_governments/tainan/evaluation_criteria/expanded/tainan_xinhua_land_office_regional_individual_0552_446fb47209.pdf
local_governments/tainan/evaluation_criteria/tainan_xinhua_land_office_regional_individual_factor_criteria_2015/#U65b0#U5316#U6240(104#U5e74#U4e8c#U7248)/#U5584#U5316#U5340/#U4f4f#Ufa04#U7528#U5730/#U666e#U901a#U4f4f#Ufa04#U7528#U5730/#U5584#U5316#U5340#U5f71#U97ff#U4f4f#U5b85#U7528#U5730#U5340#U57df#U56e0#U7d20#U8a55#U50f9#U57fa#U6e96#U660e#U7d30#U8868.pdf,local_governments/tainan/evaluation_criteria/expanded/tainan_xinhua_land_office_regional_individual_0553_79ffe266e2.pdf
local_governments/tainan/evaluation_criteria/tainan_xinhua_land_office_regional_individual_factor_criteria_2015/#U65b0#U5316#U6240(104#U5e74#U4e8c#U7248)/#U5584#U5316#U5340/#U4f4f#Ufa04#U7528#U5730/#U6751#Uf9e9#U9130#U4f4f#Ufa04#U7528#U5730/#U5584#U5316#U5340#U4f4f#U5b85#U7528#U5730#U5730#U50f9#U500b#U5225#U56e0#U7d20#U8a55#U50f9#U57fa#U6e96#U660e#U7d30#U8868.pdf,local_governments/tainan/evaluation_criteria/expanded/tainan_xinhua_land_office_regional_individual_0554_31a25ec219.pdf
local_governments/tainan/evaluation_criteria/tainan_xinhua_land_office_regional_individual_factor_criteria_2015/#U65b0#U5316#U6240(104#U5e74#U4e8c#U7248)/#U5584#U5316#U5340/#U4f4f#Ufa04#U7528#U5730/#U6751#Uf9e9#U9130#U4f4f#Ufa04#U7528#U5730/#U5584#U5316#U5340#U5f71#U97ff#U6751#U91cc#U9130#U4f4f#U5b85#U7528#U5730#U5340#U57df#U56e0#U7d20#U8a55#U50f9#U57fa#U6e96#U660e#U7d30#U8868.pdf,local_governments/tainan/evaluation_criteria/expanded/tainan_xinhua_land_office_regional_individual_0555_fe04dde7a1.pdf
local_governments/tainan/evaluation_criteria/tainan_xinhua_land_office_regional_individual_factor_criteria_2015/#U65b0#U5316#U6240(104#U5e74#U4e8c#U7248)/#U5584#U5316#U5340/#U5176#U4ed6#U7528#U5730/#U5584#U5316#U5340#U5176#U4ed6#U7528#U5730#U5730#U50f9#U500b#U5225#U56e0#U7d20#U8a55#U50f9#U57fa#U6e96#U660e#U7d30#U8868.pdf,local_governments/tainan/evaluation_criteria/expanded/tainan_xinhua_land_office_regional_individual_0556_b3587b30d3.pdf
local_governments/tainan/evaluation_criteria/tainan_xinhua_land_office_regional_individual_factor_criteria_2015/#U65b0#U5316#U6240(104#U5e74#U4e8c#U7248)/#U5584#U5316#U5340/#U5176#U4ed6#U7528#U5730/#U5584#U5316#U5340#U5f71#U97ff#U5176#U4ed6#U7528#U5730#U5340#U57df#U56e0#U7d20#U8a55#U50f9#U57fa#U6e96#U660e#U7d30#U8868.pdf,local_governments/tainan/evaluation_criteria/expanded/tainan_xinhua_land_office_regional_individual_0557_2ac40ab5bb.pdf
local_governments/tainan/evaluation_criteria/tainan_xinhua_land_office_regional_individual_factor_criteria_2015/#U65b0#U5316#U6240(104#U5e74#U4e8c#U7248)/#U5584#U5316#U5340/#U5546#U696d#U7528#U5730/#U5584#U5316#U5340#U5546#U696d#U7528#U5730#U5730#U50f9#U500b#U5225#U56e0#U7d20#U8a55#U50f9#U57fa#U6e96#U660e#U7d30#U8868.pdf,local_governments/tainan/evaluation_criteria/expanded/tainan_xinhua_land_office_regional_individual_0558_cbdf1e4855.pdf
local_governments/tainan/evaluation_criteria/tainan_xinhua_land_office_regional_individual_factor_criteria_2015/#U65b0#U5316#U6240(104#U5e74#U4e8c#U7248)/#U5584#U5316#U5340/#U5546#U696d#U7528#U5730/#U5584#U5316#U5340#U5f71#U97ff#U5546#U696d#U7528#U5730#U5340#U57df#U56e0#U7d20#U8a55#U50f9#U57fa#U6e96#U660e#U7d30#U8868.pdf,local_governments/tainan/evaluation_criteria/expanded/tainan_xinhua_land_office_regional_individual_0559_6499ac9edd.pdf
local_governments/tainan/evaluation_criteria/tainan_xinhua_land_office_regional_individual_factor_criteria_2015/#U65b0#U5316#U6240(104#U5e74#U4e8c#U7248)/#U5584#U5316#U5340/#U5de5#U696d#U7528#U5730/#U5584#U5316#U5340#U5de5#U696d#U7528#U5730#U5730#U50f9#U500b#U5225#U56e0#U7d20#U8a55#U50f9#U57fa#U6e96#U660e#U7d30#U8868.pdf,local_governments/tainan/evaluation_criteria/expanded/tainan_xinhua_land_office_regional_individual_0560_a2ae645207.pdf
local_governments/tainan/evaluation_criteria/tainan_xinhua_land_office_regional_individual_factor_criteria_2015/#U65b0#U5316#U6240(104#U5e74#U4e8c#U7248)/#U5584#U5316#U5340/#U5de5#U696d#U7528#U5730/#U5584#U5316#U5340#U5f71#U97ff#U5de5#U696d#U7528#U5730#U5340#U57df#U56e0#U7d20#U8a55#U50f9#U57fa#U6e96#U660e#U7d30#U8868.pdf,local_governments/tainan/evaluation_criteria/expanded/tainan_xinhua_land_office_regional_individual_0561_0be26c7224.pdf
local_governments/tainan/evaluation_criteria/tainan_xinhua_land_office_regional_individual_factor_criteria_2015/#U65b0#U5316#U6240(104#U5e74#U4e8c#U7248)/#U5584#U5316#U5340/#U8fb2#U696d#U7528#U5730/#U5584#U5316#U5340#U5f71#U97ff#U8fb2#U696d#U7528#U5730#U5340#U57df#U56e0#U7d20#U8a55#U50f9#U57fa#U6e96#U660e#U7d30#U8868.pdf,local_governments/tainan/evaluation_criteria/expanded/tainan_xinhua_land_office_regional_individual_0562_bec383a875.pdf
local_governments/tainan/evaluation_criteria/tainan_xinhua_land_office_regional_individual_factor_criteria_2015/#U65b0#U5316#U6240(104#U5e74#U4e8c#U7248)/#U5584#U5316#U5340/#U8fb2#U696d#U7528#U5730/#U5584#U5316#U5340#U8fb2#U696d#U7528#U5730#U5730#U50f9#U500b#U5225#U56e0#U7d20#U8a55#U50f9#U57fa#U6e96#U660e#U7d30#U8868.pdf,local_governments/tainan/evaluation_criteria/expanded/tainan_xinhua_land_office_regional_individual_0563_a36bd66da0.pdf
local_governments/tainan/evaluation_criteria/tainan_xinhua_land_office_regional_individual_factor_criteria_2015/#U65b0#U5316#U6240(104#U5e74#U4e8c#U7248)/#U5b89#U5b9a#U5340/#U4f4f#Ufa04#U7528#U5730/#U666e#U901a#U4f4f#Ufa04#U7528#U5730/#U5b89#U5b9a#U5340#U4f4f#U5b85#U7528#U5730#U5730#U50f9#U500b#U5225#U56e0#U7d20#U8a55#U50f9#U57fa#U6e96#U660e#U7d30#U8868.pdf,local_governments/tainan/evaluation_criteria/expanded/tainan_xinhua_land_office_regional_individual_0564_bb60365476.pdf
local_governments/tainan/evaluation_criteria/tainan_xinhua_land_office_regional_individual_factor_criteria_2015/#U65b0#U5316#U6240(104#U5e74#U4e8c#U7248)/#U5b89#U5b9a#U5340/#U4f4f#Ufa04#U7528#U5730/#U666e#U901a#U4f4f#Ufa04#U7528#U5730/#U5b89#U5b9a#U5340#U5f71#U97ff#U4f4f#U5b85#U7528#U5730#U5340#U57df#U56e0#U7d20#U8a55#U50f9#U57fa#U6e96#U660e#U7d30#U8868.pdf,local_governments/tainan/evaluation_criteria/expanded/tainan_xinhua_land_office_regional_individual_0565_8589b664e9.pdf
local_governments/tainan/evaluation_criteria/tainan_xinhua_land_office_regional_individual_factor_criteria_2015/#U65b0#U5316#U6240(104#U5e74#U4e8c#U7248)/#U5b89#U5b9a#U5340/#U4f4f#Ufa04#U7528#U5730/#U6751#Uf9e9#U9130#U4f4f#Ufa04#U7528#U5730/#U5b89#U5b9a#U5340#U4f4f#U5b85#U7528#U5730#U5730#U50f9#U500b#U5225#U56e0#U7d20#U8a55#U50f9#U57fa#U6e96#U660e#U7d30#U8868.pdf,local_governments/tainan/evaluation_criteria/expanded/tainan_xinhua_land_office_regional_individual_0566_5037707a30.pdf
local_governments/tainan/evaluation_criteria/tainan_xinhua_land_office_regional_individual_factor_criteria_2015/#U65b0#U5316#U6240(104#U5e74#U4e8c#U7248)/#U5b89#U5b9a#U5340/#U4f4f#Ufa04#U7528#U5730/#U6751#Uf9e9#U9130#U4f4f#Ufa04#U7528#U5730/#U5b89#U5b9a#U5340#U5f71#U97ff#U6751#U91cc#U9130#U4f4f#U5b85#U7528#U5730#U5340#U57df#U56e0#U7d20#U8a55#U50f9#U57fa#U6e96#U660e#U7d30#U8868.pdf,local_governments/tainan/evaluation_criteria/expanded/tainan_xinhua_land_office_regional_individual_0567_e85bd2d751.pdf
local_governments/tainan/evaluation_criteria/tainan_xinhua_land_office_regional_individual_factor_criteria_2015/#U65b0#U5316#U6240(104#U5e74#U4e8c#U7248)/#U5b89#U5b9a#U5340/#U5176#U4ed6#U7528#U5730/#U5b89#U5b9a#U5340#U5176#U4ed6#U7528#U5730#U5730#U50f9#U500b#U5225#U56e0#U7d20#U8a55#U50f9#U57fa#U6e96#U660e#U7d30#U8868.pdf,local_governments/tainan/evaluation_criteria/expanded/tainan_xinhua_land_office_regional_individual_0568_558b0c1703.pdf
local_governments/tainan/evaluation_criteria/tainan_xinhua_land_office_regional_individual_factor_criteria_2015/#U65b0#U5316#U6240(104#U5e74#U4e8c#U7248)/#U5b89#U5b9a#U5340/#U5176#U4ed6#U7528#U5730/#U5b89#U5b9a#U5340#U5f71#U97ff#U5176#U4ed6#U7528#U5730#U5340#U57df#U56e0#U7d20#U8a55#U50f9#U57fa#U6e96#U660e#U7d30#U8868.pdf,local_governments/tainan/evaluation_criteria/expanded/tainan_xinhua_land_office_regional_individual_0569_90752297e8.pdf
local_governments/tainan/evaluation_criteria/tainan_xinhua_land_office_regional_individual_factor_criteria_2015/#U65b0#U5316#U6240(104#U5e74#U4e8c#U7248)/#U5b89#U5b9a#U5340/#U5546#U696d#U7528#U5730/#U5b89#U5b9a#U5340#U5546#U696d#U7528#U5730#U5730#U50f9#U500b#U5225#U56e0#U7d20#U8a55#U50f9#U57fa#U6e96#U660e#U7d30#U8868.pdf,local_governments/tainan/evaluation_criteria/expanded/tainan_xinhua_land_office_regional_individual_0570_7788a9ced8.pdf
local_governments/tainan/evaluation_criteria/tainan_xinhua_land_office_regional_individual_factor_criteria_2015/#U65b0#U5316#U6240(104#U5e74#U4e8c#U7248)/#U5b89#U5b9a#U5340/#U5546#U696d#U7528#U5730/#U5b89#U5b9a#U5340#U5f71#U97ff#U5546#U696d#U7528#U5730#U5340#U57df#U56e0#U7d20#U8a55#U50f9#U57fa#U6e96#U660e#U7d30#U8868.pdf,local_governments/tainan/evaluation_criteria/expanded/tainan_xinhua_land_office_regional_individual_0571_34e3385590.pdf
local_governments/tainan/evaluation_criteria/tainan_xinhua_land_office_regional_individual_factor_criteria_2015/#U65b0#U5316#U6240(104#U5e74#U4e8c#U7248)/#U5b89#U5b9a#U5340/#U5de5#U696d#U7528#U5730/#U5b89#U5b9a#U5340#U5de5#U696d#U7528#U5730#U5730#U50f9#U500b#U5225#U56e0#U7d20#U8a55#U50f9#U57fa#U6e96#U660e#U7d30#U8868.pdf,local_governments/tainan/evaluation_criteria/expanded/tainan_xinhua_land_office_regional_individual_0572_fa22c0c28b.pdf
local_governments/tainan/evaluation_criteria/tainan_xinhua_land_office_regional_individual_factor_criteria_2015/#U65b0#U5316#U6240(104#U5e74#U4e8c#U7248)/#U5b89#U5b9a#U5340/#U5de5#U696d#U7528#U5730/#U5b89#U5b9a#U5340#U5f71#U97ff#U5de5#U696d#U7528#U5730#U5340#U57df#U56e0#U7d20#U8a55#U50f9#U57fa#U6e96#U660e#U7d30#U8868.pdf,local_governments/tainan/evaluation_criteria/expanded/tainan_xinhua_land_office_regional_individual_0573_54c3631def.pdf
local_governments/tainan/evaluation_criteria/tainan_xinhua_land_office_regional_individual_factor_criteria_2015/#U65b0#U5316#U6240(104#U5e74#U4e8c#U7248)/#U5b89#U5b9a#U5340/#U8fb2#U696d#U7528#U5730/#U5b89#U5b9a#U5340#U5f71#U97ff#U8fb2#U696d#U7528#U5730#U5340#U57df#U56e0#U7d20#U8a55#U50f9#U57fa#U6e96#U660e#U7d30#U8868.pdf,local_governments/tainan/evaluation_criteria/expanded/tainan_xinhua_land_office_regional_individual_0574_80fa330bec.pdf
local_governments/tainan/evaluation_criteria/tainan_xinhua_land_office_regional_individual_factor_criteria_2015/#U65b0#U5316#U6240(104#U5e74#U4e8c#U7248)/#U5b89#U5b9a#U5340/#U8fb2#U696d#U7528#U5730/#U5b89#U5b9a#U5340#U8fb2#U696d#U7528#U5730#U5730#U50f9#U500b#U5225#U56e0#U7d20#U8a55#U50f9#U57fa#U6e96#U660e#U7d30#U8868.pdf,local_governments/tainan/evaluation_criteria/expanded/tainan_xinhua_land_office_regional_individual_0575_3f11a43b96.pdf
local_governments/tainan/evaluation_criteria/tainan_xinhua_land_office_regional_individual_factor_criteria_2015/#U65b0#U5316#U6240(104#U5e74#U4e8c#U7248)/#U5c71#U4e0a#U5340/#U4f4f#Ufa04#U7528#U5730/#U666e#U901a#U4f4f#Ufa04#U7528#U5730/#U5c71#U4e0a#U5340#U4f4f#U5b85#U7528#U5730#U5730#U50f9#U500b#U5225#U56e0#U7d20#U8a55#U50f9#U57fa#U6e96#U660e#U7d30#U8868.pdf,local_governments/tainan/evaluation_criteria/expanded/tainan_xinhua_land_office_regional_individual_0576_54c3063d09.pdf
local_governments/tainan/evaluation_criteria/tainan_xinhua_land_office_regional_individual_factor_criteria_2015/#U65b0#U5316#U6240(104#U5e74#U4e8c#U7248)/#U5c71#U4e0a#U5340/#U4f4f#Ufa04#U7528#U5730/#U666e#U901a#U4f4f#Ufa04#U7528#U5730/#U5c71#U4e0a#U5340#U5f71#U97ff#U4f4f#U5b85#U7528#U5730#U5340#U57df#U56e0#U7d20#U8a55#U50f9#U57fa#U6e96#U660e#U7d30#U8868.pdf,local_governments/tainan/evaluation_criteria/expanded/tainan_xinhua_land_office_regional_individual_0577_74d3511193.pdf
local_governments/tainan/evaluation_criteria/tainan_xinhua_land_office_regional_individual_factor_criteria_2015/#U65b0#U5316#U6240(104#U5e74#U4e8c#U7248)/#U5c71#U4e0a#U5340/#U4f4f#Ufa04#U7528#U5730/#U6751#Uf9e9#U9130#U4f4f#Ufa04#U7528#U5730/#U5c71#U4e0a#U5340#U4f4f#U5b85#U7528#U5730#U5730#U50f9#U500b#U5225#U56e0#U7d20#U8a55#U50f9#U57fa#U6e96#U660e#U7d30#U8868.pdf,local_governments/tainan/evaluation_criteria/expanded/tainan_xinhua_land_office_regional_individual_0578_64943621ff.pdf
local_governments/tainan/evaluation_criteria/tainan_xinhua_land_office_regional_individual_factor_criteria_2015/#U65b0#U5316#U6240(104#U5e74#U4e8c#U7248)/#U5c71#U4e0a#U5340/#U4f4f#Ufa04#U7528#U5730/#U6751#Uf9e9#U9130#U4f4f#Ufa04#U7528#U5730/#U5c71#U4e0a#U5340#U5f71#U97ff#U6751#U91cc#U9130#U4f4f#U5b85#U7528#U5730#U5340#U57df#U56e0#U7d20#U8a55#U50f9#U57fa#U6e96#U660e#U7d30#U8868.pdf,local_governments/tainan/evaluation_criteria/expanded/tainan_xinhua_land_office_regional_individual_0579_2483847249.pdf
local_governments/tainan/evaluation_criteria/tainan_xinhua_land_office_regional_individual_factor_criteria_2015/#U65b0#U5316#U6240(104#U5e74#U4e8c#U7248)/#U5c71#U4e0a#U5340/#U5176#U4ed6#U7528#U5730/#U5c71#U4e0a#U5340#U5176#U4ed6#U7528#U5730#U5730#U50f9#U500b#U5225#U56e0#U7d20#U8a55#U50f9#U57fa#U6e96#U660e#U7d30#U8868.pdf,local_governments/tainan/evaluation_criteria/expanded/tainan_xinhua_land_office_regional_individual_0580_37ca4435cd.pdf
local_governments/tainan/evaluation_criteria/tainan_xinhua_land_office_regional_individual_factor_criteria_2015/#U65b0#U5316#U6240(104#U5e74#U4e8c#U7248)/#U5c71#U4e0a#U5340/#U5176#U4ed6#U7528#U5730/#U5c71#U4e0a#U5340#U5f71#U97ff#U5176#U4ed6#U7528#U5730#U5340#U57df#U56e0#U7d20#U8a55#U50f9#U57fa#U6e96#U660e#U7d30#U8868.pdf,local_governments/tainan/evaluation_criteria/expanded/tainan_xinhua_land_office_regional_individual_0581_0d90cb7417.pdf
local_governments/tainan/evaluation_criteria/tainan_xinhua_land_office_regional_individual_factor_criteria_2015/#U65b0#U5316#U6240(104#U5e74#U4e8c#U7248)/#U5c71#U4e0a#U5340/#U5546#U696d#U7528#U5730/#U5c71#U4e0a#U5340#U5546#U696d#U7528#U5730#U5730#U50f9#U500b#U5225#U56e0#U7d20#U8a55#U50f9#U57fa#U6e96#U660e#U7d30#U8868.pdf,local_governments/tainan/evaluation_criteria/expanded/tainan_xinhua_land_office_regional_individual_0582_f63f257bd5.pdf
local_governments/tainan/evaluation_criteria/tainan_xinhua_land_office_regional_individual_factor_criteria_2015/#U65b0#U5316#U6240(104#U5e74#U4e8c#U7248)/#U5c71#U4e0a#U5340/#U5546#U696d#U7528#U5730/#U5c71#U4e0a#U5340#U5f71#U97ff#U5546#U696d#U7528#U5730#U5340#U57df#U56e0#U7d20#U8a55#U50f9#U57fa#U6e96#U660e#U7d30#U8868.pdf,local_governments/tainan/evaluation_criteria/expanded/tainan_xinhua_land_office_regional_individual_0583_2991399501.pdf
local_governments/tainan/evaluation_criteria/tainan_xinhua_land_office_regional_individual_factor_criteria_2015/#U65b0#U5316#U6240(104#U5e74#U4e8c#U7248)/#U5c71#U4e0a#U5340/#U5de5#U696d#U7528#U5730/#U5c71#U4e0a#U5340#U5de5#U696d#U7528#U5730#U5730#U50f9#U500b#U5225#U56e0#U7d20#U8a55#U50f9#U57fa#U6e96#U660e#U7d30#U8868.pdf,local_governments/tainan/evaluation_criteria/expanded/tainan_xinhua_land_office_regional_individual_0584_f91c7a60c3.pdf
local_governments/tainan/evaluation_criteria/tainan_xinhua_land_office_regional_individual_factor_criteria_2015/#U65b0#U5316#U6240(104#U5e74#U4e8c#U7248)/#U5c71#U4e0a#U5340/#U5de5#U696d#U7528#U5730/#U5c71#U4e0a#U5340#U5f71#U97ff#U5de5#U696d#U7528#U5730#U5340#U57df#U56e0#U7d20#U8a55#U50f9#U57fa#U6e96#U660e#U7d30#U8868.pdf,local_governments/tainan/evaluation_criteria/expanded/tainan_xinhua_land_office_regional_individual_0585_9204e7d043.pdf
local_governments/tainan/evaluation_criteria/tainan_xinhua_land_office_regional_individual_factor_criteria_2015/#U65b0#U5316#U6240(104#U5e74#U4e8c#U7248)/#U5c71#U4e0a#U5340/#U8fb2#U696d#U7528#U5730/#U5c71#U4e0a#U5340#U5f71#U97ff#U8fb2#U696d#U7528#U5730#U5340#U57df#U56e0#U7d20#U8a55#U50f9#U57fa#U6e96#U660e#U7d30#U8868.pdf,local_governments/tainan/evaluation_criteria/expanded/tainan_xinhua_land_office_regional_individual_0586_ef67211d9d.pdf
local_governments/tainan/evaluation_criteria/tainan_xinhua_land_office_regional_individual_factor_criteria_2015/#U65b0#U5316#U6240(104#U5e74#U4e8c#U7248)/#U5c71#U4e0a#U5340/#U8fb2#U696d#U7528#U5730/#U5c71#U4e0a#U5340#U8fb2#U696d#U7528#U5730#U5730#U50f9#U500b#U5225#U56e0#U7d20#U8a55#U50f9#U57fa#U6e96#U660e#U7d30#U8868.pdf,local_governments/tainan/evaluation_criteria/expanded/tainan_xinhua_land_office_regional_individual_0587_38fa774539.pdf
local_governments/tainan/evaluation_criteria/tainan_xinhua_land_office_regional_individual_factor_criteria_2015/#U65b0#U5316#U6240(104#U5e74#U4e8c#U7248)/#U5de6#U93ae#U5340/#U4f4f#Ufa04#U7528#U5730/#U666e#U901a#U4f4f#Ufa04#U7528#U5730/#U5de6#U93ae#U5340#U4f4f#U5b85#U7528#U5730#U5730#U50f9#U500b#U5225#U56e0#U7d20#U8a55#U50f9#U57fa#U6e96#U660e#U7d30#U8868.pdf,local_governments/tainan/evaluation_criteria/expanded/tainan_xinhua_land_office_regional_individual_0588_e2ad6778e0.pdf
local_governments/tainan/evaluation_criteria/tainan_xinhua_land_office_regional_individual_factor_criteria_2015/#U65b0#U5316#U6240(104#U5e74#U4e8c#U7248)/#U5de6#U93ae#U5340/#U4f4f#Ufa04#U7528#U5730/#U666e#U901a#U4f4f#Ufa04#U7528#U5730/#U5de6#U93ae#U5340#U5f71#U97ff#U4f4f#U5b85#U7528#U5730#U5340#U57df#U56e0#U7d20#U8a55#U50f9#U57fa#U6e96#U660e#U7d30#U8868.pdf,local_governments/tainan/evaluation_criteria/expanded/tainan_xinhua_land_office_regional_individual_0589_a3d071029d.pdf
local_governments/tainan/evaluation_criteria/tainan_xinhua_land_office_regional_individual_factor_criteria_2015/#U65b0#U5316#U6240(104#U5e74#U4e8c#U7248)/#U5de6#U93ae#U5340/#U4f4f#Ufa04#U7528#U5730/#U6751#Uf9e9#U9130#U4f4f#Ufa04#U7528#U5730/#U5de6#U93ae#U5340#U4f4f#U5b85#U7528#U5730#U5730#U50f9#U500b#U5225#U56e0#U7d20#U8a55#U50f9#U57fa#U6e96#U660e#U7d30#U8868.pdf,local_governments/tainan/evaluation_criteria/expanded/tainan_xinhua_land_office_regional_individual_0590_fb4d9ba66e.pdf
local_governments/tainan/evaluation_criteria/tainan_xinhua_land_office_regional_individual_factor_criteria_2015/#U65b0#U5316#U6240(104#U5e74#U4e8c#U7248)/#U5de6#U93ae#U5340/#U4f4f#Ufa04#U7528#U5730/#U6751#Uf9e9#U9130#U4f4f#Ufa04#U7528#U5730/#U5de6#U93ae#U5340#U5f71#U97ff#U6751#U91cc#U9130#U4f4f#U5b85#U7528#U5730#U5340#U57df#U56e0#U7d20#U8a55#U50f9#U57fa#U6e96#U660e#U7d30#U8868.pdf,local_governments/tainan/evaluation_criteria/expanded/tainan_xinhua_land_office_regional_individual_0591_c6294829c3.pdf
local_governments/tainan/evaluation_criteria/tainan_xinhua_land_office_regional_individual_factor_criteria_2015/#U65b0#U5316#U6240(104#U5e74#U4e8c#U7248)/#U5de6#U93ae#U5340/#U5176#U4ed6#U7528#U5730/#U5de6#U93ae#U5340#U5176#U4ed6#U7528#U5730#U5730#U50f9#U500b#U5225#U56e0#U7d20#U8a55#U50f9#U57fa#U6e96#U660e#U7d30#U8868.pdf,local_governments/tainan/evaluation_criteria/expanded/tainan_xinhua_land_office_regional_individual_0592_76a1171793.pdf
local_governments/tainan/evaluation_criteria/tainan_xinhua_land_office_regional_individual_factor_criteria_2015/#U65b0#U5316#U6240(104#U5e74#U4e8c#U7248)/#U5de6#U93ae#U5340/#U5176#U4ed6#U7528#U5730/#U5de6#U93ae#U5340#U5f71#U97ff#U5176#U4ed6#U7528#U5730#U5340#U57df#U56e0#U7d20#U8a55#U50f9#U57fa#U6e96#U660e#U7d30#U8868.pdf,local_governments/tainan/evaluation_criteria/expanded/tainan_xinhua_land_office_regional_individual_0593_e6b3493f5f.pdf
local_governments/tainan/evaluation_criteria/tainan_xinhua_land_office_regional_individual_factor_criteria_2015/#U65b0#U5316#U6240(104#U5e74#U4e8c#U7248)/#U5de6#U93ae#U5340/#U5546#U696d#U7528#U5730/#U5de6#U93ae#U5340#U5546#U696d#U7528#U5730#U5730#U50f9#U500b#U5225#U56e0#U7d20#U8a55#U50f9#U57fa#U6e96#U660e#U7d30#U8868.pdf,local_governments/tainan/evaluation_criteria/expanded/tainan_xinhua_land_office_regional_individual_0594_ff3cd72fae.pdf
local_governments/tainan/evaluation_criteria/tainan_xinhua_land_office_regional_individual_factor_criteria_2015/#U65b0#U5316#U6240(104#U5e74#U4e8c#U7248)/#U5de6#U93ae#U5340/#U5546#U696d#U7528#U5730/#U5de6#U93ae#U5340#U5f71#U97ff#U5546#U696d#U7528#U5730#U5340#U57df#U56e0#U7d20#U8a55#U50f9#U57fa#U6e96#U660e#U7d30#U8868.pdf,local_governments/tainan/evaluation_criteria/expanded/tainan_xinhua_land_office_regional_individual_0595_26ead108ac.pdf
local_governments/tainan/evaluation_criteria/tainan_xinhua_land_office_regional_individual_factor_criteria_2015/#U65b0#U5316#U6240(104#U5e74#U4e8c#U7248)/#U5de6#U93ae#U5340/#U5de5#U696d#U7528#U5730/#U5de6#U93ae#U5340#U5de5#U696d#U7528#U5730#U5730#U50f9#U500b#U5225#U56e0#U7d20#U8a55#U50f9#U57fa#U6e96#U660e#U7d30#U8868.pdf,local_governments/tainan/evaluation_criteria/expanded/tainan_xinhua_land_office_regional_individual_0596_4ce2f685ac.pdf
local_governments/tainan/evaluation_criteria/tainan_xinhua_land_office_regional_individual_factor_criteria_2015/#U65b0#U5316#U6240(104#U5e74#U4e8c#U7248)/#U5de6#U93ae#U5340/#U5de5#U696d#U7528#U5730/#U5de6#U93ae#U5340#U5f71#U97ff#U5de5#U696d#U7528#U5730#U5340#U57df#U56e0#U7d20#U8a55#U50f9#U57fa#U6e96#U660e#U7d30#U8868.pdf,local_governments/tainan/evaluation_criteria/expanded/tainan_xinhua_land_office_regional_individual_0597_1eba1ae14c.pdf
local_governments/tainan/evaluation_criteria/tainan_xinhua_land_office_regional_individual_factor_criteria_2015/#U65b0#U5316#U6240(104#U5e74#U4e8c#U7248)/#U5de6#U93ae#U5340/#U8fb2#U696d#U7528#U5730/#U5de6#U93ae#U5340#U5f71#U97ff#U8fb2#U696d#U7528#U5730#U5340#U57df#U56e0#U7d20#U8a55#U50f9#U57fa#U6e96#U660e#U7d30#U8868.pdf,local_governments/tainan/evaluation_criteria/expanded/tainan_xinhua_land_office_regional_individual_0598_ee69b5060f.pdf
local_governments/tainan/evaluation_criteria/tainan_xinhua_land_office_regional_individual_factor_criteria_2015/#U65b0#U5316#U6240(104#U5e74#U4e8c#U7248)/#U5de6#U93ae#U5340/#U8fb2#U696d#U7528#U5730/#U5de6#U93ae#U5340#U8fb2#U696d#U7528#U5730#U5340#U57df#U56e0#U7d20#U8a55#U50f9#U57fa#U6e96#U8868.pdf,local_governments/tainan/evaluation_criteria/expanded/tainan_xinhua_land_office_regional_individual_0599_67bce3e33a.pdf
local_governments/tainan/evaluation_criteria/tainan_xinhua_land_office_regional_individual_factor_criteria_2015/#U65b0#U5316#U6240(104#U5e74#U4e8c#U7248)/#U5de6#U93ae#U5340/#U8fb2#U696d#U7528#U5730/#U5de6#U93ae#U5340#U8fb2#U696d#U7528#U5730#U5730#U50f9#U500b#U5225#U56e0#U7d20#U8a55#U50f9#U57fa#U6e96#U660e#U7d30#U8868.pdf,local_governments/tainan/evaluation_criteria/expanded/tainan_xinhua_land_office_regional_individual_0600_2717ab4d77.pdf
local_governments/tainan/evaluation_criteria/tainan_xinhua_land_office_regional_individual_factor_criteria_2015/#U65b0#U5316#U6240(104#U5e74#U4e8c#U7248)/#U65b0#U5316#U5340/#U4f4f#Ufa04#U7528#U5730/#U666e#U901a#U4f4f#Ufa04#U7528#U5730/#U65b0#U5316#U5340#U4f4f#U5b85#U7528#U5730#U5730#U50f9#U500b#U5225#U56e0#U7d20#U8a55#U50f9#U57fa#U6e96#U660e#U7d30#U8868.pdf,local_governments/tainan/evaluation_criteria/expanded/tainan_xinhua_land_office_regional_individual_0601_458dd5ef13.pdf
local_governments/tainan/evaluation_criteria/tainan_xinhua_land_office_regional_individual_factor_criteria_2015/#U65b0#U5316#U6240(104#U5e74#U4e8c#U7248)/#U65b0#U5316#U5340/#U4f4f#Ufa04#U7528#U5730/#U666e#U901a#U4f4f#Ufa04#U7528#U5730/#U65b0#U5316#U5340#U5f71#U97ff#U4f4f#U5b85#U7528#U5730#U5340#U57df#U56e0#U7d20#U8a55#U50f9#U57fa#U6e96#U660e#U7d30#U8868.pdf,local_governments/tainan/evaluation_criteria/expanded/tainan_xinhua_land_office_regional_individual_0602_c8018ea807.pdf
local_governments/tainan/evaluation_criteria/tainan_xinhua_land_office_regional_individual_factor_criteria_2015/#U65b0#U5316#U6240(104#U5e74#U4e8c#U7248)/#U65b0#U5316#U5340/#U4f4f#Ufa04#U7528#U5730/#U6751#Uf9e9#U9130#U4f4f#Ufa04#U7528#U5730/#U65b0#U5316#U5340#U4f4f#U5b85#U7528#U5730#U5730#U50f9#U500b#U5225#U56e0#U7d20#U8a55#U50f9#U57fa#U6e96#U660e#U7d30#U8868.pdf,local_governments/tainan/evaluation_criteria/expanded/tainan_xinhua_land_office_regional_individual_0603_745db7cc22.pdf
local_governments/tainan/evaluation_criteria/tainan_xinhua_land_office_regional_individual_factor_criteria_2015/#U65b0#U5316#U6240(104#U5e74#U4e8c#U7248)/#U65b0#U5316#U5340/#U4f4f#Ufa04#U7528#U5730/#U6751#Uf9e9#U9130#U4f4f#Ufa04#U7528#U5730/#U65b0#U5316#U5340#U5f71#U97ff#U6751#U91cc#U9130#U4f4f#U5b85#U7528#U5730#U5340#U57df#U56e0#U7d20#U8a55#U50f9#U57fa#U6e96#U660e#U7d30#U8868.pdf,local_governments/tainan/evaluation_criteria/expanded/tainan_xinhua_land_office_regional_individual_0604_2dfc49e95b.pdf
local_governments/tainan/evaluation_criteria/tainan_xinhua_land_office_regional_individual_factor_criteria_2015/#U65b0#U5316#U6240(104#U5e74#U4e8c#U7248)/#U65b0#U5316#U5340/#U5176#U4ed6#U7528#U5730/#U65b0#U5316#U5340#U5176#U4ed6#U7528#U5730#U5730#U50f9#U500b#U5225#U56e0#U7d20#U8a55#U50f9#U57fa#U6e96#U660e#U7d30#U8868.pdf,local_governments/tainan/evaluation_criteria/expanded/tainan_xinhua_land_office_regional_individual_0605_893659d2e9.pdf
local_governments/tainan/evaluation_criteria/tainan_xinhua_land_office_regional_individual_factor_criteria_2015/#U65b0#U5316#U6240(104#U5e74#U4e8c#U7248)/#U65b0#U5316#U5340/#U5176#U4ed6#U7528#U5730/#U65b0#U5316#U5340#U5f71#U97ff#U5176#U4ed6#U7528#U5730#U5340#U57df#U56e0#U7d20#U8a55#U50f9#U57fa#U6e96#U660e#U7d30#U8868.pdf,local_governments/tainan/evaluation_criteria/expanded/tainan_xinhua_land_office_regional_individual_0606_86fbb25c09.pdf
local_governments/tainan/evaluation_criteria/tainan_xinhua_land_office_regional_individual_factor_criteria_2015/#U65b0#U5316#U6240(104#U5e74#U4e8c#U7248)/#U65b0#U5316#U5340/#U5546#U696d#U7528#U5730/#U65b0#U5316#U5340#U5546#U696d#U7528#U5730#U5730#U50f9#U500b#U5225#U56e0#U7d20#U8a55#U50f9#U57fa#U6e96#U660e#U7d30#U8868.pdf,local_governments/tainan/evaluation_criteria/expanded/tainan_xinhua_land_office_regional_individual_0607_b60e9a0d39.pdf
local_governments/tainan/evaluation_criteria/tainan_xinhua_land_office_regional_individual_factor_criteria_2015/#U65b0#U5316#U6240(104#U5e74#U4e8c#U7248)/#U65b0#U5316#U5340/#U5546#U696d#U7528#U5730/#U65b0#U5316#U5340#U5f71#U97ff#U5546#U696d#U7528#U5730#U5340#U57df#U56e0#U7d20#U8a55#U50f9#U57fa#U6e96#U660e#U7d30#U8868.pdf,local_governments/tainan/evaluation_criteria/expanded/tainan_xinhua_land_office_regional_individual_0608_e591d18eea.pdf
local_governments/tainan/evaluation_criteria/tainan_xinhua_land_office_regional_individual_factor_criteria_2015/#U65b0#U5316#U6240(104#U5e74#U4e8c#U7248)/#U65b0#U5316#U5340/#U5de5#U696d#U7528#U5730/#U65b0#U5316#U5340#U5de5#U696d#U7528#U5730#U5730#U50f9#U500b#U5225#U56e0#U7d20#U8a55#U50f9#U57fa#U6e96#U660e#U7d30#U8868.pdf,local_governments/tainan/evaluation_criteria/expanded/tainan_xinhua_land_office_regional_individual_0609_3d08be343e.pdf
local_governments/tainan/evaluation_criteria/tainan_xinhua_land_office_regional_individual_factor_criteria_2015/#U65b0#U5316#U6240(104#U5e74#U4e8c#U7248)/#U65b0#U5316#U5340/#U5de5#U696d#U7528#U5730/#U65b0#U5316#U5340#U5f71#U97ff#U5de5#U696d#U7528#U5730#U5340#U57df#U56e0#U7d20#U8a55#U50f9#U57fa#U6e96#U660e#U7d30#U8868.pdf,local_governments/tainan/evaluation_criteria/expanded/tainan_xinhua_land_office_regional_individual_0610_64289dd120.pdf
local_governments/tainan/evaluation_criteria/tainan_xinhua_land_office_regional_individual_factor_criteria_2015/#U65b0#U5316#U6240(104#U5e74#U4e8c#U7248)/#U65b0#U5316#U5340/#U8fb2#U696d#U7528#U5730/#U65b0#U5316#U5340#U5f71#U97ff#U8fb2#U696d#U7528#U5730#U5340#U57df#U56e0#U7d20#U8a55#U50f9#U57fa#U6e96#U660e#U7d30#U8868.pdf,local_governments/tainan/evaluation_criteria/expanded/tainan_xinhua_land_office_regional_individual_0611_1d912c0ce2.pdf
local_governments/tainan/evaluation_criteria/tainan_xinhua_land_office_regional_individual_factor_criteria_2015/#U65b0#U5316#U6240(104#U5e74#U4e8c#U7248)/#U65b0#U5316#U5340/#U8fb2#U696d#U7528#U5730/#U65b0#U5316#U5340#U8fb2#U696d#U7528#U5730#U5730#U50f9#U500b#U5225#U56e0#U7d20#U8a55#U50f9#U57fa#U6e96#U660e#U7d30#U8868.pdf,local_governments/tainan/evaluation_criteria/expanded/tainan_xinhua_land_office_regional_individual_0612_7fe077cef4.pdf
local_governments/tainan/evaluation_criteria/tainan_xinhua_land_office_regional_individual_factor_criteria_2015/#U65b0#U5316#U6240(104#U5e74#U4e8c#U7248)/#U65b0#U5e02#U5340/#U4f4f#Ufa04#U7528#U5730/#U666e#U901a#U4f4f#Ufa04#U7528#U5730/#U65b0#U5e02#U5340#U4f4f#U5b85#U7528#U5730#U5730#U50f9#U500b#U5225#U56e0#U7d20#U8a55#U50f9#U57fa#U6e96#U660e#U7d30#U8868.pdf,local_governments/tainan/evaluation_criteria/expanded/tainan_xinhua_land_office_regional_individual_0613_8486d4e62e.pdf
local_governments/tainan/evaluation_criteria/tainan_xinhua_land_office_regional_individual_factor_criteria_2015/#U65b0#U5316#U6240(104#U5e74#U4e8c#U7248)/#U65b0#U5e02#U5340/#U4f4f#Ufa04#U7528#U5730/#U666e#U901a#U4f4f#Ufa04#U7528#U5730/#U65b0#U5e02#U5340#U5f71#U97ff#U4f4f#U5b85#U7528#U5730#U5340#U57df#U56e0#U7d20#U8a55#U50f9#U57fa#U6e96#U660e#U7d30#U8868.pdf,local_governments/tainan/evaluation_criteria/expanded/tainan_xinhua_land_office_regional_individual_0614_05a7352d71.pdf
local_governments/tainan/evaluation_criteria/tainan_xinhua_land_office_regional_individual_factor_criteria_2015/#U65b0#U5316#U6240(104#U5e74#U4e8c#U7248)/#U65b0#U5e02#U5340/#U4f4f#Ufa04#U7528#U5730/#U6751#Uf9e9#U9130#U4f4f#Ufa04#U7528#U5730/#U65b0#U5e02#U5340#U4f4f#U5b85#U7528#U5730#U5730#U50f9#U500b#U5225#U56e0#U7d20#U8a55#U50f9#U57fa#U6e96#U660e#U7d30#U8868.pdf,local_governments/tainan/evaluation_criteria/expanded/tainan_xinhua_land_office_regional_individual_0615_c1e427e7ee.pdf
local_governments/tainan/evaluation_criteria/tainan_xinhua_land_office_regional_individual_factor_criteria_2015/#U65b0#U5316#U6240(104#U5e74#U4e8c#U7248)/#U65b0#U5e02#U5340/#U4f4f#Ufa04#U7528#U5730/#U6751#Uf9e9#U9130#U4f4f#Ufa04#U7528#U5730/#U65b0#U5e02#U5340#U5f71#U97ff#U6751#U91cc#U9130#U4f4f#U5b85#U7528#U5730#U5340#U57df#U56e0#U7d20#U8a55#U50f9#U57fa#U6e96#U660e#U7d30#U8868.pdf,local_governments/tainan/evaluation_criteria/expanded/tainan_xinhua_land_office_regional_individual_0616_a10ed338c8.pdf
local_governments/tainan/evaluation_criteria/tainan_xinhua_land_office_regional_individual_factor_criteria_2015/#U65b0#U5316#U6240(104#U5e74#U4e8c#U7248)/#U65b0#U5e02#U5340/#U5176#U4ed6#U7528#U5730/#U65b0#U5e02#U5340#U5176#U4ed6#U7528#U5730#U5730#U50f9#U500b#U5225#U56e0#U7d20#U8a55#U50f9#U57fa#U6e96#U660e#U7d30#U8868.pdf,local_governments/tainan/evaluation_criteria/expanded/tainan_xinhua_land_office_regional_individual_0617_4aa7de5ea4.pdf
local_governments/tainan/evaluation_criteria/tainan_xinhua_land_office_regional_individual_factor_criteria_2015/#U65b0#U5316#U6240(104#U5e74#U4e8c#U7248)/#U65b0#U5e02#U5340/#U5176#U4ed6#U7528#U5730/#U65b0#U5e02#U5340#U5f71#U97ff#U5176#U4ed6#U7528#U5730#U5340#U57df#U56e0#U7d20#U8a55#U50f9#U57fa#U6e96#U660e#U7d30#U8868.pdf,local_governments/tainan/evaluation_criteria/expanded/tainan_xinhua_land_office_regional_individual_0618_fe3beb466e.pdf
local_governments/tainan/evaluation_criteria/tainan_xinhua_land_office_regional_individual_factor_criteria_2015/#U65b0#U5316#U6240(104#U5e74#U4e8c#U7248)/#U65b0#U5e02#U5340/#U5546#U696d#U7528#U5730/#U65b0#U5e02#U5340#U5546#U696d#U7528#U5730#U5730#U50f9#U500b#U5225#U56e0#U7d20#U8a55#U50f9#U57fa#U6e96#U660e#U7d30#U8868.pdf,local_governments/tainan/evaluation_criteria/expanded/tainan_xinhua_land_office_regional_individual_0619_6f8aba6963.pdf
local_governments/tainan/evaluation_criteria/tainan_xinhua_land_office_regional_individual_factor_criteria_2015/#U65b0#U5316#U6240(104#U5e74#U4e8c#U7248)/#U65b0#U5e02#U5340/#U5546#U696d#U7528#U5730/#U65b0#U5e02#U5340#U5f71#U97ff#U5546#U696d#U7528#U5730#U5340#U57df#U56e0#U7d20#U8a55#U50f9#U57fa#U6e96#U660e#U7d30#U8868.pdf,local_governments/tainan/evaluation_criteria/expanded/tainan_xinhua_land_office_regional_individual_0620_0e9ee65195.pdf
local_governments/tainan/evaluation_criteria/tainan_xinhua_land_office_regional_individual_factor_criteria_2015/#U65b0#U5316#U6240(104#U5e74#U4e8c#U7248)/#U65b0#U5e02#U5340/#U5de5#U696d#U7528#U5730/#U65b0#U5e02#U5340#U5de5#U696d#U7528#U5730#U5730#U50f9#U500b#U5225#U56e0#U7d20#U8a55#U50f9#U57fa#U6e96#U660e#U7d30#U8868.pdf,local_governments/tainan/evaluation_criteria/expanded/tainan_xinhua_land_office_regional_individual_0621_2ecc7ec053.pdf
local_governments/tainan/evaluation_criteria/tainan_xinhua_land_office_regional_individual_factor_criteria_2015/#U65b0#U5316#U6240(104#U5e74#U4e8c#U7248)/#U65b0#U5e02#U5340/#U5de5#U696d#U7528#U5730/#U65b0#U5e02#U5340#U5f71#U97ff#U5de5#U696d#U7528#U5730#U5340#U57df#U56e0#U7d20#U8a55#U50f9#U57fa#U6e96#U660e#U7d30#U8868.pdf,local_governments/tainan/evaluation_criteria/expanded/tainan_xinhua_land_office_regional_individual_0622_229baa2d87.pdf
local_governments/tainan/evaluation_criteria/tainan_xinhua_land_office_regional_individual_factor_criteria_2015/#U65b0#U5316#U6240(104#U5e74#U4e8c#U7248)/#U65b0#U5e02#U5340/#U8fb2#U696d#U7528#U5730/#U65b0#U5e02#U5340#U5f71#U97ff#U8fb2#U696d#U7528#U5730#U5340#U57df#U56e0#U7d20#U8a55#U50f9#U57fa#U6e96#U660e#U7d30#U8868.pdf,local_governments/tainan/evaluation_criteria/expanded/tainan_xinhua_land_office_regional_individual_0623_d5484896b2.pdf
local_governments/tainan/evaluation_criteria/tainan_xinhua_land_office_regional_individual_factor_criteria_2015/#U65b0#U5316#U6240(104#U5e74#U4e8c#U7248)/#U65b0#U5e02#U5340/#U8fb2#U696d#U7528#U5730/#U65b0#U5e02#U5340#U8fb2#U696d#U7528#U5730#U5730#U50f9#U500b#U5225#U56e0#U7d20#U8a55#U50f9#U57fa#U6e96#U660e#U7d30#U8868.pdf,local_governments/tainan/evaluation_criteria/expanded/tainan_xinhua_land_office_regional_individual_0624_e21890820e.pdf
local_governments/tainan/evaluation_criteria/tainan_yanshui_land_office_regional_individual_factor_criteria_2019/#U9e7d#U6c34#U6240(108#U5e74#U66f4#U65b0#U7248)/#U65b0#U71df#U5340/#U4f4f#U5b85#U7528#U5730/#U666e#U901a#U4f4f#U5b85#U7528#U5730/#U666e#U901a#U4f4f#U5b85#U7528#U5730#U500b#U5225#U56e0#U7d20#U660e#U7d30#U8868.pdf,local_governments/tainan/evaluation_criteria/expanded/tainan_yanshui_land_office_regional_individua_0625_b1743015e9.pdf
local_governments/tainan/evaluation_criteria/tainan_yanshui_land_office_regional_individual_factor_criteria_2019/#U9e7d#U6c34#U6240(108#U5e74#U66f4#U65b0#U7248)/#U65b0#U71df#U5340/#U4f4f#U5b85#U7528#U5730/#U666e#U901a#U4f4f#U5b85#U7528#U5730/#U666e#U901a#U4f4f#U5b85#U7528#U5730#U500b#U5225#U56e0#U7d20#U660e#U7d30#U8868.xls,local_governments/tainan/evaluation_criteria/expanded/tainan_yanshui_land_office_regional_individua_0626_03267a7dbc.xls
local_governments/tainan/evaluation_criteria/tainan_yanshui_land_office_regional_individual_factor_criteria_2019/#U9e7d#U6c34#U6240(108#U5e74#U66f4#U65b0#U7248)/#U65b0#U71df#U5340/#U4f4f#U5b85#U7528#U5730/#U666e#U901a#U4f4f#U5b85#U7528#U5730/#U666e#U901a#U4f4f#U5b85#U7528#U5730#U5340#U57df#U56e0#U7d20#U660e#U7d30#U8868.pdf,local_governments/tainan/evaluation_criteria/expanded/tainan_yanshui_land_office_regional_individua_0627_feca3b99c1.pdf
local_governments/tainan/evaluation_criteria/tainan_yanshui_land_office_regional_individual_factor_criteria_2019/#U9e7d#U6c34#U6240(108#U5e74#U66f4#U65b0#U7248)/#U65b0#U71df#U5340/#U4f4f#U5b85#U7528#U5730/#U666e#U901a#U4f4f#U5b85#U7528#U5730/#U666e#U901a#U4f4f#U5b85#U7528#U5730#U5340#U57df#U56e0#U7d20#U660e#U7d30#U8868.xls,local_governments/tainan/evaluation_criteria/expanded/tainan_yanshui_land_office_regional_individua_0628_bc0ca830d0.xls
local_governments/tainan/evaluation_criteria/tainan_yanshui_land_office_regional_individual_factor_criteria_2019/#U9e7d#U6c34#U6240(108#U5e74#U66f4#U65b0#U7248)/#U65b0#U71df#U5340/#U4f4f#U5b85#U7528#U5730/#U6751#U91cc#U9130#U4f4f#U5b85#U7528#U5730/#U6751#U91cc#U9130#U4f4f#U5b85#U7528#U5730#U500b#U5225#U56e0#U7d20#U660e#U7d30#U8868.pdf,local_governments/tainan/evaluation_criteria/expanded/tainan_yanshui_land_office_regional_individua_0629_cf1d79c0a6.pdf
local_governments/tainan/evaluation_criteria/tainan_yanshui_land_office_regional_individual_factor_criteria_2019/#U9e7d#U6c34#U6240(108#U5e74#U66f4#U65b0#U7248)/#U65b0#U71df#U5340/#U4f4f#U5b85#U7528#U5730/#U6751#U91cc#U9130#U4f4f#U5b85#U7528#U5730/#U6751#U91cc#U9130#U4f4f#U5b85#U7528#U5730#U500b#U5225#U56e0#U7d20#U660e#U7d30#U8868.xls,local_governments/tainan/evaluation_criteria/expanded/tainan_yanshui_land_office_regional_individua_0630_ae2feff31b.xls
local_governments/tainan/evaluation_criteria/tainan_yanshui_land_office_regional_individual_factor_criteria_2019/#U9e7d#U6c34#U6240(108#U5e74#U66f4#U65b0#U7248)/#U65b0#U71df#U5340/#U4f4f#U5b85#U7528#U5730/#U6751#U91cc#U9130#U4f4f#U5b85#U7528#U5730/#U6751#U91cc#U9130#U4f4f#U5b85#U7528#U5730#U5340#U57df#U56e0#U7d20#U660e#U7d30#U8868.pdf,local_governments/tainan/evaluation_criteria/expanded/tainan_yanshui_land_office_regional_individua_0631_9e2e1d905e.pdf
local_governments/tainan/evaluation_criteria/tainan_yanshui_land_office_regional_individual_factor_criteria_2019/#U9e7d#U6c34#U6240(108#U5e74#U66f4#U65b0#U7248)/#U65b0#U71df#U5340/#U4f4f#U5b85#U7528#U5730/#U6751#U91cc#U9130#U4f4f#U5b85#U7528#U5730/#U6751#U91cc#U9130#U4f4f#U5b85#U7528#U5730#U5340#U57df#U56e0#U7d20#U660e#U7d30#U8868.xls,local_governments/tainan/evaluation_criteria/expanded/tainan_yanshui_land_office_regional_individua_0632_5b8128ecd6.xls
local_governments/tainan/evaluation_criteria/tainan_yanshui_land_office_regional_individual_factor_criteria_2019/#U9e7d#U6c34#U6240(108#U5e74#U66f4#U65b0#U7248)/#U65b0#U71df#U5340/#U5176#U4ed6#U7528#U5730/#U5176#U4ed6#U7528#U5730#U500b#U5225#U56e0#U7d20#U660e#U7d30#U8868.pdf,local_governments/tainan/evaluation_criteria/expanded/tainan_yanshui_land_office_regional_individua_0633_a0a1db205f.pdf
local_governments/tainan/evaluation_criteria/tainan_yanshui_land_office_regional_individual_factor_criteria_2019/#U9e7d#U6c34#U6240(108#U5e74#U66f4#U65b0#U7248)/#U65b0#U71df#U5340/#U5176#U4ed6#U7528#U5730/#U5176#U4ed6#U7528#U5730#U500b#U5225#U56e0#U7d20#U660e#U7d30#U8868.xls,local_governments/tainan/evaluation_criteria/expanded/tainan_yanshui_land_office_regional_individua_0634_e018b62201.xls
local_governments/tainan/evaluation_criteria/tainan_yanshui_land_office_regional_individual_factor_criteria_2019/#U9e7d#U6c34#U6240(108#U5e74#U66f4#U65b0#U7248)/#U65b0#U71df#U5340/#U5176#U4ed6#U7528#U5730/#U5176#U4ed6#U7528#U5730#U5340#U57df#U56e0#U7d20#U660e#U7d30#U8868.pdf,local_governments/tainan/evaluation_criteria/expanded/tainan_yanshui_land_office_regional_individua_0635_266d0a20c9.pdf
local_governments/tainan/evaluation_criteria/tainan_yanshui_land_office_regional_individual_factor_criteria_2019/#U9e7d#U6c34#U6240(108#U5e74#U66f4#U65b0#U7248)/#U65b0#U71df#U5340/#U5176#U4ed6#U7528#U5730/#U5176#U4ed6#U7528#U5730#U5340#U57df#U56e0#U7d20#U660e#U7d30#U8868.xls,local_governments/tainan/evaluation_criteria/expanded/tainan_yanshui_land_office_regional_individua_0636_849026a766.xls
local_governments/tainan/evaluation_criteria/tainan_yanshui_land_office_regional_individual_factor_criteria_2019/#U9e7d#U6c34#U6240(108#U5e74#U66f4#U65b0#U7248)/#U65b0#U71df#U5340/#U5546#U696d#U7528#U5730/#U666e#U901a#U5546#U696d#U7528#U5730/#U666e#U901a#U5546#U696d#U7528#U5730#U500b#U5225#U56e0#U7d20#U660e#U7d30#U8868.pdf,local_governments/tainan/evaluation_criteria/expanded/tainan_yanshui_land_office_regional_individua_0637_47968f1e9c.pdf
local_governments/tainan/evaluation_criteria/tainan_yanshui_land_office_regional_individual_factor_criteria_2019/#U9e7d#U6c34#U6240(108#U5e74#U66f4#U65b0#U7248)/#U65b0#U71df#U5340/#U5546#U696d#U7528#U5730/#U666e#U901a#U5546#U696d#U7528#U5730/#U666e#U901a#U5546#U696d#U7528#U5730#U500b#U5225#U56e0#U7d20#U660e#U7d30#U8868.xls,local_governments/tainan/evaluation_criteria/expanded/tainan_yanshui_land_office_regional_individua_0638_3d85ec8c85.xls
local_governments/tainan/evaluation_criteria/tainan_yanshui_land_office_regional_individual_factor_criteria_2019/#U9e7d#U6c34#U6240(108#U5e74#U66f4#U65b0#U7248)/#U65b0#U71df#U5340/#U5546#U696d#U7528#U5730/#U666e#U901a#U5546#U696d#U7528#U5730/#U666e#U901a#U5546#U696d#U7528#U5730#U5340#U57df#U56e0#U7d20#U660e#U7d30#U8868.pdf,local_governments/tainan/evaluation_criteria/expanded/tainan_yanshui_land_office_regional_individua_0639_e9ee95d38d.pdf
local_governments/tainan/evaluation_criteria/tainan_yanshui_land_office_regional_individual_factor_criteria_2019/#U9e7d#U6c34#U6240(108#U5e74#U66f4#U65b0#U7248)/#U65b0#U71df#U5340/#U5546#U696d#U7528#U5730/#U666e#U901a#U5546#U696d#U7528#U5730/#U666e#U901a#U5546#U696d#U7528#U5730#U5340#U57df#U56e0#U7d20#U660e#U7d30#U8868.xls,local_governments/tainan/evaluation_criteria/expanded/tainan_yanshui_land_office_regional_individua_0640_8dd6adda3b.xls
local_governments/tainan/evaluation_criteria/tainan_yanshui_land_office_regional_individual_factor_criteria_2019/#U9e7d#U6c34#U6240(108#U5e74#U66f4#U65b0#U7248)/#U65b0#U71df#U5340/#U5de5#U696d#U7528#U5730/#U4e2d#U5c0f#U898f#U6a21#U5de5#U696d#U7528#U5730/#U4e2d#U5c0f#U898f#U6a21#U5de5#U696d#U7528#U5730#U500b#U5225#U56e0#U7d20#U660e#U7d30#U8868.pdf,local_governments/tainan/evaluation_criteria/expanded/tainan_yanshui_land_office_regional_individua_0641_df3768256c.pdf
local_governments/tainan/evaluation_criteria/tainan_yanshui_land_office_regional_individual_factor_criteria_2019/#U9e7d#U6c34#U6240(108#U5e74#U66f4#U65b0#U7248)/#U65b0#U71df#U5340/#U5de5#U696d#U7528#U5730/#U4e2d#U5c0f#U898f#U6a21#U5de5#U696d#U7528#U5730/#U4e2d#U5c0f#U898f#U6a21#U5de5#U696d#U7528#U5730#U500b#U5225#U56e0#U7d20#U660e#U7d30#U8868.xls,local_governments/tainan/evaluation_criteria/expanded/tainan_yanshui_land_office_regional_individua_0642_3da24bb755.xls
local_governments/tainan/evaluation_criteria/tainan_yanshui_land_office_regional_individual_factor_criteria_2019/#U9e7d#U6c34#U6240(108#U5e74#U66f4#U65b0#U7248)/#U65b0#U71df#U5340/#U5de5#U696d#U7528#U5730/#U4e2d#U5c0f#U898f#U6a21#U5de5#U696d#U7528#U5730/#U4e2d#U5c0f#U898f#U6a21#U5de5#U696d#U7528#U5730#U5340#U57df#U56e0#U7d20#U660e#U7d30#U8868.pdf,local_governments/tainan/evaluation_criteria/expanded/tainan_yanshui_land_office_regional_individua_0643_a391e299f8.pdf
local_governments/tainan/evaluation_criteria/tainan_yanshui_land_office_regional_individual_factor_criteria_2019/#U9e7d#U6c34#U6240(108#U5e74#U66f4#U65b0#U7248)/#U65b0#U71df#U5340/#U5de5#U696d#U7528#U5730/#U4e2d#U5c0f#U898f#U6a21#U5de5#U696d#U7528#U5730/#U4e2d#U5c0f#U898f#U6a21#U5de5#U696d#U7528#U5730#U5340#U57df#U56e0#U7d20#U660e#U7d30#U8868.xls,local_governments/tainan/evaluation_criteria/expanded/tainan_yanshui_land_office_regional_individua_0644_183b7d1027.xls
local_governments/tainan/evaluation_criteria/tainan_yanshui_land_office_regional_individual_factor_criteria_2019/#U9e7d#U6c34#U6240(108#U5e74#U66f4#U65b0#U7248)/#U65b0#U71df#U5340/#U8fb2#U696d#U7528#U5730/#U8fb2#U696d#U7528#U5730#U500b#U5225#U56e0#U7d20#U660e#U7d30#U8868.pdf,local_governments/tainan/evaluation_criteria/expanded/tainan_yanshui_land_office_regional_individua_0645_c3c230c7c2.pdf
local_governments/tainan/evaluation_criteria/tainan_yanshui_land_office_regional_individual_factor_criteria_2019/#U9e7d#U6c34#U6240(108#U5e74#U66f4#U65b0#U7248)/#U65b0#U71df#U5340/#U8fb2#U696d#U7528#U5730/#U8fb2#U696d#U7528#U5730#U500b#U5225#U56e0#U7d20#U660e#U7d30#U8868.xls,local_governments/tainan/evaluation_criteria/expanded/tainan_yanshui_land_office_regional_individua_0646_b09d68e8e9.xls
local_governments/tainan/evaluation_criteria/tainan_yanshui_land_office_regional_individual_factor_criteria_2019/#U9e7d#U6c34#U6240(108#U5e74#U66f4#U65b0#U7248)/#U65b0#U71df#U5340/#U8fb2#U696d#U7528#U5730/#U8fb2#U696d#U7528#U5730#U5340#U57df#U56e0#U7d20#U660e#U7d30#U8868.pdf,local_governments/tainan/evaluation_criteria/expanded/tainan_yanshui_land_office_regional_individua_0647_4b57fa54d0.pdf
local_governments/tainan/evaluation_criteria/tainan_yanshui_land_office_regional_individual_factor_criteria_2019/#U9e7d#U6c34#U6240(108#U5e74#U66f4#U65b0#U7248)/#U65b0#U71df#U5340/#U8fb2#U696d#U7528#U5730/#U8fb2#U696d#U7528#U5730#U5340#U57df#U56e0#U7d20#U660e#U7d30#U8868.xls,local_governments/tainan/evaluation_criteria/expanded/tainan_yanshui_land_office_regional_individua_0648_96a54545c9.xls
local_governments/tainan/evaluation_criteria/tainan_yanshui_land_office_regional_individual_factor_criteria_2019/#U9e7d#U6c34#U6240(108#U5e74#U66f4#U65b0#U7248)/#U67f3#U71df#U5340/#U4f4f#U5b85#U7528#U5730/#U666e#U901a#U4f4f#U5b85#U7528#U5730/#U666e#U901a#U4f4f#U5b85#U7528#U5730#U500b#U5225#U56e0#U7d20#U660e#U7d30#U8868.pdf,local_governments/tainan/evaluation_criteria/expanded/tainan_yanshui_land_office_regional_individua_0649_db1e23085a.pdf
local_governments/tainan/evaluation_criteria/tainan_yanshui_land_office_regional_individual_factor_criteria_2019/#U9e7d#U6c34#U6240(108#U5e74#U66f4#U65b0#U7248)/#U67f3#U71df#U5340/#U4f4f#U5b85#U7528#U5730/#U666e#U901a#U4f4f#U5b85#U7528#U5730/#U666e#U901a#U4f4f#U5b85#U7528#U5730#U500b#U5225#U56e0#U7d20#U660e#U7d30#U8868.xls,local_governments/tainan/evaluation_criteria/expanded/tainan_yanshui_land_office_regional_individua_0650_417a311f79.xls
local_governments/tainan/evaluation_criteria/tainan_yanshui_land_office_regional_individual_factor_criteria_2019/#U9e7d#U6c34#U6240(108#U5e74#U66f4#U65b0#U7248)/#U67f3#U71df#U5340/#U4f4f#U5b85#U7528#U5730/#U666e#U901a#U4f4f#U5b85#U7528#U5730/#U666e#U901a#U4f4f#U5b85#U7528#U5730#U5340#U57df#U56e0#U7d20#U660e#U7d30#U8868.pdf,local_governments/tainan/evaluation_criteria/expanded/tainan_yanshui_land_office_regional_individua_0651_4abe2dc741.pdf
local_governments/tainan/evaluation_criteria/tainan_yanshui_land_office_regional_individual_factor_criteria_2019/#U9e7d#U6c34#U6240(108#U5e74#U66f4#U65b0#U7248)/#U67f3#U71df#U5340/#U4f4f#U5b85#U7528#U5730/#U666e#U901a#U4f4f#U5b85#U7528#U5730/#U666e#U901a#U4f4f#U5b85#U7528#U5730#U5340#U57df#U56e0#U7d20#U660e#U7d30#U8868.xls,local_governments/tainan/evaluation_criteria/expanded/tainan_yanshui_land_office_regional_individua_0652_ea941cf3b4.xls
local_governments/tainan/evaluation_criteria/tainan_yanshui_land_office_regional_individual_factor_criteria_2019/#U9e7d#U6c34#U6240(108#U5e74#U66f4#U65b0#U7248)/#U67f3#U71df#U5340/#U4f4f#U5b85#U7528#U5730/#U6751#U91cc#U9130#U4f4f#U5b85#U7528#U5730/#U6751#U91cc#U9130#U4f4f#U5b85#U7528#U5730#U500b#U5225#U56e0#U7d20#U660e#U7d30#U8868.pdf,local_governments/tainan/evaluation_criteria/expanded/tainan_yanshui_land_office_regional_individua_0653_9cd1f18067.pdf
local_governments/tainan/evaluation_criteria/tainan_yanshui_land_office_regional_individual_factor_criteria_2019/#U9e7d#U6c34#U6240(108#U5e74#U66f4#U65b0#U7248)/#U67f3#U71df#U5340/#U4f4f#U5b85#U7528#U5730/#U6751#U91cc#U9130#U4f4f#U5b85#U7528#U5730/#U6751#U91cc#U9130#U4f4f#U5b85#U7528#U5730#U500b#U5225#U56e0#U7d20#U660e#U7d30#U8868.xls,local_governments/tainan/evaluation_criteria/expanded/tainan_yanshui_land_office_regional_individua_0654_44af38a876.xls
local_governments/tainan/evaluation_criteria/tainan_yanshui_land_office_regional_individual_factor_criteria_2019/#U9e7d#U6c34#U6240(108#U5e74#U66f4#U65b0#U7248)/#U67f3#U71df#U5340/#U4f4f#U5b85#U7528#U5730/#U6751#U91cc#U9130#U4f4f#U5b85#U7528#U5730/#U6751#U91cc#U9130#U4f4f#U5b85#U7528#U5730#U5340#U57df#U56e0#U7d20#U660e#U7d30#U8868.pdf,local_governments/tainan/evaluation_criteria/expanded/tainan_yanshui_land_office_regional_individua_0655_fbbdbbe345.pdf
local_governments/tainan/evaluation_criteria/tainan_yanshui_land_office_regional_individual_factor_criteria_2019/#U9e7d#U6c34#U6240(108#U5e74#U66f4#U65b0#U7248)/#U67f3#U71df#U5340/#U4f4f#U5b85#U7528#U5730/#U6751#U91cc#U9130#U4f4f#U5b85#U7528#U5730/#U6751#U91cc#U9130#U4f4f#U5b85#U7528#U5730#U5340#U57df#U56e0#U7d20#U660e#U7d30#U8868.xls,local_governments/tainan/evaluation_criteria/expanded/tainan_yanshui_land_office_regional_individua_0656_12ef43c85b.xls
local_governments/tainan/evaluation_criteria/tainan_yanshui_land_office_regional_individual_factor_criteria_2019/#U9e7d#U6c34#U6240(108#U5e74#U66f4#U65b0#U7248)/#U67f3#U71df#U5340/#U5176#U4ed6#U7528#U5730/#U5176#U4ed6#U7528#U5730#U500b#U5225#U56e0#U7d20#U660e#U7d30#U8868.pdf,local_governments/tainan/evaluation_criteria/expanded/tainan_yanshui_land_office_regional_individua_0657_fb9536fbbe.pdf
local_governments/tainan/evaluation_criteria/tainan_yanshui_land_office_regional_individual_factor_criteria_2019/#U9e7d#U6c34#U6240(108#U5e74#U66f4#U65b0#U7248)/#U67f3#U71df#U5340/#U5176#U4ed6#U7528#U5730/#U5176#U4ed6#U7528#U5730#U500b#U5225#U56e0#U7d20#U660e#U7d30#U8868.xls,local_governments/tainan/evaluation_criteria/expanded/tainan_yanshui_land_office_regional_individua_0658_69af7c8943.xls
local_governments/tainan/evaluation_criteria/tainan_yanshui_land_office_regional_individual_factor_criteria_2019/#U9e7d#U6c34#U6240(108#U5e74#U66f4#U65b0#U7248)/#U67f3#U71df#U5340/#U5176#U4ed6#U7528#U5730/#U5176#U4ed6#U7528#U5730#U5340#U57df#U56e0#U7d20#U660e#U7d30#U8868.pdf,local_governments/tainan/evaluation_criteria/expanded/tainan_yanshui_land_office_regional_individua_0659_614d659014.pdf
local_governments/tainan/evaluation_criteria/tainan_yanshui_land_office_regional_individual_factor_criteria_2019/#U9e7d#U6c34#U6240(108#U5e74#U66f4#U65b0#U7248)/#U67f3#U71df#U5340/#U5176#U4ed6#U7528#U5730/#U5176#U4ed6#U7528#U5730#U5340#U57df#U56e0#U7d20#U660e#U7d30#U8868.xls,local_governments/tainan/evaluation_criteria/expanded/tainan_yanshui_land_office_regional_individua_0660_5287857fe6.xls
local_governments/tainan/evaluation_criteria/tainan_yanshui_land_office_regional_individual_factor_criteria_2019/#U9e7d#U6c34#U6240(108#U5e74#U66f4#U65b0#U7248)/#U67f3#U71df#U5340/#U5546#U696d#U7528#U5730/#U666e#U901a#U5546#U696d#U7528#U5730/#U666e#U901a#U5546#U696d#U7528#U5730#U500b#U5225#U56e0#U7d20#U660e#U7d30#U8868.pdf,local_governments/tainan/evaluation_criteria/expanded/tainan_yanshui_land_office_regional_individua_0661_841a875da1.pdf
local_governments/tainan/evaluation_criteria/tainan_yanshui_land_office_regional_individual_factor_criteria_2019/#U9e7d#U6c34#U6240(108#U5e74#U66f4#U65b0#U7248)/#U67f3#U71df#U5340/#U5546#U696d#U7528#U5730/#U666e#U901a#U5546#U696d#U7528#U5730/#U666e#U901a#U5546#U696d#U7528#U5730#U500b#U5225#U56e0#U7d20#U660e#U7d30#U8868.xls,local_governments/tainan/evaluation_criteria/expanded/tainan_yanshui_land_office_regional_individua_0662_fff2438221.xls
local_governments/tainan/evaluation_criteria/tainan_yanshui_land_office_regional_individual_factor_criteria_2019/#U9e7d#U6c34#U6240(108#U5e74#U66f4#U65b0#U7248)/#U67f3#U71df#U5340/#U5546#U696d#U7528#U5730/#U666e#U901a#U5546#U696d#U7528#U5730/#U666e#U901a#U5546#U696d#U7528#U5730#U5340#U57df#U56e0#U7d20#U660e#U7d30#U8868.pdf,local_governments/tainan/evaluation_criteria/expanded/tainan_yanshui_land_office_regional_individua_0663_e3d1deddd3.pdf
local_governments/tainan/evaluation_criteria/tainan_yanshui_land_office_regional_individual_factor_criteria_2019/#U9e7d#U6c34#U6240(108#U5e74#U66f4#U65b0#U7248)/#U67f3#U71df#U5340/#U5546#U696d#U7528#U5730/#U666e#U901a#U5546#U696d#U7528#U5730/#U666e#U901a#U5546#U696d#U7528#U5730#U5340#U57df#U56e0#U7d20#U660e#U7d30#U8868.xls,local_governments/tainan/evaluation_criteria/expanded/tainan_yanshui_land_office_regional_individua_0664_095a7ed977.xls
local_governments/tainan/evaluation_criteria/tainan_yanshui_land_office_regional_individual_factor_criteria_2019/#U9e7d#U6c34#U6240(108#U5e74#U66f4#U65b0#U7248)/#U67f3#U71df#U5340/#U5de5#U696d#U7528#U5730/#U4e2d#U5c0f#U898f#U6a21#U5de5#U696d#U7528#U5730/#U4e2d#U5c0f#U898f#U6a21#U5de5#U696d#U7528#U5730#U500b#U5225#U56e0#U7d20#U660e#U7d30#U8868.pdf,local_governments/tainan/evaluation_criteria/expanded/tainan_yanshui_land_office_regional_individua_0665_ccc6aa94a1.pdf
local_governments/tainan/evaluation_criteria/tainan_yanshui_land_office_regional_individual_factor_criteria_2019/#U9e7d#U6c34#U6240(108#U5e74#U66f4#U65b0#U7248)/#U67f3#U71df#U5340/#U5de5#U696d#U7528#U5730/#U4e2d#U5c0f#U898f#U6a21#U5de5#U696d#U7528#U5730/#U4e2d#U5c0f#U898f#U6a21#U5de5#U696d#U7528#U5730#U500b#U5225#U56e0#U7d20#U660e#U7d30#U8868.xls,local_governments/tainan/evaluation_criteria/expanded/tainan_yanshui_land_office_regional_individua_0666_a536258af5.xls
local_governments/tainan/evaluation_criteria/tainan_yanshui_land_office_regional_individual_factor_criteria_2019/#U9e7d#U6c34#U6240(108#U5e74#U66f4#U65b0#U7248)/#U67f3#U71df#U5340/#U5de5#U696d#U7528#U5730/#U4e2d#U5c0f#U898f#U6a21#U5de5#U696d#U7528#U5730/#U4e2d#U5c0f#U898f#U6a21#U5de5#U696d#U7528#U5730#U5340#U57df#U56e0#U7d20#U660e#U7d30#U8868.pdf,local_governments/tainan/evaluation_criteria/expanded/tainan_yanshui_land_office_regional_individua_0667_1c11ee52cb.pdf
local_governments/tainan/evaluation_criteria/tainan_yanshui_land_office_regional_individual_factor_criteria_2019/#U9e7d#U6c34#U6240(108#U5e74#U66f4#U65b0#U7248)/#U67f3#U71df#U5340/#U5de5#U696d#U7528#U5730/#U4e2d#U5c0f#U898f#U6a21#U5de5#U696d#U7528#U5730/#U4e2d#U5c0f#U898f#U6a21#U5de5#U696d#U7528#U5730#U5340#U57df#U56e0#U7d20#U660e#U7d30#U8868.xls,local_governments/tainan/evaluation_criteria/expanded/tainan_yanshui_land_office_regional_individua_0668_abcba74b52.xls
local_governments/tainan/evaluation_criteria/tainan_yanshui_land_office_regional_individual_factor_criteria_2019/#U9e7d#U6c34#U6240(108#U5e74#U66f4#U65b0#U7248)/#U67f3#U71df#U5340/#U8fb2#U696d#U7528#U5730/#U8fb2#U696d#U7528#U5730#U500b#U5225#U56e0#U7d20#U660e#U7d30#U8868.pdf,local_governments/tainan/evaluation_criteria/expanded/tainan_yanshui_land_office_regional_individua_0669_2669eded3f.pdf
local_governments/tainan/evaluation_criteria/tainan_yanshui_land_office_regional_individual_factor_criteria_2019/#U9e7d#U6c34#U6240(108#U5e74#U66f4#U65b0#U7248)/#U67f3#U71df#U5340/#U8fb2#U696d#U7528#U5730/#U8fb2#U696d#U7528#U5730#U500b#U5225#U56e0#U7d20#U660e#U7d30#U8868.xls,local_governments/tainan/evaluation_criteria/expanded/tainan_yanshui_land_office_regional_individua_0670_35ea58339b.xls
local_governments/tainan/evaluation_criteria/tainan_yanshui_land_office_regional_individual_factor_criteria_2019/#U9e7d#U6c34#U6240(108#U5e74#U66f4#U65b0#U7248)/#U67f3#U71df#U5340/#U8fb2#U696d#U7528#U5730/#U8fb2#U696d#U7528#U5730#U5340#U57df#U56e0#U7d20#U660e#U7d30#U8868.pdf,local_governments/tainan/evaluation_criteria/expanded/tainan_yanshui_land_office_regional_individua_0671_568f079d17.pdf
local_governments/tainan/evaluation_criteria/tainan_yanshui_land_office_regional_individual_factor_criteria_2019/#U9e7d#U6c34#U6240(108#U5e74#U66f4#U65b0#U7248)/#U67f3#U71df#U5340/#U8fb2#U696d#U7528#U5730/#U8fb2#U696d#U7528#U5730#U5340#U57df#U56e0#U7d20#U660e#U7d30#U8868.xls,local_governments/tainan/evaluation_criteria/expanded/tainan_yanshui_land_office_regional_individua_0672_345e735a18.xls
local_governments/tainan/evaluation_criteria/tainan_yanshui_land_office_regional_individual_factor_criteria_2019/#U9e7d#U6c34#U6240(108#U5e74#U66f4#U65b0#U7248)/#U9e7d#U6c34#U5340/#U4f4f#U5b85#U7528#U5730/#U666e#U901a#U4f4f#U5b85#U7528#U5730/#U9e7d#U6c34#U5340#U4f4f#U5b85#U7528#U5730#U500b#U5225.pdf,local_governments/tainan/evaluation_criteria/expanded/tainan_yanshui_land_office_regional_individua_0673_5a6f184a43.pdf
local_governments/tainan/evaluation_criteria/tainan_yanshui_land_office_regional_individual_factor_criteria_2019/#U9e7d#U6c34#U6240(108#U5e74#U66f4#U65b0#U7248)/#U9e7d#U6c34#U5340/#U4f4f#U5b85#U7528#U5730/#U666e#U901a#U4f4f#U5b85#U7528#U5730/#U9e7d#U6c34#U5340#U4f4f#U5b85#U7528#U5730#U500b#U5225.xls,local_governments/tainan/evaluation_criteria/expanded/tainan_yanshui_land_office_regional_individua_0674_47e4989854.xls
local_governments/tainan/evaluation_criteria/tainan_yanshui_land_office_regional_individual_factor_criteria_2019/#U9e7d#U6c34#U6240(108#U5e74#U66f4#U65b0#U7248)/#U9e7d#U6c34#U5340/#U4f4f#U5b85#U7528#U5730/#U666e#U901a#U4f4f#U5b85#U7528#U5730/#U9e7d#U6c34#U5340#U666e#U901a#U4f4f#U5b85#U7528#U5730#U5340#U57df.pdf,local_governments/tainan/evaluation_criteria/expanded/tainan_yanshui_land_office_regional_individua_0675_65d792e528.pdf
local_governments/tainan/evaluation_criteria/tainan_yanshui_land_office_regional_individual_factor_criteria_2019/#U9e7d#U6c34#U6240(108#U5e74#U66f4#U65b0#U7248)/#U9e7d#U6c34#U5340/#U4f4f#U5b85#U7528#U5730/#U666e#U901a#U4f4f#U5b85#U7528#U5730/#U9e7d#U6c34#U5340#U666e#U901a#U4f4f#U5b85#U7528#U5730#U5340#U57df.xls,local_governments/tainan/evaluation_criteria/expanded/tainan_yanshui_land_office_regional_individua_0676_d6dd10681c.xls
local_governments/tainan/evaluation_criteria/tainan_yanshui_land_office_regional_individual_factor_criteria_2019/#U9e7d#U6c34#U6240(108#U5e74#U66f4#U65b0#U7248)/#U9e7d#U6c34#U5340/#U4f4f#U5b85#U7528#U5730/#U6751#U91cc#U9130#U4f4f#U5b85#U7528#U5730/#U9e7d#U6c34#U5340#U4f4f#U5b85#U7528#U5730#U500b#U5225.pdf,local_governments/tainan/evaluation_criteria/expanded/tainan_yanshui_land_office_regional_individua_0677_13d0546f61.pdf
local_governments/tainan/evaluation_criteria/tainan_yanshui_land_office_regional_individual_factor_criteria_2019/#U9e7d#U6c34#U6240(108#U5e74#U66f4#U65b0#U7248)/#U9e7d#U6c34#U5340/#U4f4f#U5b85#U7528#U5730/#U6751#U91cc#U9130#U4f4f#U5b85#U7528#U5730/#U9e7d#U6c34#U5340#U4f4f#U5b85#U7528#U5730#U500b#U5225.xls,local_governments/tainan/evaluation_criteria/expanded/tainan_yanshui_land_office_regional_individua_0678_defaa2b806.xls
local_governments/tainan/evaluation_criteria/tainan_yanshui_land_office_regional_individual_factor_criteria_2019/#U9e7d#U6c34#U6240(108#U5e74#U66f4#U65b0#U7248)/#U9e7d#U6c34#U5340/#U4f4f#U5b85#U7528#U5730/#U6751#U91cc#U9130#U4f4f#U5b85#U7528#U5730/#U9e7d#U6c34#U5340#U6751#U91cc#U9130#U4f4f#U5b85#U7528#U5730#U5340#U57df.pdf,local_governments/tainan/evaluation_criteria/expanded/tainan_yanshui_land_office_regional_individua_0679_2826446f96.pdf
local_governments/tainan/evaluation_criteria/tainan_yanshui_land_office_regional_individual_factor_criteria_2019/#U9e7d#U6c34#U6240(108#U5e74#U66f4#U65b0#U7248)/#U9e7d#U6c34#U5340/#U4f4f#U5b85#U7528#U5730/#U6751#U91cc#U9130#U4f4f#U5b85#U7528#U5730/#U9e7d#U6c34#U5340#U6751#U91cc#U9130#U4f4f#U5b85#U7528#U5730#U5340#U57df.xls,local_governments/tainan/evaluation_criteria/expanded/tainan_yanshui_land_office_regional_individua_0680_6ed47633ad.xls
local_governments/tainan/evaluation_criteria/tainan_yanshui_land_office_regional_individual_factor_criteria_2019/#U9e7d#U6c34#U6240(108#U5e74#U66f4#U65b0#U7248)/#U9e7d#U6c34#U5340/#U5176#U4ed6#U7528#U5730/#U9e7d#U6c34#U5340#U5176#U4ed6#U7528#U5730#U500b#U5225.pdf,local_governments/tainan/evaluation_criteria/expanded/tainan_yanshui_land_office_regional_individua_0681_6c96a46a68.pdf
local_governments/tainan/evaluation_criteria/tainan_yanshui_land_office_regional_individual_factor_criteria_2019/#U9e7d#U6c34#U6240(108#U5e74#U66f4#U65b0#U7248)/#U9e7d#U6c34#U5340/#U5176#U4ed6#U7528#U5730/#U9e7d#U6c34#U5340#U5176#U4ed6#U7528#U5730#U500b#U5225.xls,local_governments/tainan/evaluation_criteria/expanded/tainan_yanshui_land_office_regional_individua_0682_8936b5de46.xls
local_governments/tainan/evaluation_criteria/tainan_yanshui_land_office_regional_individual_factor_criteria_2019/#U9e7d#U6c34#U6240(108#U5e74#U66f4#U65b0#U7248)/#U9e7d#U6c34#U5340/#U5176#U4ed6#U7528#U5730/#U9e7d#U6c34#U5340#U5176#U4ed6#U7528#U5730#U5340#U57df.pdf,local_governments/tainan/evaluation_criteria/expanded/tainan_yanshui_land_office_regional_individua_0683_0135a2e06e.pdf
local_governments/tainan/evaluation_criteria/tainan_yanshui_land_office_regional_individual_factor_criteria_2019/#U9e7d#U6c34#U6240(108#U5e74#U66f4#U65b0#U7248)/#U9e7d#U6c34#U5340/#U5176#U4ed6#U7528#U5730/#U9e7d#U6c34#U5340#U5176#U4ed6#U7528#U5730#U5340#U57df.xls,local_governments/tainan/evaluation_criteria/expanded/tainan_yanshui_land_office_regional_individua_0684_06104bd3a1.xls
local_governments/tainan/evaluation_criteria/tainan_yanshui_land_office_regional_individual_factor_criteria_2019/#U9e7d#U6c34#U6240(108#U5e74#U66f4#U65b0#U7248)/#U9e7d#U6c34#U5340/#U5546#U696d#U7528#U5730/#U666e#U901a#U5546#U696d#U7528#U5730/#U9e7d#U6c34#U5340#U5546#U696d#U7528#U5730#U500b#U5225.pdf,local_governments/tainan/evaluation_criteria/expanded/tainan_yanshui_land_office_regional_individua_0685_6580d32a52.pdf
local_governments/tainan/evaluation_criteria/tainan_yanshui_land_office_regional_individual_factor_criteria_2019/#U9e7d#U6c34#U6240(108#U5e74#U66f4#U65b0#U7248)/#U9e7d#U6c34#U5340/#U5546#U696d#U7528#U5730/#U666e#U901a#U5546#U696d#U7528#U5730/#U9e7d#U6c34#U5340#U5546#U696d#U7528#U5730#U500b#U5225.xls,local_governments/tainan/evaluation_criteria/expanded/tainan_yanshui_land_office_regional_individua_0686_e79e791d9f.xls
local_governments/tainan/evaluation_criteria/tainan_yanshui_land_office_regional_individual_factor_criteria_2019/#U9e7d#U6c34#U6240(108#U5e74#U66f4#U65b0#U7248)/#U9e7d#U6c34#U5340/#U5546#U696d#U7528#U5730/#U666e#U901a#U5546#U696d#U7528#U5730/#U9e7d#U6c34#U5340#U666e#U901a#U5546#U696d#U7528#U5730#U5340#U57df.pdf,local_governments/tainan/evaluation_criteria/expanded/tainan_yanshui_land_office_regional_individua_0687_318d2fb023.pdf
local_governments/tainan/evaluation_criteria/tainan_yanshui_land_office_regional_individual_factor_criteria_2019/#U9e7d#U6c34#U6240(108#U5e74#U66f4#U65b0#U7248)/#U9e7d#U6c34#U5340/#U5546#U696d#U7528#U5730/#U666e#U901a#U5546#U696d#U7528#U5730/#U9e7d#U6c34#U5340#U666e#U901a#U5546#U696d#U7528#U5730#U5340#U57df.xls,local_governments/tainan/evaluation_criteria/expanded/tainan_yanshui_land_office_regional_individua_0688_d1e9b2b46e.xls
local_governments/tainan/evaluation_criteria/tainan_yanshui_land_office_regional_individual_factor_criteria_2019/#U9e7d#U6c34#U6240(108#U5e74#U66f4#U65b0#U7248)/#U9e7d#U6c34#U5340/#U5de5#U696d#U7528#U5730/#U9e7d#U6c34#U5340#U4e2d#U5c0f#U898f#U6a21#U5de5#U696d#U7528#U5730#U5340#U57df.pdf,local_governments/tainan/evaluation_criteria/expanded/tainan_yanshui_land_office_regional_individua_0689_5a4b6644ef.pdf
local_governments/tainan/evaluation_criteria/tainan_yanshui_land_office_regional_individual_factor_criteria_2019/#U9e7d#U6c34#U6240(108#U5e74#U66f4#U65b0#U7248)/#U9e7d#U6c34#U5340/#U5de5#U696d#U7528#U5730/#U9e7d#U6c34#U5340#U4e2d#U5c0f#U898f#U6a21#U5de5#U696d#U7528#U5730#U5340#U57df.xls,local_governments/tainan/evaluation_criteria/expanded/tainan_yanshui_land_office_regional_individua_0690_8aee710675.xls
local_governments/tainan/evaluation_criteria/tainan_yanshui_land_office_regional_individual_factor_criteria_2019/#U9e7d#U6c34#U6240(108#U5e74#U66f4#U65b0#U7248)/#U9e7d#U6c34#U5340/#U5de5#U696d#U7528#U5730/#U9e7d#U6c34#U5340#U5de5#U696d#U7528#U5730#U500b#U5225.pdf,local_governments/tainan/evaluation_criteria/expanded/tainan_yanshui_land_office_regional_individua_0691_2c22a4a286.pdf
local_governments/tainan/evaluation_criteria/tainan_yanshui_land_office_regional_individual_factor_criteria_2019/#U9e7d#U6c34#U6240(108#U5e74#U66f4#U65b0#U7248)/#U9e7d#U6c34#U5340/#U5de5#U696d#U7528#U5730/#U9e7d#U6c34#U5340#U5de5#U696d#U7528#U5730#U500b#U5225.xls,local_governments/tainan/evaluation_criteria/expanded/tainan_yanshui_land_office_regional_individua_0692_429c68d588.xls
local_governments/tainan/evaluation_criteria/tainan_yanshui_land_office_regional_individual_factor_criteria_2019/#U9e7d#U6c34#U6240(108#U5e74#U66f4#U65b0#U7248)/#U9e7d#U6c34#U5340/#U8fb2#U696d#U7528#U5730/#U9e7d#U6c34#U5340#U8fb2#U696d#U7528#U5730#U500b#U5225.pdf,local_governments/tainan/evaluation_criteria/expanded/tainan_yanshui_land_office_regional_individua_0693_c1154a5809.pdf
local_governments/tainan/evaluation_criteria/tainan_yanshui_land_office_regional_individual_factor_criteria_2019/#U9e7d#U6c34#U6240(108#U5e74#U66f4#U65b0#U7248)/#U9e7d#U6c34#U5340/#U8fb2#U696d#U7528#U5730/#U9e7d#U6c34#U5340#U8fb2#U696d#U7528#U5730#U500b#U5225.xls,local_governments/tainan/evaluation_criteria/expanded/tainan_yanshui_land_office_regional_individua_0694_3b83d69d14.xls
local_governments/tainan/evaluation_criteria/tainan_yanshui_land_office_regional_individual_factor_criteria_2019/#U9e7d#U6c34#U6240(108#U5e74#U66f4#U65b0#U7248)/#U9e7d#U6c34#U5340/#U8fb2#U696d#U7528#U5730/#U9e7d#U6c34#U5340#U8fb2#U696d#U7528#U5730#U5340#U57df.pdf,local_governments/tainan/evaluation_criteria/expanded/tainan_yanshui_land_office_regional_individua_0695_28d64ada98.pdf
local_governments/tainan/evaluation_criteria/tainan_yanshui_land_office_regional_individual_factor_criteria_2019/#U9e7d#U6c34#U6240(108#U5e74#U66f4#U65b0#U7248)/#U9e7d#U6c34#U5340/#U8fb2#U696d#U7528#U5730/#U9e7d#U6c34#U5340#U8fb2#U696d#U7528#U5730#U5340#U57df.xls,local_governments/tainan/evaluation_criteria/expanded/tainan_yanshui_land_office_regional_individua_0696_664d110718.xls
local_governments/tainan/evaluation_criteria/tainan_yongkang_regional_individual_factor_criteria_2015/#U6c38#U5eb7#U5340(104#U5e74#U4e8c#U7248)/#U4f4f#U5b85#U7528#U5730/#U666e#U901a#U4f4f#U5b85#U7528#U5730/#U6c38#U5eb7#U5340#U666e#U901a#U4f4f#U5b85#U7528#U5730#U500b#U5225#U56e0#U7d20#U660e#U7d30#U8868.pdf,local_governments/tainan/evaluation_criteria/expanded/tainan_yongkang_regional_individual_factor_cr_0697_572d1f6aa7.pdf
local_governments/tainan/evaluation_criteria/tainan_yongkang_regional_individual_factor_criteria_2015/#U6c38#U5eb7#U5340(104#U5e74#U4e8c#U7248)/#U4f4f#U5b85#U7528#U5730/#U666e#U901a#U4f4f#U5b85#U7528#U5730/#U6c38#U5eb7#U5340#U666e#U901a#U4f4f#U5b85#U7528#U5730#U500b#U5225#U56e0#U7d20#U660e#U7d30#U8868.xls,local_governments/tainan/evaluation_criteria/expanded/tainan_yongkang_regional_individual_factor_cr_0698_12b7f89531.xls
local_governments/tainan/evaluation_criteria/tainan_yongkang_regional_individual_factor_criteria_2015/#U6c38#U5eb7#U5340(104#U5e74#U4e8c#U7248)/#U4f4f#U5b85#U7528#U5730/#U666e#U901a#U4f4f#U5b85#U7528#U5730/#U81fa#U5357#U5e02#U6c38#U5eb7#U5340#U666e#U901a#U4f4f#U5b85#U7528#U5730#U5730#U50f9#U5340#U57df#U56e0#U7d20#U660e#U7d30#U8868(#U571f#U5730#U5fb5#U6536#U88dc#U511f#U5e02#U50f9#U67e5#U4f30#U7528)_10504.pdf,local_governments/tainan/evaluation_criteria/expanded/tainan_yongkang_regional_individual_factor_cr_0699_dca47304eb.pdf
local_governments/tainan/evaluation_criteria/tainan_yongkang_regional_individual_factor_criteria_2015/#U6c38#U5eb7#U5340(104#U5e74#U4e8c#U7248)/#U4f4f#U5b85#U7528#U5730/#U666e#U901a#U4f4f#U5b85#U7528#U5730/#U81fa#U5357#U5e02#U6c38#U5eb7#U5340#U666e#U901a#U4f4f#U5b85#U7528#U5730#U5730#U50f9#U5340#U57df#U56e0#U7d20#U660e#U7d30#U8868(#U571f#U5730#U5fb5#U6536#U88dc#U511f#U5e02#U50f9#U67e5#U4f30#U7528)_10504.xls,local_governments/tainan/evaluation_criteria/expanded/tainan_yongkang_regional_individual_factor_cr_0700_eca3bcaa3e.xls
local_governments/tainan/evaluation_criteria/tainan_yongkang_regional_individual_factor_criteria_2015/#U6c38#U5eb7#U5340(104#U5e74#U4e8c#U7248)/#U4f4f#U5b85#U7528#U5730/#U6751#U91cc#U9130#U4f4f#U5b85#U7528#U5730/#U6c38#U5eb7#U5340#U6751#U91cc#U9130#U4f4f#U5b85#U7528#U5730#U500b#U5225#U56e0#U7d20#U660e#U7d30#U8868.pdf,local_governments/tainan/evaluation_criteria/expanded/tainan_yongkang_regional_individual_factor_cr_0701_af5668529c.pdf
local_governments/tainan/evaluation_criteria/tainan_yongkang_regional_individual_factor_criteria_2015/#U6c38#U5eb7#U5340(104#U5e74#U4e8c#U7248)/#U4f4f#U5b85#U7528#U5730/#U6751#U91cc#U9130#U4f4f#U5b85#U7528#U5730/#U6c38#U5eb7#U5340#U6751#U91cc#U9130#U4f4f#U5b85#U7528#U5730#U500b#U5225#U56e0#U7d20#U660e#U7d30#U8868.xls,local_governments/tainan/evaluation_criteria/expanded/tainan_yongkang_regional_individual_factor_cr_0702_2c727d34de.xls
local_governments/tainan/evaluation_criteria/tainan_yongkang_regional_individual_factor_criteria_2015/#U6c38#U5eb7#U5340(104#U5e74#U4e8c#U7248)/#U4f4f#U5b85#U7528#U5730/#U6751#U91cc#U9130#U4f4f#U5b85#U7528#U5730/#U81fa#U5357#U5e02#U6c38#U5eb7#U5340#U6751#U91cc#U9130#U4f4f#U5b85#U7528#U5730#U5730#U50f9#U5340#U57df#U56e0#U7d20#U660e#U7d30#U8868(#U571f#U5730#U5fb5#U6536#U88dc#U511f#U5e02#U50f9#U67e5#U4f30#U7528).pdf,local_governments/tainan/evaluation_criteria/expanded/tainan_yongkang_regional_individual_factor_cr_0703_123497b19d.pdf
local_governments/tainan/evaluation_criteria/tainan_yongkang_regional_individual_factor_criteria_2015/#U6c38#U5eb7#U5340(104#U5e74#U4e8c#U7248)/#U4f4f#U5b85#U7528#U5730/#U6751#U91cc#U9130#U4f4f#U5b85#U7528#U5730/#U81fa#U5357#U5e02#U6c38#U5eb7#U5340#U6751#U91cc#U9130#U4f4f#U5b85#U7528#U5730#U5730#U50f9#U5340#U57df#U56e0#U7d20#U660e#U7d30#U8868(#U571f#U5730#U5fb5#U6536#U88dc#U511f#U5e02#U50f9#U67e5#U4f30#U7528).xls,local_governments/tainan/evaluation_criteria/expanded/tainan_yongkang_regional_individual_factor_cr_0704_6c0732927e.xls
local_governments/tainan/evaluation_criteria/tainan_yongkang_regional_individual_factor_criteria_2015/#U6c38#U5eb7#U5340(104#U5e74#U4e8c#U7248)/#U5176#U4ed6#U7528#U5730/#U6c38#U5eb7#U5340#U5176#U4ed6#U7528#U5730#U500b#U5225#U56e0#U7d20#U660e#U7d30#U8868.pdf,local_governments/tainan/evaluation_criteria/expanded/tainan_yongkang_regional_individual_factor_cr_0705_493699cfd7.pdf
local_governments/tainan/evaluation_criteria/tainan_yongkang_regional_individual_factor_criteria_2015/#U6c38#U5eb7#U5340(104#U5e74#U4e8c#U7248)/#U5176#U4ed6#U7528#U5730/#U6c38#U5eb7#U5340#U5176#U4ed6#U7528#U5730#U500b#U5225#U56e0#U7d20#U660e#U7d30#U8868.xls,local_governments/tainan/evaluation_criteria/expanded/tainan_yongkang_regional_individual_factor_cr_0706_dfa4b6ce33.xls
local_governments/tainan/evaluation_criteria/tainan_yongkang_regional_individual_factor_criteria_2015/#U6c38#U5eb7#U5340(104#U5e74#U4e8c#U7248)/#U5176#U4ed6#U7528#U5730/#U81fa#U5357#U5e02#U6c38#U5eb7#U5340#U5176#U4ed6#U7528#U5730#U5730#U50f9#U5340#U57df#U56e0#U7d20#U660e#U7d30#U8868(#U571f#U5730#U5fb5#U6536#U88dc#U511f#U5e02#U50f9#U67e5#U4f30#U7528)_10504.pdf,local_governments/tainan/evaluation_criteria/expanded/tainan_yongkang_regional_individual_factor_cr_0707_0b9fecb790.pdf
local_governments/tainan/evaluation_criteria/tainan_yongkang_regional_individual_factor_criteria_2015/#U6c38#U5eb7#U5340(104#U5e74#U4e8c#U7248)/#U5176#U4ed6#U7528#U5730/#U81fa#U5357#U5e02#U6c38#U5eb7#U5340#U5176#U4ed6#U7528#U5730#U5730#U50f9#U5340#U57df#U56e0#U7d20#U660e#U7d30#U8868(#U571f#U5730#U5fb5#U6536#U88dc#U511f#U5e02#U50f9#U67e5#U4f30#U7528)_10504.xls,local_governments/tainan/evaluation_criteria/expanded/tainan_yongkang_regional_individual_factor_cr_0708_d22f033355.xls
local_governments/tainan/evaluation_criteria/tainan_yongkang_regional_individual_factor_criteria_2015/#U6c38#U5eb7#U5340(104#U5e74#U4e8c#U7248)/#U5546#U696d#U7528#U5730/#U6c38#U5eb7#U5340#U5546#U696d#U7528#U5730#U500b#U5225#U56e0#U7d20#U660e#U7d30#U8868.pdf,local_governments/tainan/evaluation_criteria/expanded/tainan_yongkang_regional_individual_factor_cr_0709_db52be02cc.pdf
local_governments/tainan/evaluation_criteria/tainan_yongkang_regional_individual_factor_criteria_2015/#U6c38#U5eb7#U5340(104#U5e74#U4e8c#U7248)/#U5546#U696d#U7528#U5730/#U6c38#U5eb7#U5340#U5546#U696d#U7528#U5730#U500b#U5225#U56e0#U7d20#U660e#U7d30#U8868.xls,local_governments/tainan/evaluation_criteria/expanded/tainan_yongkang_regional_individual_factor_cr_0710_d8e7c69ca1.xls
local_governments/tainan/evaluation_criteria/tainan_yongkang_regional_individual_factor_criteria_2015/#U6c38#U5eb7#U5340(104#U5e74#U4e8c#U7248)/#U5546#U696d#U7528#U5730/#U81fa#U5357#U5e02#U6c38#U5eb7#U5340#U5546#U696d#U7528#U5730#U5730#U50f9#U5340#U57df#U56e0#U7d20#U660e#U7d30#U8868(#U571f#U5730#U5fb5#U6536#U88dc#U511f#U5e02#U50f9#U67e5#U4f30#U7528).pdf,local_governments/tainan/evaluation_criteria/expanded/tainan_yongkang_regional_individual_factor_cr_0711_dba942b89e.pdf
local_governments/tainan/evaluation_criteria/tainan_yongkang_regional_individual_factor_criteria_2015/#U6c38#U5eb7#U5340(104#U5e74#U4e8c#U7248)/#U5546#U696d#U7528#U5730/#U81fa#U5357#U5e02#U6c38#U5eb7#U5340#U5546#U696d#U7528#U5730#U5730#U50f9#U5340#U57df#U56e0#U7d20#U660e#U7d30#U8868(#U571f#U5730#U5fb5#U6536#U88dc#U511f#U5e02#U50f9#U67e5#U4f30#U7528).xls,local_governments/tainan/evaluation_criteria/expanded/tainan_yongkang_regional_individual_factor_cr_0712_a7cdec60c2.xls
local_governments/tainan/evaluation_criteria/tainan_yongkang_regional_individual_factor_criteria_2015/#U6c38#U5eb7#U5340(104#U5e74#U4e8c#U7248)/#U5de5#U696d#U7528#U5730/#U6c38#U5eb7#U5340#U5de5#U696d#U7528#U5730#U500b#U5225#U56e0#U7d20#U660e#U7d30#U8868.pdf,local_governments/tainan/evaluation_criteria/expanded/tainan_yongkang_regional_individual_factor_cr_0713_5e7a6c67f7.pdf
local_governments/tainan/evaluation_criteria/tainan_yongkang_regional_individual_factor_criteria_2015/#U6c38#U5eb7#U5340(104#U5e74#U4e8c#U7248)/#U5de5#U696d#U7528#U5730/#U6c38#U5eb7#U5340#U5de5#U696d#U7528#U5730#U500b#U5225#U56e0#U7d20#U660e#U7d30#U8868.xls,local_governments/tainan/evaluation_criteria/expanded/tainan_yongkang_regional_individual_factor_cr_0714_7af6e52af4.xls
local_governments/tainan/evaluation_criteria/tainan_yongkang_regional_individual_factor_criteria_2015/#U6c38#U5eb7#U5340(104#U5e74#U4e8c#U7248)/#U5de5#U696d#U7528#U5730/#U81fa#U5357#U5e02#U6c38#U5eb7#U5340#U5de5#U696d#U7528#U5730#U5730#U50f9#U5340#U57df#U56e0#U7d20#U660e#U7d30#U8868(#U571f#U5730#U5fb5#U6536#U88dc#U511f#U5e02#U50f9#U67e5#U4f30#U7528).pdf,local_governments/tainan/evaluation_criteria/expanded/tainan_yongkang_regional_individual_factor_cr_0715_27fbb01de9.pdf
local_governments/tainan/evaluation_criteria/tainan_yongkang_regional_individual_factor_criteria_2015/#U6c38#U5eb7#U5340(104#U5e74#U4e8c#U7248)/#U5de5#U696d#U7528#U5730/#U81fa#U5357#U5e02#U6c38#U5eb7#U5340#U5de5#U696d#U7528#U5730#U5730#U50f9#U5340#U57df#U56e0#U7d20#U660e#U7d30#U8868(#U571f#U5730#U5fb5#U6536#U88dc#U511f#U5e02#U50f9#U67e5#U4f30#U7528).xls,local_governments/tainan/evaluation_criteria/expanded/tainan_yongkang_regional_individual_factor_cr_0716_47287ae3d4.xls
local_governments/tainan/evaluation_criteria/tainan_yongkang_regional_individual_factor_criteria_2015/#U6c38#U5eb7#U5340(104#U5e74#U4e8c#U7248)/#U8fb2#U696d#U7528#U5730/#U6c38#U5eb7#U5340#U8fb2#U696d#U7528#U5730#U500b#U5225#U56e0#U7d20#U660e#U7d30#U8868.pdf,local_governments/tainan/evaluation_criteria/expanded/tainan_yongkang_regional_individual_factor_cr_0717_240b665978.pdf
local_governments/tainan/evaluation_criteria/tainan_yongkang_regional_individual_factor_criteria_2015/#U6c38#U5eb7#U5340(104#U5e74#U4e8c#U7248)/#U8fb2#U696d#U7528#U5730/#U6c38#U5eb7#U5340#U8fb2#U696d#U7528#U5730#U500b#U5225#U56e0#U7d20#U660e#U7d30#U8868.xls,local_governments/tainan/evaluation_criteria/expanded/tainan_yongkang_regional_individual_factor_cr_0718_293a68461b.xls
local_governments/tainan/evaluation_criteria/tainan_yongkang_regional_individual_factor_criteria_2015/#U6c38#U5eb7#U5340(104#U5e74#U4e8c#U7248)/#U8fb2#U696d#U7528#U5730/#U81fa#U5357#U5e02#U6c38#U5eb7#U5340#U8fb2#U696d#U7528#U5730#U5730#U50f9#U5340#U57df#U56e0#U7d20#U660e#U7d30#U8868(#U571f#U5730#U5fb5#U6536#U88dc#U511f#U5e02#U50f9#U67e5#U4f30#U7528).pdf,local_governments/tainan/evaluation_criteria/expanded/tainan_yongkang_regional_individual_factor_cr_0719_b0ae262aec.pdf
local_governments/tainan/evaluation_criteria/tainan_yongkang_regional_individual_factor_criteria_2015/#U6c38#U5eb7#U5340(104#U5e74#U4e8c#U7248)/#U8fb2#U696d#U7528#U5730/#U81fa#U5357#U5e02#U6c38#U5eb7#U5340#U8fb2#U696d#U7528#U5730#U5730#U50f9#U5340#U57df#U56e0#U7d20#U660e#U7d30#U8868(#U571f#U5730#U5fb5#U6536#U88dc#U511f#U5e02#U50f9#U67e5#U4f30#U7528).xls,local_governments/tainan/evaluation_criteria/expanded/tainan_yongkang_regional_individual_factor_cr_0720_0cc0f5131b.xls
local_governments/tainan/evaluation_criteria/tainan_yujing_land_office_regional_individual_factor_criteria_2015/#U7389#U4e95#U6240(104#U5e74#U4e8c#U7248)/#U5357#U5316#U5340(#U5e02#U50f9#U67e5#U4f30#U7528)/#U4f4f#U5b85#U7528#U5730/#U81fa#U5357#U5e02#U5357#U5316#U5340#U5f71#U97ff#U4f4f#U5b85#U7528#U5730#U5730#U50f9#U500b#U5225#U56e0#U7d20#U8a55#U50f9#U57fa#U6e96#U660e#U7d30#U8868(#U5e02#U50f9#U67e5#U4f30#U7528#Uff09.pdf,local_governments/tainan/evaluation_criteria/expanded/tainan_yujing_land_office_regional_individual_0721_71124146c3.pdf
local_governments/tainan/evaluation_criteria/tainan_yujing_land_office_regional_individual_factor_criteria_2015/#U7389#U4e95#U6240(104#U5e74#U4e8c#U7248)/#U5357#U5316#U5340(#U5e02#U50f9#U67e5#U4f30#U7528)/#U4f4f#U5b85#U7528#U5730/#U81fa#U5357#U5e02#U5357#U5316#U5340#U5f71#U97ff#U6751#U91cc#U9130#U4f4f#U5b85#U7528#U5730#U5340#U57df#U56e0#U7d20#U8a55#U50f9#U57fa#U6e96#U660e#U7d30#U8868(#U5e02#U50f9#U67e5#U4f30#U7528).pdf,local_governments/tainan/evaluation_criteria/expanded/tainan_yujing_land_office_regional_individual_0722_8ed343aac2.pdf
local_governments/tainan/evaluation_criteria/tainan_yujing_land_office_regional_individual_factor_criteria_2015/#U7389#U4e95#U6240(104#U5e74#U4e8c#U7248)/#U5357#U5316#U5340(#U5e02#U50f9#U67e5#U4f30#U7528)/#U4f4f#U5b85#U7528#U5730/Thumbs.db,local_governments/tainan/evaluation_criteria/expanded/tainan_yujing_land_office_regional_individual_0723_f5b88de2ec.db
local_governments/tainan/evaluation_criteria/tainan_yujing_land_office_regional_individual_factor_criteria_2015/#U7389#U4e95#U6240(104#U5e74#U4e8c#U7248)/#U5357#U5316#U5340(#U5e02#U50f9#U67e5#U4f30#U7528)/#U5176#U4ed6#U7528#U5730/#U81fa#U5357#U5e02#U5357#U5316#U5340#U5f71#U97ff#U5176#U4ed6#U7528#U5730#U5340#U57df#U56e0#U7d20#U8a55#U50f9#U57fa#U6e96#U660e#U7d30#U8868(#U5e02#U50f9#U67e5#U4f30#U7528).pdf,local_governments/tainan/evaluation_criteria/expanded/tainan_yujing_land_office_regional_individual_0724_f7cfcbc61c.pdf
local_governments/tainan/evaluation_criteria/tainan_yujing_land_office_regional_individual_factor_criteria_2015/#U7389#U4e95#U6240(104#U5e74#U4e8c#U7248)/#U5357#U5316#U5340(#U5e02#U50f9#U67e5#U4f30#U7528)/#U5176#U4ed6#U7528#U5730/#U81fa#U5357#U5e02#U5357#U5316#U5340#U5f71#U97ff#U5176#U4ed6#U7528#U5730#U5730#U50f9#U500b#U5225#U56e0#U7d20#U8a55#U50f9#U57fa#U6e96#U660e#U7d30#U8868(#U5e02#U50f9#U67e5#U4f30#U7528#Uff09.pdf,local_governments/tainan/evaluation_criteria/expanded/tainan_yujing_land_office_regional_individual_0725_e53fbb8cad.pdf
local_governments/tainan/evaluation_criteria/tainan_yujing_land_office_regional_individual_factor_criteria_2015/#U7389#U4e95#U6240(104#U5e74#U4e8c#U7248)/#U5357#U5316#U5340(#U5e02#U50f9#U67e5#U4f30#U7528)/#U5176#U4ed6#U7528#U5730/Thumbs.db,local_governments/tainan/evaluation_criteria/expanded/tainan_yujing_land_office_regional_individual_0726_7f00bf86df.db
local_governments/tainan/evaluation_criteria/tainan_yujing_land_office_regional_individual_factor_criteria_2015/#U7389#U4e95#U6240(104#U5e74#U4e8c#U7248)/#U5357#U5316#U5340(#U5e02#U50f9#U67e5#U4f30#U7528)/#U5de5#U696d#U7528#U5730/#U81fa#U5357#U5e02#U5357#U5316#U5340#U5f71#U97ff#U4e2d#U5c0f#U578b#U5de5#U696d#U7528#U5730#U5340#U57df#U56e0#U7d20#U8a55#U50f9#U57fa#U6e96#U660e#U7d30#U8868(#U5e02#U50f9#U67e5#U4f30#U7528).pdf,local_governments/tainan/evaluation_criteria/expanded/tainan_yujing_land_office_regional_individual_0727_10c16d80f0.pdf
local_governments/tainan/evaluation_criteria/tainan_yujing_land_office_regional_individual_factor_criteria_2015/#U7389#U4e95#U6240(104#U5e74#U4e8c#U7248)/#U5357#U5316#U5340(#U5e02#U50f9#U67e5#U4f30#U7528)/#U5de5#U696d#U7528#U5730/#U81fa#U5357#U5e02#U5357#U5316#U5340#U5f71#U97ff#U5de5#U696d#U7528#U5730#U5730#U50f9#U500b#U5225#U56e0#U7d20#U8a55#U50f9#U57fa#U6e96#U660e#U7d30#U8868(#U5e02#U50f9#U67e5#U4f30#U7528#Uff09.pdf,local_governments/tainan/evaluation_criteria/expanded/tainan_yujing_land_office_regional_individual_0728_4b753d4ff6.pdf
local_governments/tainan/evaluation_criteria/tainan_yujing_land_office_regional_individual_factor_criteria_2015/#U7389#U4e95#U6240(104#U5e74#U4e8c#U7248)/#U5357#U5316#U5340(#U5e02#U50f9#U67e5#U4f30#U7528)/#U8fb2#U696d#U7528#U5730/#U81fa#U5357#U5357#U5316#U5340#U5f71#U97ff#U8fb2#U696d#U7528#U5730#U5730#U50f9#U500b#U5225#U56e0#U7d20#U8a55#U50f9#U57fa#U6e96#U660e#U7d30#U8868(#U5e02#U50f9#U67e5#U4f30#U7528#Uff09.pdf,local_governments/tainan/evaluation_criteria/expanded/tainan_yujing_land_office_regional_individual_0729_f5f3f95724.pdf
local_governments/tainan/evaluation_criteria/tainan_yujing_land_office_regional_individual_factor_criteria_2015/#U7389#U4e95#U6240(104#U5e74#U4e8c#U7248)/#U5357#U5316#U5340(#U5e02#U50f9#U67e5#U4f30#U7528)/#U8fb2#U696d#U7528#U5730/#U81fa#U5357#U5e02#U5357#U5316#U5340#U5f71#U97ff#U8fb2#U696d#U7528#U5730#U5340#U57df#U56e0#U7d20#U8a55#U50f9#U57fa#U6e96#U660e#U7d30#U8868(#U5e02#U50f9#U67e5#U4f30#U7528).pdf,local_governments/tainan/evaluation_criteria/expanded/tainan_yujing_land_office_regional_individual_0730_71447f52bf.pdf
local_governments/tainan/evaluation_criteria/tainan_yujing_land_office_regional_individual_factor_criteria_2015/#U7389#U4e95#U6240(104#U5e74#U4e8c#U7248)/#U5357#U5316#U5340(#U5e02#U50f9#U67e5#U4f30#U7528)/#U8fb2#U696d#U7528#U5730/Thumbs.db,local_governments/tainan/evaluation_criteria/expanded/tainan_yujing_land_office_regional_individual_0731_8c1104d351.db
local_governments/tainan/evaluation_criteria/tainan_yujing_land_office_regional_individual_factor_criteria_2015/#U7389#U4e95#U6240(104#U5e74#U4e8c#U7248)/#U6960#U897f#U5340#Uff08#U5e02#U50f9#U67e5#U4f30#U7528#Uff09/#U4f4f#U5b85#U7528#U5730/#U81fa#U5357#U5e02#U6960#U897f#U5340#U5f71#U97ff#U4f4f#U5b85#U7528#U5730#U5730#U50f9#U500b#U5225#U56e0#U7d20#U8a55#U50f9#U57fa#U6e96#U660e#U7d30#U8868#Uff08#U5e02#U50f9#U67e5#U4f30#U7528#Uff09.pdf,local_governments/tainan/evaluation_criteria/expanded/tainan_yujing_land_office_regional_individual_0732_3c05e08ec3.pdf
local_governments/tainan/evaluation_criteria/tainan_yujing_land_office_regional_individual_factor_criteria_2015/#U7389#U4e95#U6240(104#U5e74#U4e8c#U7248)/#U6960#U897f#U5340#Uff08#U5e02#U50f9#U67e5#U4f30#U7528#Uff09/#U4f4f#U5b85#U7528#U5730/#U81fa#U5357#U5e02#U6960#U897f#U5340#U5f71#U97ff#U666e#U901a#U4f4f#U5b85#U7528#U5730#U5340#U57df#U56e0#U7d20#U8a55#U50f9#U57fa#U6e96#U660e#U7d30#U88681040609(#U5fb5#U6536#U7528).pdf,local_governments/tainan/evaluation_criteria/expanded/tainan_yujing_land_office_regional_individual_0733_8f4c439ee0.pdf
local_governments/tainan/evaluation_criteria/tainan_yujing_land_office_regional_individual_factor_criteria_2015/#U7389#U4e95#U6240(104#U5e74#U4e8c#U7248)/#U6960#U897f#U5340#Uff08#U5e02#U50f9#U67e5#U4f30#U7528#Uff09/#U4f4f#U5b85#U7528#U5730/#U81fa#U5357#U5e02#U6960#U897f#U5340#U5f71#U97ff#U6751#U91cc#U9130#U4f4f#U5b85#U7528#U5730#U5340#U57df#U56e0#U7d20#U8a55#U50f9#U57fa#U6e96#U660e#U7d30#U8868(#U5e02#U50f9#U67e5#U4f30#U7528).pdf,local_governments/tainan/evaluation_criteria/expanded/tainan_yujing_land_office_regional_individual_0734_c8e3460081.pdf
local_governments/tainan/evaluation_criteria/tainan_yujing_land_office_regional_individual_factor_criteria_2015/#U7389#U4e95#U6240(104#U5e74#U4e8c#U7248)/#U6960#U897f#U5340#Uff08#U5e02#U50f9#U67e5#U4f30#U7528#Uff09/#U5176#U4ed6#U7528#U5730/#U6960#U897f#U5340#U5176#U4ed6#U7528#U5730#U5f71#U97ff#U5730#U50f9#U5340#U57df#U56e0#U7d20#U8a55#U50f9#U57fa#U6e96#U660e#U7d30#U8868.pdf,local_governments/tainan/evaluation_criteria/expanded/tainan_yujing_land_office_regional_individual_0735_37b7ae46a2.pdf
local_governments/tainan/evaluation_criteria/tainan_yujing_land_office_regional_individual_factor_criteria_2015/#U7389#U4e95#U6240(104#U5e74#U4e8c#U7248)/#U6960#U897f#U5340#Uff08#U5e02#U50f9#U67e5#U4f30#U7528#Uff09/#U5176#U4ed6#U7528#U5730/#U81fa#U5357#U5e02#U6960#U897f#U5340#U5f71#U97ff#U5176#U4ed6#U7528#U5730#U5730#U50f9#U500b#U5225#U56e0#U7d20#U8a55#U50f9#U57fa#U6e96#U660e#U7d30#U8868#Uff08#U5e02#U50f9#U67e5#U4f30#U7528#Uff09.pdf,local_governments/tainan/evaluation_criteria/expanded/tainan_yujing_land_office_regional_individual_0736_d86fcaee8b.pdf
local_governments/tainan/evaluation_criteria/tainan_yujing_land_office_regional_individual_factor_criteria_2015/#U7389#U4e95#U6240(104#U5e74#U4e8c#U7248)/#U6960#U897f#U5340#Uff08#U5e02#U50f9#U67e5#U4f30#U7528#Uff09/#U5546#U696d#U7528#U5730/#U81fa#U5357#U5e02#U6960#U897f#U5340#U5f71#U97ff#U5546#U696d#U7528#U5730#U5730#U50f9#U500b#U5225#U56e0#U7d20#U8a55#U50f9#U57fa#U6e96#U660e#U7d30#U8868#Uff08#U5e02#U50f9#U67e5#U4f30#U7528#Uff09.pdf,local_governments/tainan/evaluation_criteria/expanded/tainan_yujing_land_office_regional_individual_0737_a2a7d91b5c.pdf
local_governments/tainan/evaluation_criteria/tainan_yujing_land_office_regional_individual_factor_criteria_2015/#U7389#U4e95#U6240(104#U5e74#U4e8c#U7248)/#U6960#U897f#U5340#Uff08#U5e02#U50f9#U67e5#U4f30#U7528#Uff09/#U5546#U696d#U7528#U5730/#U81fa#U5357#U5e02#U6960#U897f#U5340#U5f71#U97ff#U666e#U901a#U5546#U696d#U7528#U5730#U5340#U57df#U56e0#U7d20#U8a55#U50f9#U57fa#U6e96#U660e#U7d30#U88681040609#Uff08#U5fb5#U6536#U7528#Uff09.pdf,local_governments/tainan/evaluation_criteria/expanded/tainan_yujing_land_office_regional_individual_0738_34276b2c0d.pdf
local_governments/tainan/evaluation_criteria/tainan_yujing_land_office_regional_individual_factor_criteria_2015/#U7389#U4e95#U6240(104#U5e74#U4e8c#U7248)/#U6960#U897f#U5340#Uff08#U5e02#U50f9#U67e5#U4f30#U7528#Uff09/#U5de5#U696d#U7528#U5730/#U81fa#U5357#U5e02#U6960#U897f#U5340#U5f71#U97ff#U4e2d#U5c0f#U578b#U5de5#U696d#U7528#U5730#U5340#U57df#U56e0#U7d20#U8a55#U50f9#U57fa#U6e96#U660e#U7d30#U8868(#U5e02#U50f9#U67e5#U4f30#U7528).pdf,local_governments/tainan/evaluation_criteria/expanded/tainan_yujing_land_office_regional_individual_0739_e74f9b787b.pdf
local_governments/tainan/evaluation_criteria/tainan_yujing_land_office_regional_individual_factor_criteria_2015/#U7389#U4e95#U6240(104#U5e74#U4e8c#U7248)/#U6960#U897f#U5340#Uff08#U5e02#U50f9#U67e5#U4f30#U7528#Uff09/#U5de5#U696d#U7528#U5730/#U81fa#U5357#U5e02#U6960#U897f#U5340#U5f71#U97ff#U5de5#U696d#U7528#U5730#U5730#U50f9#U500b#U5225#U56e0#U7d20#U8a55#U50f9#U57fa#U6e96#U660e#U7d30#U8868#Uff08#U5e02#U50f9#U67e5#U4f30#U7528#Uff09.pdf,local_governments/tainan/evaluation_criteria/expanded/tainan_yujing_land_office_regional_individual_0740_8b000a4047.pdf
local_governments/tainan/evaluation_criteria/tainan_yujing_land_office_regional_individual_factor_criteria_2015/#U7389#U4e95#U6240(104#U5e74#U4e8c#U7248)/#U6960#U897f#U5340#Uff08#U5e02#U50f9#U67e5#U4f30#U7528#Uff09/#U8fb2#U696d#U7528#U5730/#U81fa#U5357#U5e02#U6960#U897f#U5340#U5f71#U97ff#U8fb2#U696d#U7528#U5730#U5340#U57df#U56e0#U7d20#U8a55#U50f9#U57fa#U6e96#U660e#U7d30#U88681040609(#U5fb5#U6536#U7528).pdf,local_governments/tainan/evaluation_criteria/expanded/tainan_yujing_land_office_regional_individual_0741_1ff7ca332c.pdf
local_governments/tainan/evaluation_criteria/tainan_yujing_land_office_regional_individual_factor_criteria_2015/#U7389#U4e95#U6240(104#U5e74#U4e8c#U7248)/#U6960#U897f#U5340#Uff08#U5e02#U50f9#U67e5#U4f30#U7528#Uff09/#U8fb2#U696d#U7528#U5730/#U81fa#U5357#U5e02#U6960#U897f#U5340#U5f71#U97ff#U8fb2#U696d#U7528#U5730#U5730#U50f9#U500b#U5225#U56e0#U7d20#U8a55#U50f9#U57fa#U6e96#U660e#U7d30#U8868#Uff08#U5e02#U50f9#U67e5#U4f30#U7528#Uff09.pdf,local_governments/tainan/evaluation_criteria/expanded/tainan_yujing_land_office_regional_individual_0742_e27b45f9ba.pdf
local_governments/tainan/evaluation_criteria/tainan_yujing_land_office_regional_individual_factor_criteria_2015/#U7389#U4e95#U6240(104#U5e74#U4e8c#U7248)/#U7389#U4e95#U5340#Uff08#U5e02#U50f9#U67e5#U4f30#U7528#Uff09/#U4f4f#U5b85#U7528#U5730/#U81fa#U5357#U5e02#U7389#U4e95#U5340#U5f71#U97ff#U4f4f#U5b85#U7528#U5730#U5730#U50f9#U500b#U5225#U56e0#U7d20#U8a55#U50f9#U57fa#U6e96#U660e#U7d30#U8868#Uff08#U5e02#U50f9#U67e5#U4f30#U7528#Uff09.pdf,local_governments/tainan/evaluation_criteria/expanded/tainan_yujing_land_office_regional_individual_0743_6eed960d4d.pdf
local_governments/tainan/evaluation_criteria/tainan_yujing_land_office_regional_individual_factor_criteria_2015/#U7389#U4e95#U6240(104#U5e74#U4e8c#U7248)/#U7389#U4e95#U5340#Uff08#U5e02#U50f9#U67e5#U4f30#U7528#Uff09/#U4f4f#U5b85#U7528#U5730/#U81fa#U5357#U5e02#U7389#U4e95#U5340#U5f71#U97ff#U666e#U901a#U4f4f#U5b85#U7528#U5730#U5340#U57df#U56e0#U7d20#U8a55#U50f9#U57fa#U6e96#U660e#U7d30#U88681040609(#U5e02#U50f9#U67e5#U4f30#U7528).pdf,local_governments/tainan/evaluation_criteria/expanded/tainan_yujing_land_office_regional_individual_0744_9c4824bafe.pdf
local_governments/tainan/evaluation_criteria/tainan_yujing_land_office_regional_individual_factor_criteria_2015/#U7389#U4e95#U6240(104#U5e74#U4e8c#U7248)/#U7389#U4e95#U5340#Uff08#U5e02#U50f9#U67e5#U4f30#U7528#Uff09/#U4f4f#U5b85#U7528#U5730/#U81fa#U5357#U5e02#U7389#U4e95#U5340#U5f71#U97ff#U6751#U91cc#U9130#U4f4f#U5b85#U7528#U5730#U5340#U57df#U56e0#U7d20#U8a55#U50f9#U57fa#U6e96#U660e#U7d30#U8868(#U5e02#U50f9#U67e5#U4f30#U7528).pdf,local_governments/tainan/evaluation_criteria/expanded/tainan_yujing_land_office_regional_individual_0745_2a85744399.pdf
local_governments/tainan/evaluation_criteria/tainan_yujing_land_office_regional_individual_factor_criteria_2015/#U7389#U4e95#U6240(104#U5e74#U4e8c#U7248)/#U7389#U4e95#U5340#Uff08#U5e02#U50f9#U67e5#U4f30#U7528#Uff09/#U5176#U4ed6#U7528#U5730/#U7389#U4e95#U5340#U5176#U4ed6#U7528#U5730#U5f71#U97ff#U5730#U50f9#U5340#U57df#U56e0#U7d20#U8a55#U50f9#U57fa#U6e96#U660e#U7d30#U8868.pdf,local_governments/tainan/evaluation_criteria/expanded/tainan_yujing_land_office_regional_individual_0746_bf78ba24e3.pdf
local_governments/tainan/evaluation_criteria/tainan_yujing_land_office_regional_individual_factor_criteria_2015/#U7389#U4e95#U6240(104#U5e74#U4e8c#U7248)/#U7389#U4e95#U5340#Uff08#U5e02#U50f9#U67e5#U4f30#U7528#Uff09/#U5176#U4ed6#U7528#U5730/#U81fa#U5357#U5e02#U7389#U4e95#U5340#U5f71#U97ff#U5176#U4ed6#U7528#U5730#U5730#U50f9#U500b#U5225#U56e0#U7d20#U8a55#U50f9#U57fa#U6e96#U660e#U7d30#U8868#Uff08#U5e02#U50f9#U67e5#U4f30#U7528#Uff09.pdf,local_governments/tainan/evaluation_criteria/expanded/tainan_yujing_land_office_regional_individual_0747_457418cb85.pdf
local_governments/tainan/evaluation_criteria/tainan_yujing_land_office_regional_individual_factor_criteria_2015/#U7389#U4e95#U6240(104#U5e74#U4e8c#U7248)/#U7389#U4e95#U5340#Uff08#U5e02#U50f9#U67e5#U4f30#U7528#Uff09/#U5546#U696d#U7528#U5730/#U81fa#U5357#U5e02#U7389#U4e95#U5340#U5f71#U97ff#U5546#U696d#U7528#U5730#U5730#U50f9#U500b#U5225#U56e0#U7d20#U8a55#U50f9#U57fa#U6e96#U660e#U7d30#U8868#Uff08#U5e02#U50f9#U67e5#U4f30#U7528#Uff09.pdf,local_governments/tainan/evaluation_criteria/expanded/tainan_yujing_land_office_regional_individual_0748_6f23653ed4.pdf
local_governments/tainan/evaluation_criteria/tainan_yujing_land_office_regional_individual_factor_criteria_2015/#U7389#U4e95#U6240(104#U5e74#U4e8c#U7248)/#U7389#U4e95#U5340#Uff08#U5e02#U50f9#U67e5#U4f30#U7528#Uff09/#U5546#U696d#U7528#U5730/#U81fa#U5357#U5e02#U7389#U4e95#U5340#U5f71#U97ff#U666e#U901a#U5546#U696d#U7528#U5730#U5340#U57df#U56e0#U7d20#U8a55#U50f9#U57fa#U6e96#U660e#U7d30#U88681040609(#U5e02#U50f9#U67e5#U4f30#U7528).pdf,local_governments/tainan/evaluation_criteria/expanded/tainan_yujing_land_office_regional_individual_0749_862c0f0561.pdf
local_governments/tainan/evaluation_criteria/tainan_yujing_land_office_regional_individual_factor_criteria_2015/#U7389#U4e95#U6240(104#U5e74#U4e8c#U7248)/#U7389#U4e95#U5340#Uff08#U5e02#U50f9#U67e5#U4f30#U7528#Uff09/#U5de5#U696d#U7528#U5730/#U81fa#U5357#U5e02#U7389#U4e95#U5340#U5f71#U97ff#U4e2d#U5c0f#U578b#U5de5#U696d#U7528#U5730#U5340#U57df#U56e0#U7d20#U8a55#U50f9#U57fa#U6e96#U660e#U7d30#U8868(#U5e02#U50f9#U67e5#U4f30#U7528).pdf,local_governments/tainan/evaluation_criteria/expanded/tainan_yujing_land_office_regional_individual_0750_f84b12a68d.pdf
local_governments/tainan/evaluation_criteria/tainan_yujing_land_office_regional_individual_factor_criteria_2015/#U7389#U4e95#U6240(104#U5e74#U4e8c#U7248)/#U7389#U4e95#U5340#Uff08#U5e02#U50f9#U67e5#U4f30#U7528#Uff09/#U5de5#U696d#U7528#U5730/#U81fa#U5357#U5e02#U7389#U4e95#U5340#U5f71#U97ff#U5de5#U696d#U7528#U5730#U5730#U50f9#U500b#U5225#U56e0#U7d20#U8a55#U50f9#U57fa#U6e96#U660e#U7d30#U8868#Uff08#U5e02#U50f9#U67e5#U4f30#U7528#Uff09.pdf,local_governments/tainan/evaluation_criteria/expanded/tainan_yujing_land_office_regional_individual_0751_427c79da2c.pdf
local_governments/tainan/evaluation_criteria/tainan_yujing_land_office_regional_individual_factor_criteria_2015/#U7389#U4e95#U6240(104#U5e74#U4e8c#U7248)/#U7389#U4e95#U5340#Uff08#U5e02#U50f9#U67e5#U4f30#U7528#Uff09/#U8fb2#U696d#U7528#U5730/#U81fa#U5357#U5e02#U7389#U4e95#U5340#U5f71#U97ff#U8fb2#U696d#U7528#U5730#U5340#U57df#U56e0#U7d20#U8a55#U50f9#U57fa#U6e96#U660e#U7d30#U88681040609(#U5e02#U50f9#U67e5#U4f30#U7528).pdf,local_governments/tainan/evaluation_criteria/expanded/tainan_yujing_land_office_regional_individual_0752_d25f46e8ee.pdf
local_governments/tainan/evaluation_criteria/tainan_yujing_land_office_regional_individual_factor_criteria_2015/#U7389#U4e95#U6240(104#U5e74#U4e8c#U7248)/#U7389#U4e95#U5340#Uff08#U5e02#U50f9#U67e5#U4f30#U7528#Uff09/#U8fb2#U696d#U7528#U5730/#U81fa#U5357#U5e02#U7389#U4e95#U5340#U5f71#U97ff#U8fb2#U696d#U7528#U5730#U5730#U50f9#U500b#U5225#U56e0#U7d20#U8a55#U50f9#U57fa#U6e96#U660e#U7d30#U8868#Uff08#U5e02#U50f9#U67e5#U4f30#U7528#Uff09.pdf,local_governments/tainan/evaluation_criteria/expanded/tainan_yujing_land_office_regional_individual_0753_008d44f992.pdf
local_governments/tainan/evaluation_criteria/tainan_yujing_land_office_regional_individual_factor_criteria_2015/#U7389#U4e95#U6240(104#U5e74#U4e8c#U7248)/#U7389#U4e95#U5340#Uff08#U5e02#U50f9#U67e5#U4f30#U7528#Uff09/Thumbs.db,local_governments/tainan/evaluation_criteria/expanded/tainan_yujing_land_office_regional_individual_0754_e405a9350c.db
